      ,Client Name,PIC,Quotation Out,Qty (Pcs), Amount (IDR) , Amount (USD) , Amount (AUD) , Amount ( EUR ) , Amount (SGD) , Remark ,Contact Person,Send By,Inquiry,Remark
,,,Purchase Order Received,,,,,,,,,,,
,,,Canceled Purchase Order,,,,,,,,,,,
,,,Order is on hold,,,,,,,,,,,
,2024,,,,,,,,,,,,,
,JANUARY,,,,,,,,,,,,,
1,Maya Tree Bar Sanur - Breakfast,,02/Jan/24,," IDR  69,084,000 ",,,,,,,,,
2,Micha Sanubari,,02/Jan/24,," IDR  34,800,000 ",,,,,,,,,
3,Four Season Sayan IVD,,03/Jan/24,," IDR 264,275,000 ",,,,, Received PO (25 Jan),,,,
4,Bali Radiance (Four Season Jakarta),,04/Jan/24,," IDR  41,200,000 ",,,,, Received PO (30 Jan),,,,
5,Kala Uluwatu,,04/Jan/24,," IDR  149,600,000 ",,,,, Received PO (4 Jan),,,,
6,Bokashi - Pererenan,,05/Jan/24,," IDR  1,620,000 ",,,,,,,,,
7,Bottega,,05/Jan/24,," IDR  13,750,000 ",,,,, Received PO (11 Jan),,,,
8,Suarga,,05/Jan/24,," IDR  2,250,000 ",,,,, Received PO (9 Jan),,,,
9,Bakerman,,05/Jan/24,," IDR  48,600,000 ",,,,, Received PO (9 Jan),,,,
10,Canton PIK,,05/Jan/24,," IDR  6,660,000 ",,,,, HOLD as per client request,,,,
11,Bokashi  (Teapot),,09/Jan/24,," IDR  3,600,000 ",,,,, Received PO (8 Jan),,,,
12,Pablo Longtime Restaurant,,09/Jan/24,," IDR  223,400,000 ",,,,,,,,,
13,Alila Villas Uluwatu,,09/Jan/24,," IDR  24,620,000 ",,,,,,,,,
14,Ku De Ta,,09/Jan/24,," IDR  40,200,000 ",,,,,,,,,
15,Joali Being,,09/Jan/24,,, USD  675.00 ,,,,,,,,
16,Ashley Miller USA,,09/Jan/24,,," USD  2,031.00 ",,,, Received PO (11 Jan),,,,
17,Fieldwork,,09/Jan/24,," IDR  168,200,000 ",,,,,,,,,
18,Maya Tree Bar Sanur - Breakfast Additional,,10/Jan/24,," IDR  18,354,000 ",,,,, Received PO (15 Jan),,,,
19,Raffles Bali,,10/Jan/24,," IDR  127,400,000 ",,,,,,,,,
20,La Plancha,,11/Jan/24,," IDR 22,500,000 ",,,,, Received PO (23Jan),,,,
21,Sijin (Kalpataru),,11/Jan/24,," IDR  7,840,540 ",,,,, Received PO (12 Jan),,,,
22,Sharon Frances,,11/Jan/24,," IDR  15,440,000 ",,,,, Received PO (15 Jan),,,,
23,Umalas Hotel Siganature - Celeste,,12/Jan/24,," IDR  258,360,000 ",,,,,,,,,
24,Umalas Hotel Siganature - Aroi,,12/Jan/24,," IDR  281,710,000 ",,,,,,,,,
25,Nihi Sumba (Mug),,15/Jan/24,," IDR  3,360,000 ",,,,,,,,,
26,Ritz Carlton Bali (Oil Burner),,15/Jan/24,," IDR  7,920,000 ",,,,,,,,,
27,Alila Jakarta,,15/Jan/24,," IDR  27,600,000 ",,,,,,,,,
28,MG Hotel Supplies - Ossiano,,15/Jan/24,,, USD  480.00 ,,,,,,,,
29,Indigo Seminyak ,,15/Jan/24,," IDR  8,400,000 ",,,,,,,,,
30,Ku De Ta (Teapot),,16/Jan/24,," IDR  11,340,000 ",,,,,,,,,
31,Renarte ,,16/Jan/24,,, USD  21.20 ,,,,,,,,
32,Kanvaz Patisserie,,16/Jan/24,," IDR  4,440,000 ",,,,,,,,,
33,La Brisa,,16/Jan/24,," IDR  4,560,000 ",,,,,,,,,
34,Barbacoa,,17/Jan/24,," IDR  10,000,000 ",,,,,,,,,
35,Lombok Lodge,,17/Jan/24,," IDR  61,000,000 ",,,,,,,,,
36,MG Hotel Supplies (Royal Atlantis),,17/Jan/24,,, USD  348.00 ,,,, Received PO (17Jan),,,,
37,Ayana Rock Bar ,,17/Jan/24,," IDR  204,036,250 ",,,,, Received PO (31Jan),,,,
38,Nihi Sumba - Inroom ,,18/Jan/24,," IDR  177,060,000 ",,,,,,,,,
39,Optimist Pererenan,,18/Jan/24,," IDR  161,975,000 ",,,,, Received PO (18Jan),,,,
40,La Plancha,,18/Jan/24,," IDR  22,500,000 ",,,,,,,,,
41,Umalas Hotel Siganature - Baka,,19/Jan/24,," IDR  90,600,000 ",,,,, Received PO (30 Jan),,,,
42,Ghost Panther,,19/Jan/24,," IDR  93,100,000 ",,,,,,,,,
43,Motel Mexicola (Good Stock),,19/Jan/24,," IDR  3,552,000 ",,,,,,,,,
44,Boy and Cow,,22/Jan/24,," IDR  24,600,000 ",,,,,,,,,
45,Maya Ubud - High dish,,22/Jan/24,," IDR  7,500,000 ",,,,,,,,,
46,Miss Fish ,,22/Jan/24,," IDR  15,600,000 ",,,,,,,,,
47,Suarga,,22/Jan/24,," IDR  39,850,000 ",,,,,,,,,
48,Gili Meno - Bask,,24/Jan/24,," IDR  15,750,000 ",,,,,,,,,
49,Jumierah Bali - Akasa Flame Grill,,25/Jan/24,," IDR  70,125,000 ",,,,,,,,,
50,Indigo Bintan - Ocean Kitchen,,26/Jan/24,," IDR  505,557,000 ",,,,,,,,,
51,Indigo Bintan - Satay Bar,,26/Jan/24,," IDR  141,858,000 ",,,,,,,,,
52,Indigo Bintan - Chinese Tea,,26/Jan/24,," IDR  53,937,000 ",,,,,,,,,
53,Regent Phu Quoc,,26/Jan/24,,," USD  1,632.00 ",,,,,,,,
54,Keraton,,26/Jan/24,," IDR  162,000,000 ",,,,,,,,,
55,Nusantara Ubud,,29/Jan/24,," IDR  22,250,000 ",,,,,,,,,
56,Bodas Dessert Bar,,29/Jan/24,," IDR  40,440,000 ",,,,,,,,,
49,Si Jin,,29/Jan/24,," IDR  28,500,000 ",,,,,,,,,
50,Alila Villas Uluwatu (Creamer),,29/Jan/24,," IDR  3,240,000 ",,,,,,,,,
51,Abisena - All Day Dinning (disc 5%),,30/Jan/24,," IDR  309,358,000 ",,,,,,,,,
52,Abisena - Lobby and Lounge (disc 5%),,30/Jan/24,," IDR  180,105,750 ",,,,,,,,,
53,Six Senses Kyoto - Additional (Updated),,30/Jan/24,,, USD  542.50 ,,,,,,,,
54,The Residence Maldives,,30/Jan/24,,," USD  5,020.00 ",,,,,,,,
55,Six Senses Zil Pasyon (Wooden Tag),,31/Jan/24,,, USD  650.00 ,,,,,,,,
56,Bali Good Food Catering,,31/Jan/24,," IDR  51,120,000 ",,,,,,,,,
57,The Lynx Jakarta,,31/Jan/24,," IDR  101,336,500 ",,,,,,,,,
58,Kebun Bistro,,31/Jan/24,," IDR  16,720,000 ",,,,,,,,,
59,Four Season Sayan - Western Breakfast (916),,31/Jan/24,," IDR  26,255,000 ",,,,,,,,,
60,Four Season Sayan - Western Breakfast (215),,31/Jan/24,," IDR  24,640,000 ",,,,,,,,,
61,Four Season Sayan Ayung Teras - Riverside (221),,31/Jan/24,," IDR  137,240,000 ",,,,,,,,,
62,Four Season Sayan - Western Breakfast (306),,31/Jan/24,," IDR  1,800,000 ",,,,,,,,,
,,,TOTAL,," IDR 4,694,689,040 "," USD  11,399.70 ", AUD  -   ,,,,,,,
,,,,,,,,,,,,,,
,Total PO Received,,,," IDR  2,200,766,790 "," USD  2,379.00 ",,,,,,,,
,Total PO Not Received,,,," IDR  2,493,922,250 "," USD  9,020.70 ",,,,,,,,
,,,,,,,,,,,,,,
,FEBRUARY,,,,,,,,,,,,,
1,Grand Hyatt Kuwait,,01/Feb/24,,," USD  13,440.00 ",,,,,,,,
2,Woo Bo Additional,,01/Feb/24,," IDR  11,700,000 ",,,,, Received PO 5 Feb,,,,
3,Savaya (Caf√© Kitsune),,01/Feb/24,," IDR  3,900,000 ",,,,,,,,,
4,Grand Hyatt Kuwait - Sample,,01/Feb/24,,, USD  80.00 ,,,, Received PO 5 Feb,,,,
5,Bottega (Revisi),,05/Feb/24,," IDR  37,150,000 ",,,,,,,,,
6,Amankila,,05/Feb/24,," IDR  14,095,000 ",,,,, Received PO 8 Feb,,,,
7,Abisena - Inroom and Amenities (Disc 5%),,06/Feb/24,," IDR  151,382,500 ",,,,, Received PO 7 Feb,,,,
8,Sindalah Island - Autograph Collection ADD,,06/Feb/24,,," USD  75,541.20 ",,,,,,,,
9,Sindalah Island  - Autograph Collection IRD (Fruit Bowl),,06/Feb/24,,," USD  15,140.00 ",,,,,,,,
10,Sindalah Island - Autograph Collection IRD,,06/Feb/24,,," USD  36,705.00 ",,,,,,,,
11,Sindalah Island - Autograph Collection Meeting & Boardroom,,06/Feb/24,,," USD  32,374.80 ",,,,,,,,
12,Sindalah Island - Autograph Collection Pool Bar & Restaurant,,06/Feb/24,,," USD  38,505.00 ",,,,,,,,
13,Sindalah Island - Autograph Collection Specialty Restaurant,,06/Feb/24,,," USD  44,386.00 ",,,,,,,,
14,Sindalah Island - Luxury Collection Hotel ADD,,06/Feb/24,,," USD  82,200.00 ",,,,,,,,
15,Sindalah Island -  Luxury Collection Hotel PoolBar & Restaurant,,06/Feb/24,,," USD  27,810.00 ",,,,,,,,
16,Sindalah Island -  Luxury Collection Hotel Speciality Restaurant,,06/Feb/24,,," USD  73,200.00 ",,,,,,,,
17,Double tree by hilton ,,06/Feb/24,," IDR  19,760,000 ",,,,,,,,,
18,Mimpi Resort Menjangan,,07/Feb/24,," IDR  38,880,000 ",,,,,,,,,
19,Mamasan (Good Stock),,07/Feb/24,," IDR  2,149,200 ",,,,,,,,,
20,Langham The Tom's,,08/Feb/24,," IDR  37,000,000 ",,,,,,,,,
21,Micha Sanubari,,08/Feb/24,," IDR  6,750,000 ",,,,,,,,,
22,Three Monkeys Sanur,,08/Feb/24,," IDR  15,170,000 ",,,,,,,,,
23,Nusa Dua Beach - Additional,,08/Feb/24,," IDR  9,900,000 ",,,,,,,,,
24,Ayana Rimba (Toge),,12/Feb/24,," IDR  50,500,000 ",,,,,,,,,
25,Bali Radiance - Four Season Jimbaran,,12/Feb/24,," IDR  110,000,000 ",,,,,,,,,
26,Nusa Penida Beach Resort - Restaurant,,12/Feb/24,," IDR  390,840,000 ",,,,,,,,,
27,Nusa Penida Beach Resort - Inroom,,12/Feb/24,," IDR  44,780,000 ",,,,,,,,,
28,"Indigo Oman - SPA, Additional, Inroom",,12/Feb/24,,," USD  43,392.50 ",,,,,,,,
29,Alila Villas Uluwatu - Creamer,,13/Feb/24,," IDR  4,860,000 ",,,,,,,,,
30,Ayana After Rock (Organic Plate),,13/Feb/24,," IDR  45,000,000 ",,,,,,,,,
31,Balcony ,,15/Feb/24,," IDR  76,418,000 ",,,,,,,,,
32,Blanche Bistro,,15/Feb/24,," IDR  18,000,000 ",,,,,,,,,
33,Pablo Longtime Restaurant - Additional,,16/Feb/24,," IDR  9,060,000 ",,,,,,,,,
34,Ayana Dava (Bento Box),,16/Feb/24,," IDR  50,600,000 ",,,,,,,,,
35,Omma Bali ,,16/Feb/24,," IDR  136,562,500 ",,,,,,,,,
36,Alilla Seminyak Sea Salt - Beach Bar,,19/Feb/24,," IDR  209,500,000 ",,,,,,,,,
37,Alila Seminyak Sea Salt - Breakfast & Lunch,,19/Feb/24,," IDR  293,250,000 ",,,,,,,,,
38,Alila Seminyak Sea Salt - Dinner,,19/Feb/24,," IDR  176,800,000 ",,,,,,,,,
39,Alila Seminyak Sea Salt - Seafood Buffet,,19/Feb/24,," IDR  36,205,000 ",,,,,,,,,
40,Wolf Gang Puck,,19/Feb/24,," IDR  90,200,000 ",,,,,,,,,
41,Nihi Rote,,19/Feb/24,," IDR  35,950,000 ",,,,,,,,,
42,Moon Bear - SAMPLE,,19/Feb/24,,, USD  173.00 ,,,,,,,,
43,Six Senses Morocco,,20/Feb/24,,," USD  23,680.50 ",,,,,,,,
44,Le Meridien Jakarta,,21/Feb/24,," IDR  738,500,000 ",,,,,,,,,
45,Bvlgari,,21/Feb/24,," IDR  36,280,500 ",,,,,,,,,
46,Ritz Carlton Bahrain - Cantina Kahlo,,21/Feb/24,,," USD  33,260.00 ",,,,,,,,
47,GAB's Gastro Bar,,21/Feb/24,," IDR  201,627,000 ",,,,,,,,,
48,Raffles Singapore,,21/Feb/24,,," USD  11,916.00 ",,,,,,,,
49,Chroma Hospitality inroom,,22/Feb/24,,," USD  9,500.00 ",,,,,,,,
50,Jean Louis Leon - Steak Restaurant,,22/Feb/24,,," USD  4,652.50 ",,,,,,,,
51,Ibu Ming (Elaine),,26/Feb/24,," IDR  32,970,000 ",,,,,,,,,
52,Raffles Bali,,26/Feb/24,," IDR  108,965,000 ",,,,,,,,,
53,Shelter Pererenan,,26/Feb/24,," IDR  92,100,000 ",,,,,,,,,
54,Shelter Pererenan - Additional ,,26/Feb/24,," IDR  34,500,000 ",,,,,,,,,
55,Bawah Reserve,,26/Feb/24,," IDR  38,000,000 ",,,,,,,,,
56,Renarte General Trading LLC,,26/Feb/24,,," USD  5,010.00 ",,,,,,,,
,,,,,,,,,,,,,,
25,Capella Resort Singapore - Fiamma Restaurant,,27/Feb/24,,," USD  1,480.00 ",,,,,,,,
26,Kaia Restaurant ,,27/Feb/24,," IDR  27,960,000 ",,,,,,,,,
27,Drifter,,27/Feb/24,," IDR  112,400,000 ",,,,,,,,,
28,Nawa Laboan Bajo - All Day Dinning Option 1 ,,27/Feb/24,," IDR  468,200,000 ",,,,,,,,,
29,Nawa Laboan Bajo - All Day Dinning Option 2,,27/Feb/24,," IDR  418,420,000 ",,,,,,,,,
30,Nawa Laboan Bajo - Ibu Tuti,,27/Feb/24,," IDR  81,660,000 ",,,,,,,,,
,,,,,,,,,,,,,,
,,,TOTAL,," IDR 4,517,944,700 "," USD  572,446.50 ", AUD  -   ,,,,,,,
,,,,,,,,,,,,,,
,Total PO Received,,,," IDR  1,483,608,000 "," USD  4,732.50 ",,,,,,,,
,Total PO Not Received,,,," IDR  3,076,716,200 "," USD  567,714.00 ",,,,,,,,
,,,,,,,,,,,,,,
,MARCH,,,,,,,,,,,,,
1,Eden - Additional,,01/Mar/24,," IDR  40,920,000 ",,,,,,,,,
2,Ibu Ming (Elaine),,01/Mar/24,," IDR  35,590,000 ",,,,,,,,,
3,Raffles Hotel Singapore,,01/Mar/24,,," USD  3,512.40 ",,,,,,,,
4,Intercontinental Bandung,,05/Mar/24,," IDR  86,592,000 ",,,,,,,,,
5,Buzo Salazon (Will Meyrick),,06/Mar/24,," IDR  69,800,000 ",,,,,,,,,
6,Grand Hyatt Jakarta (Handle Teapot),,06/Mar/24,," IDR  840,000 ",,,,,,,,,
7,Nawa Laboan Bajo - Bathroom amenities,,07/Mar/24,," IDR  335,360,000 ",,,,,,,,,
8,Shelter Canggu,,08/Mar/24,," IDR  174,139,750 ",,,,,,,,,
9,Shelter Pererenan,,08/Mar/24,," IDR  10,025,000 ",,,,,,,,,
10,Little Lane,,13/Mar/24,," IDR  210,460,000 ",,,,,,,,,
11,Milk and Madu - Uluwatu,,13/Mar/24,," IDR  69,550,000 ",,,,,,,,,
12,Four Season Jakarta SPA - Additional,,13/Mar/24,," IDR  17,610,000 ",,,,,,,,,
13,Ritz Carlton Bahrain Cantina Kahlo,,13/Mar/24,,," USD  12,335.00 ",,,,,,,,
14,Ritz Carlton Bahrain Cantina Kahlo - Additional,,13/Mar/24,,," USD  2,800.00 ",,,,,,,,
15,Hilton Bali,,14/Mar/24,," IDR  427,600,000 ",,,,,,,,,
16,Ritz Carlton Mega Kuningan,,15/Mar/24,," IDR  56,400,000 ",,,,,,,,,
17,Pan Pasicif (Park Royal) - Keyaki,,15/Mar/24,," IDR  809,922,500 ",,,,,,,,,
18,Shelter - Salt and pepper,,15/Mar/24,," IDR  3,300,000 ",,,,,,,,,
19,Mandai Rainforest Resort - ADD,,18/Mar/24,,," USD  19,900.00 ",,,,,,,,
20,Mandai Rainforest Resort - Inroom,,18/Mar/24,,,,,,,,,,,
21,Raffles Hotel Singapore,,19/Mar/24,,, USD  772.50 ,,,,,,,,
22,Milk and Madu Berawa,,20/Mar/24,," IDR  24,775,000 ",,,,,,,,,
23,Milk and Madu Beach Road,,20/Mar/24,," IDR  38,275,000 ",,,,,,,,,
24,Milk and Madu Ubud,,20/Mar/24,," IDR  6,720,000 ",,,,,,,,,
25,Ulekan,,20/Mar/24,," IDR  10,980,000 ",,,,,,,,,
26,PT Indoguna RnB Steak,,20/Mar/24,," IDR  15,770,000 ",,,,,,,,,
27,Nawa Laboan Bajo - Beach Restaurant,,20/Mar/24,," IDR  106,075,000 ",,,,,,,,,
28,Alila Seminyak ,,20/Mar/24,," IDR  15,050,000 ",,,,,,,,,
29,Nihi Sumba,,20/Mar/24,," IDR  7,000,000 ",,,,,,,,,
30,Hujan Locale ,,21/Mar/24,," IDR  5,280,000 ",,,,,,,,,
31,Marriot Hotel Tblisi,,22/Mar/24,,," USD  58,723.50 ",,,,,,,,
32,Mason Uluwatu,,25/Mar/24,," IDR  7,080,000 ",,,,,,,,,
33,La Favella,,25/Mar/24,," IDR  68,225,000 ",,,,,,,,,
34,Raffles Hotel Singapore (Courtyard),,25/Mar/24,,," USD  20,213.00 ",,,,,,,,
35,Rosewood Doha - Grab & Go,,25/Mar/24,,," USD  27,720.00 ",,,,,,,,
36,Capella Sydney Brasserie,,26/Mar/24,,," USD  10,125.00 ",,,,,,,,
37,Simon & Sons,,27/Mar/24,," IDR  101,620,000 ",,,,,,,,,
38,Bokashi Pererenan (Coupe Bowl),,27/Mar/24,," IDR  8,400,000 ",,,,,,,,,
39,Revolver Umalas,,27/Mar/24,," IDR  65,950,000 ",,,,,,,,,
40,Ayana Rimba (Dava),,28/Mar/24,," IDR  127,775,000 ",,,,,,,,,
41,The Lemon Tree Curcao - Momo Restaurant,,28/Mar/24,," IDR 368,600,000 ",,,,,,,,,
42,The Lemon Tree Curcao - Chef's Table,,28/Mar/24,," IDR 436,850,000 ",,,,,,,,,
43,Pablo Long Time Restaurant (Oval Plate),,29/Mar/24,," IDR 5,600,000 ",,,,,,,,,
44,Mandara Spa ,,29/Mar/24,," IDR 19,500,000 ",,,,,,,,,
45,BGS,,29/Mar/24,," IDR 5,520,000 ",,,,,,,,,
46,Waldorf Astoria Maldives - The Ledge & Destination,,29/Mar/24,,," USD  16,010.00 ",,,,,,,,
,,,,,,,,,,,,,,
,,,TOTAL,," IDR 3,793,154,250 "," USD  172,111.40 ", AUD  -   ,,,,,,,
,,,,,,,,,,,,,,
,Total PO Received,,,," IDR  2,026,597,250 ",,,,,,,,,
,Total PO Not Received,,,," IDR  1,766,557,000 "," USD  172,111.40 ",,,,,,,,
,,,,,,,,,,,,,,
,APRIL,,,,,,,,,,,,,
1,Bibich Restaurant ,,01/Apr/24,,," USD  10,890.00 ",,,,,,,,
2,Yawara,,01/Apr/24,," IDR 267,990,000 ",,,,,,,,,
3,Alila Villas Uluwatu,,02/Apr/24,," IDR  17,400,000 ",,,,,,,,,
4,The Apurva Kempinski Bali - Selasar,,04/Apr/24,," IDR  43,560,000 ",,,,,,,,,
5,The Apurva Kempinski Bali - Reef ,,04/Apr/24,," IDR  53,283,000 ",,,,,,,,,
6,The Apurva Kempinski Bali - Koral,,04/Apr/24,," IDR  49,491,000 ",,,,,,,,,
7,The Apurva Kempinski Bali - Oku,,04/Apr/24,," IDR  45,960,000 ",,,,,,,,,
8,The Damai Hotel,,04/Apr/24,," IDR  27,990,000 ",,,,,,,,,
9,The Westin Nusa Dua (Cup and Saucer),,04/Apr/24,," IDR  33,000,000 ",,,,,,,,,
10,Capella Sydney Braserrie,,05/Apr/24,,," USD  10,065.00 ",,,,,,,,
11,Sonia,,05/Apr/24,,," USD  1,308.34 ",,,,,,,,
12,Patina Maldives - HK (Teapot),,09/Apr/24,,, USD  900.00 ,,,,,,,,
13,Waldorf Astoria Maldives Ithaafushi - In Villa Dining,,12/Apr/24,,," USD  2,166.00 ",,,,,,,,
14,Mamasan,,12/Apr/24,," IDR  22,800,000 ",,,,,,,,,
15,Billy Ho,,16/Apr/24,," IDR  5,880,000 ",,,,,,,,,
16,Seniman Coffee,,19/Apr/24,," IDR  3,840,000 ",,,,,,,,,
17,Mason Uluwatu,,19/Apr/24,," IDR  20,400,000 ",,,,,,,,,
18,Ayana Bento Box Sample,,19/Apr/24,," IDR  1,265,000 ",,,,,,,,,
19,The Apurva Kempinski Bali - Selasar Additional,,22/Apr/24,," IDR  1,638,750 ",,,,,,,,,
20,The Apurva Kempinski Bali - Reef Additional,,22/Apr/24,," IDR  5,000,800 ",,,,,,,,,
21,The Apurva Kempinski Bali - Oku Additional,,22/Apr/24,," IDR  34,452,000 ",,,,,,,,,
22,The Apurva Kempinski Bali - Koral Additional,,22/Apr/24,," IDR  36,565,500 ",,,,,,,,,
23,The Sourcing Bali,,22/Apr/24,," IDR  176,400,000 ",,,,,,,,,
24,Mamasan,,22/Apr/24,," IDR  7,740,000 ",,,,,,,,,
25,Expat,,22/Apr/24,," IDR 58,618,800 ",,,,,,,,,
26,Mimosa - Regent Phuquoc,,22/Apr/24,,," USD  1,230.00 ",,,,,,,,
27,Six Senses Saudi Dunes - Inroom,,22/Apr/24,,, USD  412.50 ,,,,,,,,
28,W Hotel Palm Jumeirah ,,22/Apr/24,,," USD  10,000.00 ",,,,,,,,
29,Michael Lorenti - Personal Order,,12/Apr/24,," IDR  43,680,000 ",,,,,,,,,
30,Michael Lorenti - Decorative,,12/Apr/24,," IDR  62,408,000 ",,,,,,,,,
31,Angela,,24/Apr/24,,," USD  9,972.00 ",,,,,,,,
32,Wakatobi ,,24/Apr/24,," IDR  1,440,000 ",,,,,,,,,
33,Maya Tree Bar Sanur,,24/Apr/24,," IDR  5,500,000 ",,,,,,,,,
34,Maya Tree Bar Ubud,,24/Apr/24,," IDR  26,750,000 ",,,,,,,,,
35,Ce La Vi,,26/Apr/24,,, USD  500.00 ,,,,,,,,
37,Ismaya Jakarta Skye,,29/Apr/24,," IDR  6,120,000 ",,,,,,,,,
,,,,,,,,,,,,,,
,,,TOTAL,," IDR 1,059,172,850 "," USD  47,443.84 ", AUD  -   ,,,,,,,
,,,,,,,,,,,,,,
,Total PO Received,,,," IDR  746,809,850 "," USD  10,965.00 ",,,,,,,,
,Total PO Not Received,,,," IDR  312,363,000 ",#REF!,,,,,,,,
,,,,,,,,,,,,,,
,MAY'2024,,,,,,,,,,,,,
1,Flores Runaway,,03/May/24,," IDR  21,960,000 ",,,,,,,,,
2,Abisena All Day Dining,,03/May/24,," IDR  105,903,000 ",,,,,,,,,
3,KuDeTa,,03/May/24,," IDR  30,300,000 ",,,,,,,,,
4,Optimist Pererenan,,06/May/24,," IDR 38,665,000 ",,,,,,,,,
5,Nam Heong,,06/May/24,," IDR  19,440,000 ",,,,,,,,,
6,Alila Villas Uluwatu - Sauce dish,,07/May/24,," IDR  15,750,000 ",,,,,,,,,
7,Fairmont Jakarta,,07/May/24,," IDR  307,500,000 ",,,,,,,,,
8,Sushi Tei Bandung,,08/May/24,," IDR  18,000,000 ",,,,,,,,,
9,Six Sense Fiji - Pump only,,08/May/24,,," USD  1,100.00 ",,,,,,,,
10,Mamasan,,08/May/24,," IDR  6,360,000 ",,,,,,,,,
11,Potato Head,,08/May/24,," IDR  101,600,000 ",,,,,,,,,
12,R&B Steak Palembang,,09/May/24,," IDR  23,220,000 ",,,,,,,,,
13,Miss Fish Bali -Teapot,,09/May/24,," IDR  15,000,000 ",,,,,,,,,
14,The Laguna Hotel Bali,,09/May/24,," IDR  22,000,000 ",,,,,,,,,
15,Suarga (Defuser),,13/May/24,," IDR  9,250,000 ",,,,,,,,,
16,Janice Wong Singapore,,13/May/24,,," USD  5,230.00 ",,,,,,,,
17,Eliza Bonosusatya - Personal Order,,13/May/24,," IDR  31,350,000 ",,,,,,,,,
18,Budi Susanti - Personal Order,,13/May/24,," IDR  10,500,000 ",,,,,,,,,
19,Nae Um Singapore,,13/May/24,,, USD  500.00 ,,,,,,,,
20,Four Season Sayan SPA,,13/May/24,," IDR  184,010,000 ",,,,,,,,,
21,Four Season Langkawi,,13/May/24,,," USD  10,098.00 ",,,,,,,,
22,Samanvaya,,13/May/24,," IDR  49,350,000 ",,,,,,,,,
23,Mozaic Ubud,,13/May/24,," IDR 49,970,000 ",,,,,,,,,
24,Motel Mexicola Seminyak - New Range,,16/May/24,," IDR  225,800,000 ",,,,,,,,,
25,Motel Mexicola Canggu,,16/May/24,," IDR  27,150,000 ",,,,,,,,,
26,Michael Lorenti - Additional,,16/May/24,," IDR  3,450,000 ",,,,,,,,,
27,Shelter Pererenan - Saucer ,,16/May/24,," IDR  1,750,000 ",,,,,,,,,
28,Shelter Canggu - Saucer,,16/May/24,," IDR  1,750,000 ",,,,,,,,,
29,Six Senses Istanbul,,16/May/24,,," USD  1,750.00 ",,,,,,,,
30,Capella Singapore - Creamer,,17/May/24,,, USD  400.00 ,,,,,,,,
31,Bokashi Berawa,,21/May/24,," IDR  16,320,000 ",,,,,,,,,
32,Ayana Karang Restaurant (sample),,21/May/24,," IDR  13,860,000 ",,,,,,,,,
33,The Kemilau ,,21/May/24,," IDR  15,840,000 ",,,,,,,,,
34,Ismaya Jakarta - Charcoal,,21/May/24,," IDR  3,800,000 ",,,,,,,,,
35,Luna Beach Hotel - Chopstick,,21/May/24,," IDR  15,000,000 ",,,,,,,,,
36,Motel Mexicola - BnB Plate,,21/May/24,," IDR  15,000,000 ",,,,,,,,,
37,Indigo Bintan Chinese Additional,,21/May/24,," IDR 105,030,000 ",,,,,,,,,
38,Luxury Collection Lombok,,22/May/24,," IDR  182,400,000 ",,,,,,,,,
39,Arna Beach Glamping ,,22/May/24,," IDR  89,880,000 ",,,,,,,,,
40,Jeffrey Grimes,,22/May/24,,," USD  2,633.00 ",,,,,,,,
41,Le Royal Meridien,,24/May/24,,, USD  750.00 ,,,,,,,,
43,Jeffrey Grimes,,24/May/24,,," USD  2,673.00 ",,,,,,,,
44,The Westin Nusa Dua (Hamabe),,28/May/24,," IDR  51,600,000 ",,,,,,,,,
45,Akira Back Bangkok,,28/May/24,,," USD  5,040.00 ",,,,,,,,
46,Santanera,,28/May/24,," IDR  22,080,000 ",,,,,,,,,
47,La Brisa,,28/May/24,," IDR  41,200,000 ",,,,,,,,,
48,Revolver Airport International,,28/May/24,," IDR  47,110,000 ",,,,,,,,,
49,Dine and Chat Jambi,,28/May/24,," IDR  69,600,000 ",,,,,,,,,
50,Wolf Gang Puck Sample,,28/May/24,," IDR  635,000 ",,,,,,,,,
,,,,,,,,,,,,,,
52,Regent Canggu Ashtray,,29/May/24,," IDR  10,800,000 ",,,,,,,,,
53,Optimist Pererenan - Additional,,30/May/24,," IDR  38,665,000 ",,,,,,,,,
54,Nihi Sumba - Butter Dish,,31/May/24,," IDR  15,300,000 ",,,,,,,,,
55,Pablo Longtime Restaurant - Cup,,31/May/24,," IDR  9,750,000 ",,,,,,,,,
56,Joyce and Ralph,,31/May/24,," IDR  165,632,500 ",,,,,,,,,
,,,,,,,,,,,,,,
,,,,,,,,,,,,,,
,,,TOTAL,," IDR 2,249,530,500 "," USD  30,174.00 ", AUD  -   ,,,,,,,
,,,,,,,,,,,,,,
,Total PO Received,,,," IDR  1,216,795,000 "," USD  17,004.00 ",,,,,,,,
,Total PO Not Received,,,," IDR  1,032,735,500 "," USD  13,170.00 ",,,,,,,,
,,,,,,,,,,,,,,
,JUNE'2024,,,,,,,,,,,,,
1,Nusantara Ubud,,05/Jun/24,," IDR 23,302,000 ",,,,,,,,,
2,The Royal Purnama ,,05/Jun/24,," IDR 21,480,000 ",,,,,,,,,
3,Padma Ubud,,05/Jun/24,," IDR  15,000,000 ",,,,,,,,,
4,Rosewood Doha ,,05/Jun/24,,," USD  9,425.00 ",,,,,,,,
5,MG Hotel Supplies - Wok Plate,,05/Jun/24,,," USD  1,482.00 ",,,,,,,,
6,Luxury Collection Laboan Bajo - Tiffin Box,,05/Jun/24,," IDR  48,800,000 ",,,,,,,,,
7,Bvlgary,,05/Jun/24,," IDR  111,750,000 ",,,,,,,,,
8,Da Maria,,05/Jun/24,," IDR  248,200,000 ",,,,,,,,,
9,Nihi Sumba ,,07/Jun/24,," IDR  21,720,000 ",,,,,,,,,
10,Bali Dorm Villas - Joyce & Ralph,,10/Jun/24,," IDR 128,782,000 ",,,,,,,,,
11,Four Season Jimbaran SPA,,10/Jun/24,," IDR  30,840,000 ",,,,,,,,,
12,Wrong Gym,,10/Jun/24,," IDR  15,000,000 ",,,,,,,,,
13,Joali Maldives - In Villa Dining (03197),,10/Jun/24,,," USD  7,686.00 ",,,,,,,,
15,Kipo Thailand,,10/Jun/24,,," USD  36,126.00 ",,,,,,,,
16,The Meru Sanur - Decorative,,10/Jun/24,," IDR  245,580,000 ",,,,,,,,,
17,Andaz Bali,,11/Jun/24,," IDR  10,000,000 ",,,,,,,,,
18,Milk Bar ,,14/Jun/24,," IDR  6,360,000 ",,,,,,,,,
19,Kiros Hospitality,,14/Jun/24,,," USD  7,141.00 ",,,,,,,,
20,Da Maria - Sample,,17/Jun/24,," IDR  1,890,000 ",,,,,,,,,
,,,,,,,,,,,,,,
22,Ritz Carlton Maldives Decorative,,17/Jun/24,,," USD  1,637.50 ",,,,,,,,
23,Nihi Rote,,17/Jun/24,," IDR  33,200,000 ",,,,,,,,,
24,Andaz Bali (Creamer),,19/Jun/24,," IDR  15,000,000 ",,,,,,,,,
25,Six Sense Residence London,,19/Jun/24,,," USD  1,500.00 ",,,,,,,,
,,,,,,,,,,,,,,
27,Six Sense Belize MUR,,19/Jun/24,,, USD  215.50 ,,,,,,,,
28,Hujan Locale,,24/Jun/24,," IDR  15,300,000 ",,,,,,,,,
29,Ritz Carlton Bali Bejana,,24/Jun/24,," IDR  51,500,000 ",,,,,,,,,
30,Ritz Carlton Bali Beach Grill,,24/Jun/24,," IDR  63,500,000 ",,,,,,,,,
,,,,,,,,,,,,,,
,,,,,,,,,,,,,,
,,,,,,,,,,,,,,
,,,,,,,,,,,,,,
,,,TOTAL,," IDR 1,107,204,000 "," USD  65,213.00 ", AUD  -   ,,,,,,,
,,,,,,,,,,,,,,
,Total PO Received,,,," IDR  191,814,000 "," USD  9,168.00 ",,,,,,,,
,Total PO Not Received,,,," IDR  915,390,000 "," USD  56,045.00 ",,,,,,,,
,,,,,,,,,,,,,,
,JULY'2024,,,,,,,,,,,,,
1,Regent Canggu Inroom Self Decoration - Bedroom Suites,,01/Jul/24,," IDR  284,359,000 ",,,,,,,,,
2,Regent Canggu Inroom Self Decoration - Studio Suites,,01/Jul/24,," IDR  175,023,500 ",,,,,,,,,
3,Six Senses Residence London,,01/Jul/24,,," USD  1,651.00 ",,,,,,,,
4,The Meru Decorative,,01/Jul/24,," IDR  376,620,000 ",,,,,,,,,
5,Capella Taipe,,01/Jul/24,,," USD  28,955.00 ",,,,,,,,
6,Simon & Son's SAMPLE,,01/Jul/24,," IDR  4,460,000 ",,,,,,,,,
7,Jumeirah Bali (Teapot),,02/Jul/24,," IDR  37,000,000 ",,,,,,,,,
8,BGS - Saucer,,02/Jul/24,," IDR  3,600,000 ",,,,,,,,,
9,Maya Sanur,,03/Jul/24,," IDR  6,000,000 ",,,,,,,,,
10,Tanadewa,,05/Jul/24,," IDR 38,520,000 ",,,,,,,,,
11,Nihi Sumba,,11/Jul/24,," IDR  398,829,000 ",,,,,,,,,
12,Mactan Seascapes Services (Filinvest),,11/Jul/24,,," USD  23,873.88 ",,,,,,,,
13,Joali Being,,11/Jul/24,,, USD  744.00 ,,,,,,,,
14,Mexicola Seminyak,,11/Jul/24,," IDR  9,250,000 ",,,,,,,,,
15,Bokashi (Incense Holder),,12/Jul/24,," IDR  2,850,000 ",,,,,,,,,
16,Ku De Ta,,12/Jul/24,," IDR  15,200,000 ",,,,,,,,,
17,Ruma Manis,,12/Jul/24,,," USD  15,018.00 ",,,,,,,,
18,Banyan Tree,,15/Jul/24,," IDR  48,450,000 ",,,,,,,,,
19,Nusa Dua Beach Hotel Additional,,15/Jul/24,," IDR  64,200,000 ",,,,,,,,,
20,Riviera Pererenan Cup,,15/Jul/24,," IDR  5,670,000 ",,,,,,,,,
21,Riviera Pererenan Peanut Bowl,,15/Jul/24,," IDR  1,200,000 ",,,,,,,,,
22,Billy Ho,,15/Jul/24,," IDR  3,300,000 ",,,,,,,,,
23,Alila Villas Uluwatu Cire,,15/Jul/24,," IDR  256,319,500 ",,,,,,,,,
24,The Westin Nusa Dua - Ikan Restaurant,,15/Jul/24,," IDR  42,379,500 ",,,,,,,,,
25,Ismaya Social Garden,,22/Jul/24,,,,,,,,,,,
26,Ritz Carlton Maldives Lalaconda,,22/Jul/24,,," USD  4,440.00 ",,,,,,,,
27,Ritz Carlton Maldives Beach Shack,,22/Jul/24,,, USD  555.00 ,,,,,,,,
28,Ritz Carlton Maldives Arabasque,,22/Jul/24,,, USD  990.00 ,,,,,,,,
29,Ritz Carlton Maldives Summer Pavillion,,22/Jul/24,,," USD  1,875.00 ",,,,,,,,
30,Ritz Carlton Maldives Iwau Japanese ,,22/Jul/24,,," USD  1,905.00 ",,,,,,,,
31,Monokuro,,23/Jul/24,," IDR  15,300,000 ",,,,,,,,,
32,La Plancha (New Cup),,24/Jul/24,," IDR  17,760,000 ",,,,,,,,,
33,Park Hyatt Jakarta ,,24/Jul/24,," IDR  14,950,000 ",,,,,,,,,
34,Shelter Seminyak,,24/Jul/24,," IDR  15,050,000 ",,,,,,,,,
35,Patina Maldives,,29/Jul/24,,," USD  7,800.00 ",,,,,,,,
36,Begawan Restaurant ,,29/Jul/24,," IDR  32,300,000 ",,,,,,,,,
37,Waterbom (Cup),,29/Jul/24,," IDR  21,120,000 ",,,,,,,,,
38,The Edge (cone),,29/Jul/24,," IDR  15,300,000 ",,,,,,,,,
39,Raffles Bahrain,,29/Jul/24,,," USD  142,480.00 ",,,,,,,,
40,Grand Melia Bali,,29/Jul/24,," IDR  320,710,000 ",,,,,,,,,
41,Nihi Rote Sardine,,29/Jul/24,," IDR  158,760,000 ",,,,,,,,,
,,,,,,,,,,,,,,
,,,,,,,,,,,,,,
,,,,,,,,,,,,,,
,,,,,,,,,,,,,,
,,,,,,,,,,,,,,
,,,TOTAL,," IDR 2,384,480,500 "," USD  230,286.88 ", AUD  -   ,,,,,,,
,,,,,,,,,,,,,,
,Total PO Received,,,," IDR  843,671,500 "," USD  25,524.88 ",,,,,,,,
,Total PO Not Received,,,," IDR  1,540,809,000 "," USD  204,762.00 ",,,,,,,,
,,,,,,,,,,,,,,
,AUGUST'24,,,,,,,,,,,,,
1,Regent Canggu TIKI,Roy,01/Aug/24,," IDR  32,400,000 ",,,,,,,,,
2,Regent Canggu Ashtray,Roy,01/Aug/24,," IDR  39,600,000 ",,,,,,,,,
3,Ayana Sami Sami Restaurant,Roy,06/Aug/24,," IDR  472,020,000 ",,,,,,,,,
4,Indigo Seminyak ,Sarah,07/Aug/24,," IDR  87,240,000 ",,,,, PO Received,,,,
5,Nihi Rote,Sarah,07/Aug/24,," IDR  (159,348,250)",,,,,,,,,
6,Viktoria Forina,Sarah,07/Aug/24,," IDR  (142,125,000)",,,,,,,,,
7,Mari Beach Club,Roy,08/Aug/24,," IDR  228,200,000 ",,,,,,,,,
8,Six Sense Belize,Roy,08/Aug/24,,," USD  23,275.00 ",,,,,,,,
9,Age Butcher Bali,Roy,08/Aug/24,," IDR 137,910,000 ",,,,, PO Received,,,,
10,25 Hours Hotel COPPA,Roy,08/Aug/24,," IDR  380,800,000 ",,,,,,,,,
11,25 Hours Hotel ODDBIRD,Roy,08/Aug/24,," IDR  146,250,000 ",,,,,,,,,
12,Shelter Cocktail Range,Sarah,09/Aug/24,," IDR 21,000,000 ",,,,, PO Received,,,,
13,La Favella (Side Plate),Sarah/Pryanka,09/Aug/24,," IDR  16,500,000 ",,,,,,,,,
14,The Cave,Roy,09/Aug/24,," IDR  3,350,000 ",,,,, PO Received,,,,
15,Mimosa XIN GIA NCC,Nadia,09/Aug/24,,," USD  3,300.00 ",,,,,,,,
16,Silolona,Nadia,09/Aug/24,," IDR  100,560,000 ",,,,,,,,,
17,Four Season Sayan,Sarah/Pryanka,12/Aug/24,," IDR  30,900,000 ",,,,,,,,,
18,Six Sense London Bamboo SPA (Additional),Roy,12/Aug/24,,," USD  7,597.00 ",,,,,,,,
19,Filinvest (Vase),Sarah/Pryanka,13/Aug/24,,," USD  2,688.50 ",,,,,,,,
20,Zi Biru,Roy,13/Aug/24,," IDR  35,190,000 ",,,,,,,,,
21,Nihi Sumba (Sugar Container),Sarah/Pryanka,14/Aug/24,," IDR  15,200,000 ",,,,,,,,,
22,Alila Jakarta,Sarah/Pryanka,14/Aug/24,," IDR  27,600,000 ",,,,, Followed up per 03 Oct,Pak Iyus - Purchasing,Sarah,,
23,Expat ,Sarah/Pryanka,14/Aug/24,," IDR 258,550,000 ",,,,, PO Received,,,,
24,Ayana After Rock ,Roy,14/Aug/24,," IDR  13,900,000 ",,,,, PO Received,,,,
25,Kafe Ubud,Pryanka,14/Aug/24,," IDR  15,375,000 ",,,,,Hold (update per 3 Oct),,Pryanka,,
26,Kebun Bistro,Pryanka,14/Aug/24,," IDR  15,600,000 ",,,,,Hold (update per 3 Oct),,Pryanka,,
27,Bali Radiance,Roy/Pryanka,20/Aug/24,," IDR  20,000,000 ",,,,, PO Received,,,,
28,Six Sense Uluwatu,Pryanka,21/Aug/24,," IDR  15,730,000 ",,,,,"Followed up per 30 August

Client said our prices doesn't inline with their budget (update 11 Sept)",,Pryanka,,
29,Nihi Sumba (Espresso cup brown engobe),Pryanka,21/Aug/24,," IDR  15,675,000 ",,,,,Followed up per 30 August,Pak Nyoman - Purchasing,Pryanka,,
30,Samabe Luxury Resort,Pryanka,21/Aug/24,," IDR  15,840,000 ",,,,,"Purchasing Samabe still seeking approval to user 
(update 30Augus)
Followed up per 03 Oct",Ibu Jeje - Purchasing,Pryanka,,
31,Four Season Sayan Ayung Teras,Sarah/Pryanka,21/Aug/24,," IDR  39,240,000 ",,,,, PO Received,,Pryanka,,
32,Four Season Jimbaran Sundara,Roy/Pryanka,21/Aug/24,," IDR  131,290,000 ",,,,, PO Received,,Pryanka,,
33,The Apurva Kempinski Bali Koral,Nadia,21/Aug/24,," IDR  96,150,000 ",,,,,,,,,
34,The Apurva Kempinski Bali Koral (SAMPLE),Nadia,21/Aug/24,," IDR  3,540,000 ",,,,,,,,,
35,Nusa Dua Beach Hotel (new order),Roy,21/Aug/24,," IDR  43,350,000 ",,,,, PO Received,,Pryanka,,
36,Mana Uluwatu ,Pryanka,22/Aug/24,," IDR  21,250,000 ",,,,, PO Received,,Pryanka,,
37,La Brisa,Pryanka,22/Aug/24,," IDR  15,120,000 ",,,,,,,,,
38,Ayana Rock Bar,Sarah/Pryanka,26/Aug/24,," IDR  216,006,250 ",,,,, PO Received,,Pryanka,,
39,Ritz Carlton Nusa Dua - Inroom,Pryanka,26/Aug/24,," IDR  52,650,000 ",,,,,"Followed up per 30 August
Followed up per 02 Oct",Pak Zainal - Purchasing,Pryanka,,
40,MG Hotel Supplies LLC ,Nadia,27/Aug/24,,," USD  5,000.00 ",,,,,,,,
41,The Residence Maldives,Pryanka,27/Aug/24,,," USD  5,124.50 ",,,, Followed up per 03 Sept,,,,
42,Jumeirah Bali (Creamer),Pryanka,27/Aug/24,," IDR  8,000,000 ",,,,, Followed up per 03 Oct,,,,
43,Sardine,Roy/Pryanka,27/Aug/24,," IDR  15,870,000 ",,,,,PO Received,,Pryanka,,
44,Nihi Sumba (Espresso cup line pattern),Pryanka,27/Aug/24,," IDR  15,960,000 ",,,,,"Followed up per 30 August
Followed up per 03 Oct",Pak Nyoman - Purchasing,Pryanka,,
45,St Regis Bali SAMPLE,Roy,27/Aug/24,," IDR  1,545,000 ",,,,, PO Received,,,,
46,Fairmont Jakarta,Roy,30/Aug/24,," IDR  180,300,000 ",,,,,,,,,
47,Six Sense Amaala Bathroom & Minibar,Roy,30/Aug/24,,," USD  47,055.00 ",,,,,,,,
48,Six Sense Amaala All Day Dinning,Roy,30/Aug/24,,," USD  75,290.00 ",,,,,,,,
49,Six Sense Amaala Asian Restaurant,Roy,30/Aug/24,,," USD  39,644.00 ",,,,,,,,
50,Six Sense Amaala Beach & Bar,Roy,30/Aug/24,,," USD  15,475.00 ",,,,,,,,
51,Six Sense Amaala SPA,Roy,30/Aug/24,,," USD  5,378.00 ",,,,,,,,
52,Revolver Umalas,Roy,30/Aug/24,," IDR  23,550,000 ",,,,,,,,,
,,,,,,,,,,,,,,
,,,,,,,,,,,,,,
,,,TOTAL,," IDR 2,707,738,000 "," USD  229,827.00 ", AUD  -   ,,,,,,,
,,,,,,,,,,,,,,
,Total PO Received,,,," IDR  768,951,250 "," USD  7,597.00 ",,,,,,,,
,Total PO Not Received,,,," IDR  1,938,786,750 "," USD  222,230.00 ",,,,,,,,
,,,,,,,,,,,,,,
,SEPT'24,,,,,,,,,,,,,
1,Grand Hyatt Jakarta,Pryanka,02/Sep/24,," IDR  36,000,000 ",,,,, PO still on approval. The PO will automatically send to us once it's approved (update per 3 Oct),Ibu Anisa,Pryanka,,
2,Menjangan Dynasty,Pryanka,02/Sep/24,," IDR  87,150,000 ",,,,, PO Received,Purchasing@mdr.pphotels.com ,Pryanka,,
3,Da Maria,Roy,02/Sep/24,," IDR  244,950,000 ",,,,, PO Received,,Roy,,
4,Pablo Long Time Restaurant (Sake Set),Roy,02/Sep/24,," IDR  2,760,000 ",,,,, PO Received,,Roy,,
5,Buzo Salazon,Pryanka,02/Sep/24,," IDR  14,880,000 ",,,,, PO Received,Ibu Wulan,Pryanka,,
6,Bvlgary,Roy,03/Sep/24,," IDR  38,489,250 ",,,,, PO Received,,,,
7,Ayana Karang,Roy,03/Sep/24,," IDR  294,975,000 ",,,,,,,,,
8,Ayana Sami Sami Restaurant (into 1 quote with other outlets),Roy,04/Sep/24,," IDR  445,520,000 ",,,,,,,,,
9,Ayana Kisik Restaurant (into 1 quote with other outlets),Roy,04/Sep/24,," IDR  18,000,000 ",,,,,,,,,
10,Six Senses Amaala Bathroom & Mini Bar,Roy,04/Sep/24,,,,,,,,,,,
11,Six Senses Amaala All Day Dining,Roy,04/Sep/24,,,,,,,,,,,
12,Six Senses Amaala Asian Restaurant,Roy,04/Sep/24,,,,,,,,,,,
13,Six Senses Amaala The Shack (Beach & Bar),Roy,04/Sep/24,,,,,,,,,,,
14,Six Senses Amaala SPA,Roy,04/Sep/24,,,,,,,,,,,
15,Six Senses Public Amaala Area,Roy,04/Sep/24,,,,,,,,,,,
16,Six Senses Amaala Kids Bottle,Roy,04/Sep/24,,,,,,,,,,,
17,Kala Uluwatu,Roy,06/Sep/24,," IDR  18,500,000 ",,,,, PO Received,,Roy,,
18,Shelter Seminyak,Pryanka,05/Sep/24,," IDR  13,395,000 ",,,,, Hold by client (update 2 Oct),,Pryanka,,
19,Alons restaurant,Nadia,09/Sep/24,,," USD  21,156.00 ",,,,,,,,
20,Taupe Restaurant,Nadia,09/Sep/24,,," USD  9,225.00 ",,,,,,,,
21,Jayasom SAMPLE,Nadia,09/Sep/24,,," USD  1,376.50 ",,,, PO Received,,,,
22,Ayana Dava - Toge  (into 1 quote with other outlets),Pryanka,09/Sep/24,," IDR  38,500,000 ",,,,,,Bu Arvinia (Steward),Pryanka,,
23,Ayana Padi (Rectangle Plate only) (into 1 quote with other outlets),Pryanka,09/Sep/24,," IDR  39,000,000 ",,,,,,Bu Arvinia (Steward),Pryanka,,
24,Kiros Hospitality,Pryanka,09/Sep/24,,," USD  5,117.50 ",,,, Our timeline production doesn't suitable with their client (update 2 Oct),Gaurav,Pryanka,,
25,Le Royal Meridien,Pryanka,09/Sep/24,,," USD  5,250.00 ",,,,,Felias,Pryanka,,
26,Mana Uluwatu,Pryanka,09/Sep/24,," IDR  53,850,000 ",,,,, PO Received,Arrow Dunk ,Pryanka,,
27,Hujan Locale (Bowl Shrimp),Pryanka,10/Sep/24,," IDR  2,580,000 ",,,,, PO Received,Ibu Trik - Purchasing,Pryanka,,
28,Locavore NXT,Pryanka,10/Sep/24,," IDR  15,000,000 ",,,,, Follow up 30 oct 2024,Ibu Vita - Purchasing,Pryanka,,
29,Adiwana Jembawan,Pryanka,10/Sep/24,," IDR  32,000,000 ",,,,,,Pak Wira - Purchasing,Pryanka,,
30,Ayana Padi (Cup),Pryanka,10/Sep/24,," IDR  15,200,000 ",,,,,,Bu Arvinia (Steward),Pryanka,,
31,Grand Melia - Mimosa,Nadia,10/Sep/24,,," USD  8,140.00 ",,,, Will be moved to January 2025 target,,,,
32,Six Senses Kanuhura,Roy,10/Sep/24,,," USD  4,680.00 ",,,, Check with Marloe ,,,,
33,The Westin Ikan (Wine Bucket),Pryanka,11/Sep/24,," IDR  22,800,000 ",,,,, PO Received,Pak Bagus Wijaya Purchasing,Pryanka,,
34,The Edge (Ramekin Dish),Pryanka,11/Sep/24,," IDR  15,200,000 ",,,,, PO Received,Bapak Komang Suparta,Pryanka,,
35,The Damai Hotel,Nadia,12/Sep/24,," IDR  35,620,000 ",,,,, PO Received,,,,
38,Luna Beach Hotel ,Pryanka,12/Sep/24,," IDR  15,750,000 ",,,,, PO Received,,Pryanka,,
39,Holiday Inn Benoa,Pryanka,16/Sep/24,," IDR  35,184,000 ",,,,, Follow up 30 oct,Ibu Ayu Saras - Purchasing,Pryanka,,
40,Billy Ho,Pryanka,16/Sep/24,," IDR  15,575,000 ",,,,,,Ibu Ratih - Accounting,Pryanka,,
41,Six Senses Uluwatu,Rahadi,16/Sep/24,," IDR  4,800,000 ",,,,, pump(follow up 30 oct),Ibu Intan - Purchasing,Pryanka,,
42,LXR,Pryanka,16/Sep/24,," IDR  40,225,000 ",,,,, Update: PO received 5 Nov,Wayan Sumerta - Purchasing,Pryanka,,
43,Ayana Dava - Toge (Updated) (into 1 quote with other outlets),Pryanka,17/Sep/24,," IDR  52,000,000 ",,,,,,Bu Suwirya,Pryanka,,
44,Ayana Dava - Bento Set (into 1 quote with other outlets),Pryanka,17/Sep/24,," IDR  57,000,000 ",,,,,,Bu Suwirya,Pryanka,,
45,Four Season Jimbaran - Sundara,Pryanka,17/Sep/24,," IDR  43,500,000 ",,,,, PO Received,Pak Dewa Purchasing/Chef David,Pryanka,,
46,Le Reserve Bali,Pryanka,17/Sep/24,," IDR  15,000,000 ",,,,,,Bu Arsy Accounting,Pryanka,,
47,Mimosa - Four Season Nam Hai,Nadia,17/Sep/24,,," USD  6,684.00 ",,,, PO Received,,,,
48,Audemars Piguet,Nadia,18/Sep/24,,,,,,,,,,,
49,Maya Sanur RUE,Roy,18/Sep/24,," IDR  157,510,000 ",,,,, PO Received,,,,
50,The Ritz-Carlton Maldives (Beach Shack),Pryanka,20/Sep/24,550,," USD  5,150.00 ",,,, Erna will follow up today 5 Nov,Ishan Mohamed - Purchasing,Pryanka,,
51,Sazon,Roy,20/Sep/24,," IDR  488,610,000 ",,,,, Check samples 30 oct,,,,
52,Nihi Sumba - Kaboku,Pryanka,23/Sep/24,140," IDR  24,127,000 ",,,,, PO Received 3 Oct 2024,Pak Burhan - Purchasing,Pryanka,,
53,ShiShi Seminyak,Pryanka,27/Sep/24,100," IDR 15,000,000 ",,,,, Follow up 30 oct,Yudha - Purchasing,Pryanka,,
54,Peninsula London,Pryanka,27/Sep/24,170,," USD  5,270.00 ",,,, Follow up 31 oct,Miroslaw Sroka (Peninsula) / Vanessa Wai (Sandro RUPP),Pryanka,,
55,Swissotel PIK Jakarta,Pryanka,27/Sep/24,200," IDR 25,300,000 ",,,,, PO received 26 Dec 2024,Pak Frans,Pryanka,,
56,Revolver Umalas SAMPLE,Roy,27/Sep/24,," IDR 355,000 ",,,,,,,,,
57,W Hotel Maldives,Nadia,30/Sep/24,920,," USD  15,170.00 ",,,, Added to the November target,,,,
58,Lux Nam Phu Quoc - Aikisu,Nadia,30/Sep/24,1165,," USD  15,082.50 ",,,, Follow up 30 oct,,,,
59,Lux Nam Phu Quoc - Maison,Nadia,30/Sep/24,,," USD  14,885.00 ",,,, Follow up 30 oct,,,,
60,Lux Nam Phu Quoc - All Day Dining,Nadia,30/Sep/24,,," USD  16,075.00 ",,,, Follow up 30 oct,,,,
61,New World Phu qouc,Nadia,30/Sep/24,380,," USD  6,700.00 ",,,, PO Received,,,,
,,,,,,,,,,,,,,
,,,TOTAL,," IDR 2,474,305,250 "," USD  139,961.50 ", IDR - ,,,,,,,
,Total PO Received,,,," IDR  1,753,436,250 "," USD  14,760.50 ",,,,,,,,
,Total PO Not Received,,,," IDR  720,869,000 "," USD  125,201.00 ",,,,,,,,
,,,,,,,,,,,,,,
,,,,,,,,,,,,,,
Column 1,OCTOBER'24,Column 2,Column 3,Column 4, Column 5 ,,,,,,,,,
1,Ludovic Phu Qouc - Mimosa,Nadia,01/Oct/24,,," USD  159,630.00 ",,,,,,,,
2,Mamasan,Pryanka,01/Oct/24,120,"Rp16,500,000.00",,,,, PO Received 3 Oct,Bu Wulan,Pryanka,,
3,Mason Uluwatu,Pryanka,01/Oct/24,70,"Rp15,785,000.00",,,,,,Pak Denny,Pryanka,,
4,Four Season Jimbaran - Taman Wantilan,Pryanka,01/Oct/24,225,"Rp18,250,000.00",,,,,,Pak Dewa - Purchasing,Pryanka,,
5,The Residence Maldives Dhigurah,Sarah,01/Oct/24,480,," USD  2,020.00 ",,,, No feedback at all from the client,Raja Karunakaran,Sarah,,
6,The Residence Maldives Falhumashi,Sarah,01/Oct/24,385,," USD  4,025.00 ",,,, No feedback at all from the client,Raja Karunakaran,Sarah,,
7,Kudeta (Plates),Pryanka,01/Oct/24,85,"Rp24,700,000.00",,,,, PO Received 4 Oct,Jeremy Hunt - Chef,Pryanka,,
9,Honey & Smoke,Pryanka,02/Oct/24,50,"Rp10,650,000.00",,,,,,Ibu Trik - Purchasing,Pryanka,,
10,Nihi Sumba (Gift Shop),Pryanka,03/Oct/24,96,"Rp23,280,000.00",,,,, PO Received 2 Oct,Ibu Anis Safitri - Purchasing,Pryanka,,
11,Seniman Coffee (Cup),Pryanka,03/Oct/24,190,"Rp15,200,000.00",,,,,,Ibu Puspa,Pryanka,,
12,Amarterra Nusa Dua Villa (Salt & Pepper),Pryanka,03/Oct/24,130,"Rp15,015,000.00",,,,, Canceled because they already placed another order,Pak Agung - Purchasing,Pryanka,,
13,Capella Taipe Additional,Nadia,03/Oct/24,560,," USD  9,220.00 ",,,,,,,,
14,Bar Vera,Roy,03/Oct/24,144,"Rp6,600,000.00",,,,, Canceled by client,,,,
15,Mason (Teapot),Roy,03/Oct/24,10,"Rp2,250,000.00",,,,,,,,,
16,Ayana Kisik Restaurant SAMPLE,Roy,04/Oct/24,4,"Rp1,660,000.00",,,,,,,,,
17,La Reserve (Updated),Pryanka,07/Oct/24,284,"Rp45,515,000.00",,,,," PO Received 11 Oct (Update total amount to 16,650,00)",Ibu Asry - Purchasing,Pryanka,,
18,Swissotel PIK Jakarta (Teacup),Erna,07/Oct/24,40,"Rp15,400,000.00",,,,, PO Received 26 Dec 2024,Pak Eddy - Purchasing,Pryanka,,
19,LXR (Additional),Erna,07/Oct/24,96,"Rp17,388,000.00",,,,, PO received 18 Dec,Pak Wayan Sumerta - Purchasing,Pryanka,,
20,Callie (Marloe Marloe - Revised),Pryanka,07/Oct/24,100,,,,,,,Vinca ,Pryanka,,
21,LUX Maldives,Wendy,07/Oct/24,444,," USD  7,632.00 ",,,, For January 2025 target,,,,
22,Amarterra Nusa Dua Villa (Additional),Pryanka,08/Oct/24,75,"Rp15,375,000.00",,,,, Canceled because they already placed another order,,,,
23,Nihi Sumba (Mug Coffee),Pryanka,08/Oct/24,55,"Rp15,400,000.00",,,,, Canceled ,,,,
24,Six Sense London Retail,Roy,08/Oct/24,258,," USD  3,105.00 ",,,,,,,,
25,Regent Canggu Public Area,Roy,08/Oct/24,184,"Rp49,339,600.00",,,,,,,,,
26,Regent Canggu Shelf Decoration Additional,Rahadi,08/Oct/24,160,"Rp55,936,000.00",,,,, Check with Roy,,,,
27,The Malkai Oman Barkaa/Oasis (Commercial Areas),Nadia,08/Oct/24,,," USD  43,284.00 ",,,,2025,,,,
28,The Malkai Oman Barkaa/Oasis (In rooms),Nadia,08/Oct/24,,," USD  3,296.00 ",,,,2025,,,,
29,The Malkai Oman -Sharqiyah (Commercial Areas),Nadia,08/Oct/24,,," USD  43,099.00 ",,,,2025,,,,
30,The Malkai Oman -Sharqiyah (In Rooms),Nadia,08/Oct/24,,," USD  3,296.00 ",,,,2025,,,,
31,The Malkai Oman - Hajar (Commercial Areas),Nadia,08/Oct/24,,," USD  43,159.00 ",,,,2025,,,,
32,The Malkai Oman - Hajar (In Rooms),Nadia,08/Oct/24,,," USD  3,904.00 ",,,,2025,,,,
33,Boma Beach Club,Nadia,08/Oct/24,,," USD  26,432.33 ",,,,,,,,
34,Maya Ubud (Vases),Rahadi,09/Oct/24,135,"Rp32,025,000.00",,,,,,,,,
35,Maya Ubud SAMPLE,Nadia,09/Oct/24,4,"Rp1,020,000.00",,,,, Sample will be completed by 11 of Dec ,,,,
36,Six Senses London Link Additional (Espresso cup),Roy,09/Oct/24,48,, USD  480.00 ,,,,,,,,
37,Bird of Feather,Pryanka,11/Oct/24,180,," USD  5,400.00 ",,,, Check with Wendy,Eugene,Pryanka,,
38,Maya Sanur,Pryanka,14/Oct/24,60,"Rp13,500,000.00",,,,,,Pak Gde - Purchasing,Pryanka,,
39,Capella Ubud,Wendy,15/Oct/24,,"Rp52,060,000.00",,,,,,,,,
40,Alila Seminyak Egg Cup,Rahadi,16/Oct/24,50,"Rp2,500,000.00",,,,, PO received 21 Nov,,,,
41,Regent SPA,Nadia,16/Oct/24,384,"Rp61,560,000.00",,,,, PIC Regent Canggu changed to Nadia,,,,
42,Banyan Tree Buahan Additional,Erna,16/Oct/24,,"Rp18,720,000.00",,,,, 2025 target based on client's request,,,,
43,Maya Ubud,Pryanka,18/Oct/24,80,"Rp20,320,000.00",,,,,,Pak Hadi - Purchasing,Pryanka,,
44,Indigo Seminyak (New Item Oval Plate),Erna,18/Oct/24,60,"Rp30,000,000.00",,,,,,,Pryanka,,
45,Amarterra Nusa Dua,Pryanka,18/Oct/24,108,"Rp30,534,000.00",,,,,,Pak Agung - Purchasing,Pryanka,,
46,Four Seasons Maldives,Erna,18/Oct/24,100,," USD  1,290.00 ",,,,,,,,
47,Six Senses La Sagesse (Grenada),Erna,18/Oct/24,310,," USD  4,005.00 ",,,, No feedback from client,,Pryanka,,
48,Smeeta - Chef Jolly,Nadia,18/Oct/24,388,," USD  7,381.00 ",,,, Waiting for client's feedback by email,,,,
49,Regent Canggu Public Bathroom (Diffuser),Nadia,18/Oct/24,50,"Rp9,000,000.00",,,,, PIC Regent Canggu changed from Rahadi to Nadia,,,,
50,The Oberoi Lombok,Rahadi,18/Oct/24,,"Rp7,150,000.00",,,,,,,,,
51,Nihi Rote,Pryanka,22/Oct/24,200,"Rp39,050,000.00",,,,,,Pak Nyoman - Nihi,Pryanka,,
52,Riviera Dining Group,Erna,22/Oct/24,360,," USD  6,180.00 ",,,,,Ines,Pryanka,,
53,Six Senses Uluwatu,Rahadi,22/Oct/24,840,"Rp176,400,000.00",,,,, PO received 9 Dec 2024,Ibu Sugi - Purchasing,Pryanka,,
54,Segara Village Hotel,Erna,22/Oct/24,115,"Rp30,475,000.00",,,,, Canceled by client,,,,
55,Stovey,Nadia,24/Oct/24,1900,," USD  23,000.00 ",,,,,,,,
56,Chella Uluwatu,Rahadi,24/Oct/24,1559,"Rp262,140,000.00",,,,, Design presentation in revision,,,,
57,Hilton London,Nadia,24/Oct/24,100,," USD  1,850.00 ",,,,,,,,
58,Six Senses London Bamboo MUR,Marlo,24/Oct/24,,, USD  216.50 ,,,, Taken from the existing order @1 pc each item,,,,
59,Luna Beach Hotel (Eden) - Satay Grill,Erna,25/Oct/24,20,"Rp8,000,000.00",,,,, FO 4 Dec 24,,,,
60,Mexicola Canggu ,Nadia,25/Oct/24,,"Rp155,200,000.00",,,,, Not decided yet,,,,
61,Wakatobi (Salt & Pepper),Pryanka,28/Oct/24,96,"Rp12,400,000.00",,,,," No Feedback at all, FO 4 Dec 24",Pak Ozi - Purchasing,Pryanka,,
62,ATUS,Nadia,30/Oct/24,,," USD  22,353.00 ",,,, Canceled,,,,
63,Bvlgary,Rahadi,30/Oct/24,,"Rp5,040,000.00",,,,, PO confirm and sign off,,,,
64,Ritz-Carlton Maldives (Beach Shack - Mug),Pryanka,31/Oct/24,100,, USD  950.00 ,,,, Update quote for Mug that we already sent on last month,Ishan - Purchasing,Pryanka,,
65,Fiamma Restaurant (Fieldcrest),Erna,31/Oct/24,,," USD  4,832.00 ",,,, January 2025 target (week 3),,Erna,,
,,,,,,,,,,,,,,
,,,TOTAL,," IDR 1,331,337,600 "," USD  430,039.83 ", IDR - ,,,,,,,
,,,,,,,,,,,,,,
,Total PO Received,,,," IDR  81,290,000 ",,,,,,,,,
,Total PO Not Received,,,," IDR  1,250,047,600 "," USD  430,039.83 ",,,,,,,,
,,,,,,,,,,,,,,
,NOVEMBER'24,,,,,,,,,,,,,
,,,,,,,,,,,,,,
1,Micha Sanubari,Erna,01/Nov/24,650," IDR  101,750,000 ",,,,," No feedback from the client, FO 3 Dec 24",Ibu Natalie,Pryanka,,
2,Raffles Bali (Ashtray),Erna,01/Nov/24,24," IDR  4,440,000 ",,,,,,Bapak Didik - Purchasing,Pryanka,,
3,Alila Seminyak (Oval Plate),Erna,01/Nov/24,10," IDR  4,200,000 ",,,,, Still following up and there's no feedback yet. Last update 2 Dec '24,                                                             ,Pryanka,,
4,Indigo Seminyak (Oval Plate),Erna,01/Nov/24,20," IDR  10,000,000 ",,,,,,,Erna,,
5,Asa Maia,Erna,04/Nov/24,112," IDR  15,666,000 ",,,,,,Pak Berny,Erna,,
6,Kudeta (creme brulee),Erna,01/Nov/24,30," IDR  2,550,000 ",,,,,,Ibu Sida ,Erna,,
7,Mandai Rainforest (Fieldcrest),Nadia,05/Nov/24,2980,," USD  32,800.00 ",,,," Cancelled, timeline",,,,
8,Maya Ubud (Cups & Saucer),Erna,08/Nov/24,150," IDR  15,247,500 ",,,,, The purchasing still waiting for the approval. Last FO 2 Dec 24,Bapak Hadi - Purchasing,Pryanka,,
9,Waldorf Astoria Maldives Glow,Wendy,07/Nov/24,2300,," USD  38,115.00 ",,,, Last FO by email 2 Dec 2024. PO will be received around 2nd week of Dec ,,,,
10,Billy Ho,Pryanka,08/Nov/24,67," IDR  7,795,000 ",,,,,,Ibu Ratih - Purchasing,Pryanka,,
11,Holiday Inn Benoa (Updated pcs),Pryanka,08/Nov/24,216," IDR 41,940,000 ",,,,, PO received 10 Dec,Ibu Ayu Saras - Purchasing,Pryanka,,
12,Holiday Inn Benoa (Additional Milk Jug),Pryanka,08/Nov/24,15," IDR 1,125,000 ",,,,, PO received 10 Dec,Ibu Ayu Saras - Purchasing,Pryanka,,
13,Naughty Nuri's,Pryanka,08/Nov/24,20," IDR 5,200,000 ",,,,,,Ibu Bintang - Purchasing,Pryanka,,
14,Waldorf Astoria Maldives - IVD,Erna,08/Nov/24,1519,," USD  19,643.90 ",,,, Last FO by email 2 Dec '24,,,,
15,Bokashi ,Erna,12/Nov/24,90," IDR 8,550,000 ",,,,,,,,,
16,Wolfgang Puck Airport,Rahadi,07/Nov/24,830," IDR 139,650,000 ",,,,," Last FO 3 Dec '24, the client will give feedback within this week",Jordi Koenders,Rahadi,,
17,Six Senses Cambodia (amenity bottles),Nadia,12/Nov/24,190,, USD  955.00 ,,,, January 2025 target,,,,
18,The Apurva Kempinski Bali Koral,Erna,12/Nov/24,95," IDR 12,180,000 ",,,,,,,Erna,,
19,The Oberoi Bali,Rahadi,12/Nov/24,600," IDR 108,150,000 ",,,,, Down Payment Paid and process production Nov,,Rahadi,,
20,Jinjoo,Erna,12/Nov/24,100," IDR 22,600,000 ",,,,," Revise quote , will send the new brief to Dwi. FO 2 Dec 24",,Erna,,
21,The Kayon Ubud,Pryanka,12/Nov/24,144," IDR 40,680,000 ",,,,, Update 18 Nov: Chef approved the design & price but they still waiting GM's approval. They said this order approximately will be release on Dec 2024. Last update 2 Dec 24,Bapak Ardi - Purchasing,Pryanka,,
22,Ayana Rimba Dava,Erna,13/Nov/24,24," IDR 6,840,000 ",,,,," Last FO 3 Dec '24. Still checking with the user, probably for 2025 target",Ibu Arvinia - Steward Staff,Erna,,
23,Ayana Segara ,Erna,13/Nov/24,24," IDR 6,960,000 ",,,,," Last FO 3 Dec '24. Still checking with the user, probably for 2025 target",Ibu Arvinia - Steward Staff,Erna,,
24,Ayana Rock Bar ,Erna,13/Nov/24,24," IDR 3,840,000 ",,,,," Last FO 3 Dec '24. Still checking with the user, probably for 2025 target",Ibu Arvinia - Steward Staff,Erna,,
25,Riviera Pererenan,Erna,13/Nov/24,24," IDR 1,680,000 ",,,,,,,,,
26,Langham and Morimoto ,Erna,13/Nov/24,842," IDR 177,535,000 ",,,,," Revise quote 3 Dec '24, adding more items",,,,
27,Pahdi Speciality Coffee - BBQ,Rahadi,14/Nov/24,882," IDR 230,499,750 ",,,,, Down Payment Paid Nov and on process production,,Rahadi,,
28,Six Senses London Public Area,Nadia,14/Nov/24,56,, USD  816.00 ,,,, No feedback yet ,,,,
29,Jumeirah Bali (New Pasta Bowl),Nadia,14/Nov/24,40," IDR 12,000,000 ",,,,, January 2025 target,,,,
30,Fairmont Jakarta ,Rahadi,18/Nov/24,840," IDR 183,600,000 ",,,,," On review by fairmont management, contact 2 Dec 2024",,Rahadi,,
31,Ayana Mid Plaza  Jakarta,Erna,19/Nov/24,224," IDR 36,360,000 ",,,,, FO 4 Dec '24,Ibu Syenny - Purchasing,,,
32,Intercontinental Bandung ,Erna,28/Nov/24,24," IDR 16,620,000 ",,,,, FO 4 Dec '24,Ibu Johana - Purchasing,,,
33,Novotel Bali Benoa,Erna,25/Nov/24,350," IDR 43,650,000 ",,,,, FO 4 Dec '24,Ibu Iluh Nia - Purchasing,,,
34,Capella Ubud,Erna,20/Nov/24,24," IDR 6,840,000 ",,,,, FO 4 Dec '24,Pak Muji - Purchasing ,,,
35,Bali Radiance,Erna,20/Nov/24,150," IDR 24,750,000 ",,,,, FO 3 Dec '24,Mary Muryn - FS Consultan,,,
36,Samara Lombok ,Erna,20/Nov/24,120," IDR 26,280,000 ",,,,, FO 4 Dec '24,Ibu Rosalina- Purchasing,,,
37,The Meru - Repeat Item,Erna,20/Nov/24,982," IDR 121,825,000 ",,,,," Last FO 2 Dec '24, the client is on internal discussion",Ibu Cahyani - Purchasing,,,
38,The Meru - Add Item ,Erna,20/Nov/24,800," IDR 80,000,000 ",,,,," Last FO 2 Dec '24, the client is on internal discussion",Ibu Cahyani - Purchasing,,,
39,Six Senses Uluwatu ,Erna,20/Nov/24,163," IDR 28,665,000 ",,,,," No response yet, last FO 2 Dec '24",Ibu Intan - Purchasing ,,,
40,Voco Quang Binh (Mimosa),Nadia,21/Nov/24,30,, USD  840.00 ,,,, No feedback from Mimosa yet,,,,
41,Intercontinental Bali,Erna,21/Nov/24,80," IDR 7,800,000 ",,,,,,Pak Hang Judha-Procurement Manager,,,
42,Nihi Rote,Erna,23/Nov/24,815," IDR 172,615,000 ",,,,, Hold by client because their still re-budgeting,Pak Marcel - Purchasing,Pryanka,,
43,Six Senses Con Dao,Marloe,25/Nov/24,578,," USD  5,707.00 ",,,, February 2025 target,Danny Nguyen - Purchasing Manager,Marloe,,
44,Janice Wong,Erna,25/Nov/24,20,, USD  500.00 ,,,," Info from Richard Millard (2 Dec), there will be no new order at the moment",,,,
45,Park Hyatt Jakarta (Plates Additional),Rahadi,25/Nov/24,92," IDR 24,360,000 ",,,,," Quotation sent 28 Nov 24, waiting for approval",,Rahadi,,
46,Four Seasons Jakarta Spa ,Rahadi,21/Nov/24,61," IDR 15,430,000 ",,,,," Last FO 25 Nov, waiting PO for Dec since they will need the product in March 25",,Rahadi,,
47,Park Hyatt Jakarta (Lotus Decoration & Plate Stand),Rahadi,20/Nov/24,8," IDR 1,850,000 ",,,,," Quotation sent 28 Nov 24, waiting approval",,Rahadi,,
48,St Regis Jakarta (Japanese Restaurant) Pak Tommy,Rahadi,22/Nov/24,990," IDR 183,300,000 ",,,,," Call client 3 Dec 24, waiting moodboard and venue design from client to make design presentation",,Rahadi,,
49,Paul McAllister,Pryanka,22/Nov/24,12,, USD  228.00 ,,,,,Paul McAllister,Pryanka,,
50,Hiyoko,Pryanka,28/Nov/24,108," IDR 17,340,000 ",,,,,,Pak Nico - Owner,Pryanka,,
51,Renarte,Erna,28/Nov/24,120,," USD  2,580.00 ",,,, FO 4 Dec '24,Rachel - Operation Coordinator,,,
52,Indigo Seminyak (SAMPLE - New Items For Makase Outlet),Rahadi,29/Nov/24,8," IDR 2,320,000 ",,,,, Client still processing PR to their management,Pak Andika - Culinary,Pryanka,,
53,Hilton London (Smeeta),Nadia,28/Nov/24,340,," USD  3,890.00 ",,,, Waiting for PO,,,,
54,Regent Canggu Welcome drinks tray,Nadia,21/11/2024,20," IDR 5,395,000 ",,,,,,,,,
,,,,,,,,,,,,,,
,,,,,,,,,,,,,,
,DECEMBER'24,,,,,,,,,,,,,
1,The Westin Nusa Dua,Rahadi,02/Dec/24,72," IDR 15,960,000 ",,,,," repeat order by Chef Dane Ikan Resto, quotation sent 3 Dec 2024",Chef Dane - Executive Chef,Rahadi,,
2,Maya Ubud - Flower Vases for HK (SAMPLE),Nadia,03/Dec/24,5," IDR 900,000 ",,,,, Waiting approval for ,Pak Dewa Alit - Executive HK,Pryanka,,
3,Ayana Bali (Hand Soap Bottle for Spa),Rahadi,03/Dec/24,24," IDR 5,040,000 ",,,,, PO received on 24 Dec 2024,Ibu Made Sutiaji - Spa Manager,Pryanka,,
4,Akasa Kintamani,Rahadi,03/Dec/24,800," IDR 83,500,000 ",,,,,,Bu Anita - Owner,Rahadi,,
5,Four Seasons Sayan SPA,Erna,03/Dec/24,150," IDR 24,750,000 ",,,,, PO received on 27 Dec 2024,Sri Astuti-Assistant Director of Purchasing,,,
6,Sazon SAMPLE (Wine Bucket),Nadia,04/Dec/24,2," IDR 1,085,000 ",,,,,,,,,
7,Sazon,Nadia,04/Dec/24,2022," IDR 449,130,000 ",,,,,,,,,
8,Grafik,Nadia,05/Dec/24,905,," USD  11,793.00 ",,,,,,,,
9,Ku De Ta (Sharing Plate),Erna,05/Dec/24,30," IDR 6,300,000 ",,,,,,,,,
10,Ku De Ta (Bowl),Erna,05/Dec/24,30," IDR 3,900,000 ",,,,,,,,,
11,Melia Bali - Japanese,Nadia,09/Dec/24,240," IDR 38,400,000 ",,,,,,,,,
12,Melia Bali - Samira,Nadia,09/Dec/24,960," IDR 231,840,000 ",,,,,,,,,
13,Melia Bali - Pesetas,Nadia,09/Dec/24,792," IDR 134,760,000 ",,,,,,,,,
14,Solana,Nadia,09/Dec/24,192," IDR 31,380,000 ",,,,,,,,,
15,Handara Golf Handara ,Pryanka,06/Dec/24,888," IDR 224,040,000 ",,,,,,Ibu Amy - Corporate Secretary,Pryanka,,
16,Ootoya Jakarta,Erna,06/Dec/24,384," IDR 74,424,000 ",,,,,,,,,
17,Six Senses Kanuhura,Erna,06/Dec/24,200,," USD  1,885.00 ",,,,,,,,
18,Shelter Pererenan (Item Sharing Plate),Erna,06/Dec/24,50," IDR 7,500,000 ",,,,,,Agus - Purchasing,Pryanka,,
19,Ayana Jakarta Mid Plaza,Erna,09/Dec/24,," IDR 3,360,000 ",,,,,,,,,
20,Nam Heong Asia Pacific,Pryanka,09/Dec/24,400,," USD  5,200.00 ",,,, Follow up 06/01/25,Nick Teh - Chef,Pryanka,,
21,Nam Heong Kopitiam (Xixi Cafe Puchong),Pryanka,09/Dec/24,240,," USD  4,710.00 ",,,, Follow up 06/01/25,Nick Teh - Chef,Pryanka,,
22,Nam Heong - Museum Puchong,Pryanka,09/Dec/24,204,," USD  2,862.00 ",,,, Follow up 06/01/25,Nick Teh - Chef,Pryanka,,
23,Revolver Seminyak,Erna,09/Dec/24,87," IDR  20,220,000 ",,,,,,,,,
24,Revolver Airport - Domestic,Erna,09/Dec/24,36," IDR  9,000,000 ",,,,,,,,,
25,Revolver Airport - International,Erna,09/Dec/24,48," IDR  12,000,000 ",,,,,,,,,
26,Fairmont Jakarta,Rahadi,09/Dec/24,820," IDR  167,300,000 ",,,,,,,,,
27,Solana Retreat Ubud,Nadia,10/Dec/24,170," IDR  30,850,000 ",,,,,,,,,
28,Tabula Rasa Lombok - Lunch & Dinner,Nadia,10/Dec/24,,,,,,,,Koen ,,,
29,Tabula Rasa Lombok - Bar,Nadia,10/Dec/24,,,,,,,,Koen ,,,
30,Tabula Rasa Lombok - Beach ,Nadia,10/Dec/24,,,,,,,,Koen ,,,
31,Gio Private Villa,Pryanka,12/Dec/24,264," IDR  49,680,000 ",,,,,,,,,
32,Luna Beach Hotel,Pryanka,12/Dec/24,144," IDR  29,640,000 ",,,,, Follow up 06/01/25,,,,
33,Hilton London,Nadia,16/Dec/24,380,," USD  4,305.00 ",,,,,,,,
34,32Do Bali,Rahadi,16/Dec/24,100," IDR  7,000,000 ",,,,,,,,,
35,Greek Restaurant,Pryanka,16/Dec/24,," IDR  165,840,000 ",,,,, Follow up 06/01/25,,,,
36,Cush Cush Gallery ,Pryanka,16/Dec/24,," IDR  2,265,900,000 ",,,,,,,,,
37,R&B Steak Bali,Erna,17/Dec/24,," IDR  176,250,000 ",,,,,,,,,
38,Samara Boat,Erna,17/Dec/24,," IDR  67,785,000 ",,,,,,,,,
39,Khadak Restaurant,Nadia,17/Dec/24,170,," USD  2,310.00 ",,,,,,,,
40,Intercontinental Jimbaran ,Pryanka,18/Dec/24,100," IDR  24,000,000 ",,,,, PO Received 03/01/25,,,,
41,Nihi Sumba,Pryanka,18/Dec/24,5," IDR  17,500,000 ",,,,, Follow up 06/01/25,,,,
42,The Oberoi Sample Candle,Rahadi,18/Dec/24,3," IDR  650,000 ",,,,,,,,,
43,Ayana Kisik Restaurant,Rahadi,19/Dec/24,," IDR  62,550,000 ",,,,,,,,,
44,Ayana Bali (Sambal Dish & Tray),Rahadi,19/Dec/24,280," IDR  37,900,000 ",,,,,,,,,
45,Riviera Pererenan (Sharing Plate),Rahadi,20/Dec/24,50," IDR  9,250,000 ",,,,,,,,,
46,DOPA SAMPLE,Nadia,23/Dec/24,1,, USD  26.50 ,,,,,,,,
47,Regent Canggu (Reed Diffuser),Nadia,23/Dec/24,24," IDR  4,680,000 ",,,,,,,,,
48,Tejaprana Bisma Ubud (HK),Pryanka,24/Dec/24,296," IDR  34,090,000 ",,,,, Received PO on 31 Dec 2024,,Pryanka,,
49,Ayana Karang ,Pryanka,24/Dec/24,2215," IDR  325,650,000 ",,,,,,,Pryanka,,
50,The Westin Nusa Dua (Cup Set),Rahadi,24/Dec/24,216," IDR  25,200,000 ",,,,,,,,,
51,The Westin Nusa Dua (SAMPLE),Rahadi,24/Dec/24,5," IDR  2,385,000 ",,,,,,,,,
52,Mimosa,Nadia,24/Dec/24,160,," USD  3,116.00 ",,,,,,,,
53,Six Senses Amaala (7 Outlet),Nadia,24/Dec/24,,," USD  132,234.50 ",,,,,,,,
54,Mukti SAMPLE,Nadia,24/Dec/24,,,,,,,,,,,
55,Cap Karoso,Rahadi,24/Dec/24,1595," IDR  223,650,000 ",,,,,,,,,
56,Soichiro (Sake Set),Pryanka,26/Dec/24,150," IDR  15,250,000 ",,,,, Follow up 06/01/25,,,,
57,Tabula Rasa SAMPLE,Nadia,26/Dec/24,," IDR  4,600,000 ",,,,,,,,,
58,Six Senses Le Sagesse,Erna,30/Dec/24,,," USD  5,135.00 ",,,,,,,,
,,,,,,,,,,,,,,
,2025,,,,,,,,,,,,,
,JANUARY'25,,,,,,,,,,,,,
1,Fieldworks - Mandarin Oriental MUR [SAMPLE],Pryanka,02/Jan/25,," IDR  1,040,000 ",,,,, PO received 14 Jan 2025,,Pryanka,,
2,Nihi Sumba (Mug),Pryanka,02/Jan/25,," IDR  7,000,000 ",,,,, PO received 2 Jan 2025,,Pryanka,,
3,Khadak Restaurant,Nadia,02/Jan/25,12,, USD  276.00 ,,,,,,,,
4,Made by Umah,Rahadi,02/Jan/25,100," IDR  30,000,000 ",,,,,,,,,
5,InterContinental Jimbaran,Pryanka,06/Jan/25,260," IDR  42,750,000 ",,,,,,,,,
6,Fieldworks - Mandarin Oriental for Suite [SAMPLE],Pryanka,06/Jan/25,22," IDR  3,100,000 ",,,,,,Ibu Intan Fieldworks,Pryanka,,
7,Jumeirah Bali (Cloche),Nadia,07/Jan/25,150," IDR  36,000,000 ",,,,, PO coming in Q2 - 2025,,,,
8,Chella Uluwatu SAMPLE,Rahadi,07/Jan/25,,,,,,,,,,,
9,Dragonfly Villla,Rahadi,07/Jan/25,240," IDR  40,236,000 ",,,,,,,,,
10,ACT Resto (MG Hotel Supplies) SAMPLE,Nadia,08/Jan/25,4,, USD  57.00 ,,,,,,,,
11,Fairmont Jakarta,Rahadi,09/Jan/25,820," IDR  167,300,000 ",,,,,,,,,
12,Nihi Sumba (Curry Bowl),Pryanka,13/Jan/25,120," IDR  25,200,000 ",,,,, PO received 14 Jan 2025,Ibu Anis - Purchasing,Pryanka,,
13,Japa Ubud,Pryanka,13/Jan/25,615," IDR  106,600,000 ",,,,, PO received 15 Jan 2025,Bapak Gilang - Owner,Pryanka,,
14,Holiday Inn Benoa (Additional - Salad Bowl),Pryanka,13/Jan/25,36," IDR  9,360,000 ",,,,,,Ibu Ayu Saraswati - Purchasing,Pryanka,,
15,Six Senses Con Dao,Nadia,15/Jan/25,578,," USD  5,611.00 ",,,,,,,,
16,Six Senses Belize,Nadia,16/Jan/25,694,," USD  15,371.00 ",,,, 25/02: will contact the agent today,,,,
17,Kaia Restaurant,Pryanka,16/Jan/25,60," IDR  16,200,000 ",,,,, PO received 21 Jan 2025,Ibu Rahma Purchasing,Pryanka,,
18,"Ayana Bali (6 Outlet - Updated with discount 8,62%)",Pryanka,20/Jan/25,3955," IDR  630,613,380 ",,,,, PO received 23 Jan 2025,Ibu Suwirya - Purchasing,Pryanka,,
19,VDA,Nadia,20/Jan/25,,," USD  24,443.10 ",,,,,,,,
20,Sandy Toes,Nadia,20/Jan/25,,," USD  5,648.85 ",,,,,,,,
21,Riviera Pererenan,Rahadi,20/Jan/25,," IDR  12,610,000 ",,,,,,,,,
22,Greek Restaurant,Pryanka,21/Jan/25,1755," IDR  327,341,500 ",,,,, PO received 22 Jan 2025,Maria - Manager,Pryanka,,
23,Cap Karoso,Rahadi,21/Jan/25,1815," IDR  245,200,000 ",,,,, PO received 10 Feb 2025,,,,
24,Micha Sanubari,Pryanka,21/Jan/25,50," IDR  12,500,000 ",,,,," 26/02: This is include with the quotation with total amount Rp 116,250,000",Ibu Natalie Olin - Manager,Pryanka,,
25,Alila Seminyak (Update),Pryanka,21/Jan/25,108," IDR  3,063,600 ",,,,, 25/02: Pryanka will contact the client today,Pak Ketut - Purchasing,Pryanka,,
26,Riviera Cafe,Rahadi,22/Jan/25,60," IDR  6,060,000 ",,,,,,,,,
27,Chella Uluwatu ,Rahadi,22/Jan/25,1160," IDR  199,865,000 ",,,,,,,,,
28,Fairmont Jakarta,Rahadi,22/Jan/25,300," IDR  77,400,000 ",,,,, Not in their budget ,,,,
29,St Regis Jakarta SAMPLE,Rahadi,22/Jan/25,10," IDR  2,440,000 ",,,,,,,,,
30,Cempaka MUR,Rahadi,22/Jan/25,,, USD  665.50 ,,,, Received in February,,,,
31,Alila Uluwatu,Pryanka,22/Jan/25,168," IDR  30,840,000 ",,,,, CANCEL. USER CONSIDERING NEW DESIGN.,Ibu Kristina - Purchasing,Pryanka,,
32,Joali Maldives IVD,Pryanka,22/Jan/25,420,," USD  2,880.00 ",,,,,,,,
33,Ginger Moon,Pryanka,22/Jan/25,24," IDR  4,440,000 ",,,,, PO received 24 Jan 2025,,Pryanka,,
34,Meru Sanur Repeat ,Rahadi,24/Jan/25,," IDR  205,625,000 ",,,,,,,,,
35,Banyan Tree Buahan ,Pryanka,24/Jan/25,120," IDR  12,480,000 ",,,,, PO Received 5 Feb 2025,Chef Sheandy ,Pryanka,,
36,Micha Sanubari [Updated],Erna,24/Jan/25,800," IDR  116,250,000 ",,,,,,Ibu Natalie Olin - Manager,Erna ,,
37,Samanvaya,Pryanka,27/Jan/25,206," IDR  26,125,000 ",,,,, PO received 4 Feb 2025,Ibu Diah - Purchasing,Pryanka,,
38,Boga Utama All outlet,Erna,27/Jan/25,1728," IDR  455,160,000 ",,,,,,Pak Sima dan Bu Sarita,Erna ,,
39,Boma Beach Additional,Nadia,27/Jan/25,50,, USD  670.00 ,,,,,,,,
40,Motel Mexicola,Wendy,27/Jan/25,920," IDR  209,800,000 ",,,,,,,,,
41,Drifter Additional,Erna,27/Jan/25,100," IDR  4,480,800 ",,,,,,,,,
42,The Meru Sanur ,Rahadi,27/Jan/25,450," IDR  35,750,000 ",,,,," 27/02: Order production on hold, the payment will be made in April ",,,,
43,The Meru Sanur ,Rahadi,27/Jan/25,320," IDR  48,000,000 ",,,,," 27/02: Order production on hold, the payment will be made in April ",,,,
44,The Meru Sanur ,Rahadi,27/Jan/25,662," IDR  73,825,000 ",,,,," 27/02: Order production on hold, the payment will be made in April ",,,,
45,The Meru Sanur ,Rahadi,27/Jan/25,574," IDR  48,050,000 ",,,,," 27/02: Order production on hold, the payment will be made in April ",,,,
46,Indigo Seminyak ,Pryanka,27/Jan/25,100," IDR  23,170,000 ",,,,, PO received 5 Feb & 10 Feb 2025,Pak Andika - Steward Culinary,Pryanka,,
47,Suarga Padang Padang,Pryanka,27/Jan/25,29," IDR  6,240,000 ",,,,,,Ibu Rian - Purchasing,Pryanka,,
48,Solana Retreat Ubud,Nadia,29/Jan/25,135," IDR  27,700,000 ",,,,,,,,,
49,Six Senses London Residences,Nadia,29/Jan/25,123,," USD  1,857.00 ",,,,,,,,
50,Nliving By Nabina Holding Qatar,Wendy,29/Jan/25,,," USD  101,060.00 ",,,,,,,,
51,The Melia Sante (Moodboard),Nadia,30/Jan/25,2340," IDR  531,900,000 ",,,,, In Sales Target April,,,,
52,Four Season Nam Hai,Nadia,30/Jan/25,6460,," USD  107,000.00 ",,,, 25/02: Nadia will contact the agent,,,,
53,Indigo Bandung (Moodboard),Rahadi,31/Jan/25,692," IDR  153,310,000 ",,,,, in Sales Target March,,,,
54,Nihi Sumba (F&B Outlet),Pryanka,31/Jan/25,523," IDR  160,816,523 ",,,,, PO received on Feb,Pak Burhan - Purchasing Manager,Pryanka,,
,,,,,,,,,,,,,,
,FEBRUARY'25,,,,,,,,,,,,,
1,Mandarin Oriental Bali - Ashtray SAMPLE,Pryanka,04/Feb/25,6," IDR  990,000 ",,,,,,Ibu Intan Fieldworks,Pryanka,,
2,Nihi Sumba (Bnb Plate),Pryanka,04/Feb/25,75," IDR  15,000,000 ",,,,,,Ibu Anis - Purchasing,Pryanka,,
3,Nihi Sumba (Clay Pot),Pryanka,04/Feb/25,45," IDR  16,875,000 ",,,,, In Sales Target May 2025,Ibu Anis - Purchasing,Pryanka,,
4,Nihi Sumba (Milk Pitcher),Pryanka,04/Feb/25,80," IDR  15,200,000 ",,,,,,Ibu Anis - Purchasing,Pryanka,,
5,Maya Ubud Vases SAMPLE,Pryanka,04/Feb/25,2," IDR  440,000 ",,,,, PO received 24 Feb 2025,Pak Dewa Alit - EHK,Pryanka,,
6,Andaz Bali,Pryanka,04/Feb/25,278," IDR  40,375,000 ",,,,,,Pak Adi Sastra - Purchasing,Pryanka,,
7,Alila Seminyak - Seasalt,Pryanka,04/Feb/25,400," IDR  53,875,000 ",,,,,,Pak Ketut Partayasa - Material Manager,Pryanka,,
8,Akasa Kintamani,Rahadi,04/Feb/25,650," IDR  70,500,000 ",,,,,,,,,
9,Four Season Maldives Landaa,Rahadi,04/Feb/25,161,," USD  1,860.00 ",,,, PO received 7 Feb 2025,,,,
10,Jumeirah Bali ,Pryanka,05/Feb/25,450," IDR  94,500,000 ",,,,,,Chef Alessio,Pryanka,,
11,Nliving By Nabina Holding Qatar (updated),Rahadi,05/Feb/25,3294,," USD  53,480.00 ",,,,,,,,
12,Nihi Sumba BnB Plate,Pryanka,06/Feb/25,48," IDR  9,600,000 ",,,,, PO received 10 Feb 2025,Ibu Anis - Purchasing,Pryanka,,
13,Nihi Sumba Milk Pitcher,Pryanka,06/Feb/25,24," IDR  4,560,000 ",,,,, PO received 10 Feb 2025,Ibu Anis - Purchasing,Pryanka,,
14,Banyan Tree Buahan Additional (sauce dish & teapot),Pryanka,06/Feb/25,36," IDR  8,100,000 ",,,,, PO received 27 Feb 2025,Pak Partha - Purchasing,Pryanka,,
15,Alila Seminyak - Lid ,Rahadi,10/Feb/25,50," IDR  5,000,000 ",,,,, TBC,,,,
16,Paola Buendia,Pryanka,11/Feb/25,24," IDR  4,320,000 ",,,,, PO received 12 Feb 2025,Paola Buendia,Pryanka,,
17,Nusa Dua Beach Hotel (Welcome Drink),Pryanka,11/Feb/25,120," IDR  16,200,000 ",,,,, In Sales Target March 2025,Pak Sutiana - Purchasing Manager,Pryanka,,
18,Banyan Tree Buahan (Show Plate),Pryanka,11/Feb/25,24," IDR  4,080,000 ",,,,, PO received 27 Feb 2025,Pak Partha - Purchasing,Pryanka,,
19,Jumeirah Bali (All Day Dining),Pryanka,11/Feb/25,650," IDR  94,500,000 ",,,,, In Sales Target May 2025,Pak Budiana - Purchasing,Pryanka,,
20,Nihi Sumba (Candle Holder),Nadia,13/Feb/25,100," IDR  15,000,000 ",,,,, TBC. Sample in making,,,,
21,Six Senses Krabey Cambodia,Nadia,13/Feb/25,461,," USD  4,417.00 ",,,, PO received 17 Feb 2025,,,,
22,Ritz-Carlton Pacific Place Jakarta,Pryanka,14/Feb/25,48," IDR  17,520,000 ",,,,, 26/02: Already follow up but they still to check to their internal about issue PO,Pak Adi - Purchasing,Pryanka,,
23,Roso Meru Restaurant,Rahadi,14/Feb/25,4028," IDR  633,520,000 ",,,,,,,,,
24,Dragonfly wooden spoon,Rahadi,14/Feb/25,12," IDR  840,000 ",,,,, Canceled order,,,,
25,Keraton Mid Plaza,Rahadi,14/Feb/25,100," IDR  40,250,000 ",,,,,,,,,
26,Nihi Sumba (Espresso Cup & Saucer),Pryanka,17/Feb/25,92," IDR  28,980,000 ",,,,, PO Received 17 Feb 2025,Ibu Anis - Purchasing,Pryanka,,
27,Dopa (Updated with Shipping Cost),Nadia,17/Feb/25,600,," USD  15,806.20 ",,,, Canceled order,,,,
28,2AM Dessert Bar for The Grand Hyatt Red Sea,Nadia,17/Feb/25,420,," USD  8,430.00 ",,,, In Sales Target July 2025,,,,
29,Six Senses Amaala FNB (BOQ),Wendy,17/Feb/25,,," USD  115,960.00 ",,,, TBC,,,,
30,Sushi Samba Singapore,Nadia,18/Feb/25,600,," USD  11,320.00 ",,,, 25/02: Nadia is following up the client ,Khai - Assistant GM,Pryanka,,
31,Bambootel,Nadia,18/Feb/25,1173," IDR  184,946,000 ",,,,, TBC,,,,
32,Tabula Rasa Lombok (Updated),Nadia,18/Feb/25,," IDR  90,960,000 ",,,,,,,,,
33,Cempaka (Updated),Rahadi,18/Feb/25,," IDR  8,160,000 ",,,,,,,,,
34,Indigo Bintan,Rahadi,18/Feb/25,1808," IDR  273,590,000 ",,,,, PO received 17 March 2025 (Amount change into Rp193.852.000),,,,
35,Tanadewa Ubud,Pryanka,19/Feb/25,168," IDR  38,520,000 ",,,,, PO received 24 Feb 2025,Ibu Amik - Purchasing,Pryanka,,
36,Hilton Bali (Sake Set),Rahadi,20/Feb/25,200," IDR  31,750,000 ",,,,, PO received 17 March 2025,,,,
37,Miss Fish,Rahadi,20/Feb/25,30," IDR  2,700,000 ",,,,,,,,,
38,Six Senses Zighy Bay SAMPLE,Nadia,20/Feb/25,3,, USD  38.50 ,,,, Sample is in process,,,,
39,"Nihi Sumba (Sugar Bowl, Wooden Spoon & Wooden Tray)",Pryanka,21/Feb/25,84," IDR  10,860,000 ",,,,, PO received ,Ibu Anis - Purchasing,Pryanka,,
40,Renarte - Purnima,Nadia,21/Feb/25,1152,," USD  15,059.00 ",,,,,,,,
41,Sudamala Resort,Nadia,21/Feb/25,840," IDR  150,630,000 ",,,,, Canceled order,,,,
42,Cap Karoso Julang,Rahadi,21/Feb/25,155," IDR  30,225,000 ",,,,, PO coming in March - repeat order,,,,
43,Park Hyatt Kuala Lumpur,Nadia,21/Feb/25,900,," USD  17,200.00 ",,,, In Sales Target March,,,,
44,Banyan Tree Buahan [Updated],Pryanka,25/Feb/25,51," IDR  9,790,000 ",,,,, This is updated for both Quotation Additional with Sauce Dish & Teapot and Quotation with Show Plate item. They changed the qty pcs,Pak Partha - Purchasing,Pryanka,,
45,Bokashi Berawa (Incense Holder),Pryanka,25/Feb/25,90," IDR  8,550,000 ",,,,, PO received,Ibu Diah - Purchasing,Pryanka,,
46,Four Seasons Sayan (UBU0156278),Pryanka,25/Feb/25,314," IDR  53,540,000 ",,,,,,Ibu Sri - Asst. Purchasing Director,Pryanka,,
47,Six Senses Kanuhura SPA (bottle),Pryanka,25/Feb/25,150,," USD  1,950.00 ",,,, PO received 17 March (Amount change into 780 USD),,,,
48,Fiel By Kay's,Pryanka,25/Feb/25,452,," USD  6,610.00 ",,,,,,,,
49,Ritz Carlton Bali (repeat order),Rahadi,26/Feb/25,," IDR  139,870,000 ",,,,, Moved to May,,,,
50,Ulu Garden (new items for Tribe - without Large Bowl),Pryanka,27/Feb/25,510," IDR  83,050,000 ",,,,,,Haley - Creative Director & Bu Medy - Finance,Pryanka,,
51,Park Hyatt Kuala Lumpur (updated),Nadia,27/Feb/25,950,," USD  18,575.00 ",,,,,,,,
52,Zest Ubud,Pryanka,28/Feb/25,100," IDR  8,150,175 ",,,,, PO received 3 March 2025,Barry ,Pryanka,,
53,Bambootel (updated Logo),Nadia,28/Feb/25,1173," IDR  184,946,000 ",,,,, In Sales Target March,,,,
54,Patina Maldives (7 outlets),Nadia,28/Feb/25,,,,,,,,,,,
,,,,,,,,,,,,,,
,March'25,,,,,,,,,,,,,
1,Kebun Bistro,Pryanka,03/Mar/25,24," IDR  6,600,000 ",,,,,,Purchasing Kebun Bistro,Pryanka,,
2,Kebun Bistro (SAMPLE),Pryanka,03/Mar/25,1," IDR  275,000 ",,,,, Treat as order,,,,
3,TS Suites Seminyak (Price Indication),Pryanka,03/Mar/25,750," IDR  157,480,000 ",,,,,,Pak Agus - Secretary Owner,Pryanka,,
4,Jumeirah Bali (SAMPLE - In-room Cloche),Pryanka,03/Mar/25,2," IDR  420,000 ",,,,, PO received 17 March 2025,Chef Alessio,Pryanka,,
5,Garden Barn,Nadia,03/Mar/25,6,, USD  216.00 ,,,,,,,,
6,Fiamma Restaurant - Fieldcrest,Nadia,03/Mar/25,80,," USD  1,260.00 ",,,,,,,,
7,Nihi Sumba - Sugar Container (revision),Pryanka,03/Mar/25,48," IDR  9,240,000 ",,,,, PO received,,,,
8,Six Senses Yao Noi (sample),Nadia,05/Mar/25,20,, USD  174.50 ,,,,,,,,
9,Mamasan,Pryanka,06/Mar/25,24," IDR  3,120,000 ",,,,,,Ibu Puspa - Purchasing,Pryanka,,
10,Capella Singapore (Fiamma Restaurant),Pryanka,06/Mar/25,370,," USD  4,800.00 ",,,,,Alvin Fieldcrest,Pryanka,,
11,Hujan Locale,Pryanka,06/Mar/25,12," IDR  1,920,000 ",,,,, 18/03: Order cancel by Pak Will,Ibu Trik - Purchasing,Pryanka,,
12,Park Hyatt Kuala Lumpur (With DDP by Air),,06/Mar/25,950,," USD  29,717.50 ",,,,,,,,
13,Jumeirah Bali (Pasta Bowl - Updated),Pryanka,06/Mar/25,50," IDR  15,000,000 ",,,,, Waiting approval from user,Pak Tjahjono,Pryanka,,
14,BGS Coffee,Rahadi,06/Mar/25,15," IDR  2,250,000 ",,,,, PO received,,,,
15,Agave & Azul (PT Vatos Tamora Indonesia),Rahadi,06/Mar/25,336," IDR  63,780,000 ",,,,,,,,,
16,Saratoga ,Rahadi,06/Mar/25,,,,,,,,,,,
17,The Round Tree,Nadia,07/Mar/25,504,," USD  6,456.00 ",,,,,,,,
18,Shelter Pererenan ,Wendy,07/Mar/25,130," IDR  17,800,000 ",,,,,,,,,
19,Ulu Garden (Updated),Pryanka,07/Mar/25,550," IDR  91,600,000 ",,,,, Adding Dessert Plate & Main Plate,Haley (Creative Director) & Risky (Purchasing),Pryanka,,
20,Nusa Dua Beach Hotel,Rahadi,07/Mar/25,46," IDR  3,496,000 ",,,,,,,,,
21,Cap Karoso Julang (Updated Disc 5%),Rahadi,07/Mar/25,155," IDR  28,713,750 ",,,,,,,,,
22,Six Senses Krabey (Updated),Nadia,10/Mar/25,473," IDR  2,250,000 "," USD  4,561.00 ",,,, Adding sunscreen bottle to 24pcs,,,,
,Four Seasons Kuda Huraa,Nadia,10/Mar/25,,," USD  5,102.50 ",,,," Sarah sent the quote, Nadia's taking over the corespondence",,,,
23,BGS Coffee (Updated),Pryanka,11/Mar/25,30," IDR  3,525,000 ",,,,, Adding the saucer,Ibu Yuly Ana,Pryanka,,
24,Zest Ubud Additional,,11/Mar/25,,,,,,,,,,,
25,Hilton Bali Sake Set updated,Rahadi,12/Mar/25,72," IDR  12,000,000 ",,,,, PO received 17 March 2025,,,,
26,Bali Asli,Pryanka,12/Mar/25,125," IDR  15,525,000 ",,,,,,Chef Penelope,Pryanka,,
27,Hilton Bali Lounge,Rahadi,12/Mar/25,1168," IDR  157,100,000 ",,,,,,,,,
28,Raffles Singapore,Rahadi,12/Mar/25,156,," USD  2,640.00 ",,,,,,,,
29,Mandara SPA,Pryanka,12/Mar/25,50," IDR  4,500,000 ",,,,, PO received 13 Mar,Ibu Luh Martini - Purchasing,Pryanka,,
30,Milano Canggu (White Goose Boutique Hotel),Pryanka,13/Mar/25,120," IDR  17,880,000 ",,,,,,Bapak Widhi,Pryanka,,
31,12 Urban Cafe Canggu (Price Indication),Pryanka,14/Mar/25,1710," IDR  232,875,000 ",,,,,,Maksim - Owner,Pryanka,,
32,Surasang Restaurant,Rahadi,14/Mar/25,550," IDR  73,750,000 ",,,,,,,,,
33,Ayana Bali Dava,Pryanka,14/Mar/25,350," IDR  29,250,000 ",,,,,,Ibu Arvinia - Steward,Pryanka,,
34,Indigo Seminyak - Urchin Bowl,Pryanka,17/Mar/25,30," IDR  4,800,000 ",,,,,,Chef Heri,Pryanka,,
35,Capella Taipei,Nadia,17/Mar/25,30,, USD  540.00 ,,,,,,,,
,,,,,,,,,,,,,,
,,,,,,,,,,,,,,
,,,,,,,,,,,,,,
,,,,,,,,,,,,,,
,,,,,,,,,,,,,,
,,,,,,,,,,,,,,
,,,,,,,,,,,,,,
,,,,,,,,,,,,,,
,,,,,,,,,,,,,,
,,,,,,,,,,,,,,
,,,,,,,,,,,,,,
,,,,,,,,,,,,,,
,,,,,,,,,,,,,,
,,,,," IDR  4,489,584,000 "," USD  33,065.00 ",,,," USD  495,975,000.00 ",,,,
,,,,," IDR  4,985,559,000 ",,,,,,,,,
