Company_Name,PO Number,Date,Trade_Type,Total,Total_Quantity,Location,Customer_Category,Country
zi biru,,04/09/2024,Local,36686055.0,0,,Restaurant,Indonesia
zi biru,-,31/12/2024,Local,7215000.0,50,Bali,Restaurant,Indonesia
yen group indonesia,,21/09/2023,,13908300.0,0,,Restaurant,Indonesia
yawara boga indonesia,,17/05/2024,,297468900.0,0,,Restaurant,Indonesia
wynncor bali,,26/03/2024,Local,24142500.0,0,,Hotel,Indonesia
wynncor bali,,21/06/2024,Local,11100000.0,0,,Hotel,Indonesia
wynncor bali,,10/07/2024,Local,19258500.0,0,,Hotel,Indonesia
wynncor bali,DPSAZ0000053493,21/02/2025,Local,29082000.0,188,,Hotel,Indonesia
wynncor bali,DPSAZ0000053055,19/02/2025,Local,3663000.0,15,,Hotel,Indonesia
wana kamala gemilang,,23/02/2024,,131548875.0,0,,Restaurant,Indonesia
waldorf astoria maldives ithaa fushi,,25/04/2024,Export,15512.0,0,,Hotel,Maldives
waldorf astoria maldives ithaa fushi,,18/04/2024,Export,3240.0,0,,Hotel,Maldives
waldorf astoria maldives ithaa fushi,,22/12/2023,Export,1750.0,0,,Hotel,Maldives
waldorf astoria maldives ithaa fushi,,26/03/2024,Export,2496.0,0,,Hotel,Maldives
waldorf astoria maldives ithaa fushi,,01/03/2024,Export,1410.0,0,,Hotel,Maldives
waldorf astoria maldives ithaa fushi,MLEON59328,20/12/2024,Export,16602.21,1639,Maldives,Hotel,Maldives
wakatobi resort,,16/05/2024,,6160500.0,0,,Hotel,Indonesia
wakatobi resort,,03/05/2024,,1598400.0,0,,Hotel,Indonesia
wahana duta jaya rucika,,04/03/2024,,38206200.0,0,,Personal,Indonesia
w hotel maldives,,28/10/2024,Export,13880.0,0,,Hotel,Maldives
w hotel maldives,Jan/24,19/12/2024,Export,11732.5,780,Maldives,Hotel,Maldives
vista padang asri,,10/01/2024,Local,2497500.0,0,,Hotel,Indonesia
vista padang asri,,20/05/2024,Local,10267500.0,0,,Hotel,Indonesia
vista padang asri,-,03/02/2025,Local,6926400.0,29,Bali,Hotel,Indonesia
vasanta group,,11/06/2024,,464446200.0,0,,Hotel,Indonesia
vasanta group,,13/06/2024,,372249600.0,0,,Hotel,Indonesia
vasanta group,,13/06/2024,,122738250.0,0,,Hotel,Indonesia
usaha pogu boga,,19/07/2024,,16516800.0,0,,Restaurant,Indonesia
usaha liburan uluwatu,,03/01/2024,,4162500.0,0,,Restaurant,Indonesia
usaha liburan uluwatu,,13/09/2024,,59773500.0,0,,Restaurant,Indonesia
ungasan semesta resort,DPSOL2411125,06/11/2024,Local,41524267.0,283,Bali,Hotel,Indonesia
ungasan semesta resort,DPSOL2413288,23/12/2024,Local,18927720.0,96,Bali,Hotel,Indonesia
ulu garden,-,19/03/2025,Local,146311875.0,800,,Restaurant,Indonesia
ulekan berawa,,05/04/2024,,12187800.0,0,,Restaurant,Indonesia
tina,,28/06/2024,,3.0,0,,Umum,Indonesia
tigapilar selaras utama,,19/12/2023,,10966800.0,0,,Hotel,Indonesia
the sanubari hotel,,19/12/2023,Local,40936800.0,0,,Hotel,Indonesia
the sanubari hotel,,13/02/2024,Local,7492500.0,0,,Hotel,Indonesia
the sanubari hotel,,08/08/2024,Local,31302000.0,0,,Hotel,Indonesia
the sanubari hotel,2412025,07/02/2025,Local,122585625.0,800,Sumba,Hotel,Indonesia
the royal purnama,,06/06/2024,,23842800.0,0,,Hotel,Indonesia
the ritz carlton bahrain,,22/05/2024,,15250.0,0,,Hotel,Bahrain
the oberoi beach resort bali,35531,22/11/2024,Local,128010750.0,635,Bali,Hotel,Indonesia
the lombok lodge,,23/01/2024,,67710000.0,0,,Hotel,Indonesia
the lemon tree curacao,,12/04/2024,,415007500.0,0,,Hotel,Indonesia
the lemon tree curacao,,12/04/2024,,276355000.0,0,,Hotel,Indonesia
the damai hotel,,12/09/2024,,39538200.0,0,,Hotel,Indonesia
the damai hotel,,08/05/2024,,63214500.0,0,,Hotel,Indonesia
the asa maia,P241031001,06/11/2024,Local,17389260.0,112,Bali,Hotel,Indonesia
telaga cita rasa,,15/05/2024,,21578400.0,0,,Personal,Indonesia
tejaprana spa & resort,,29/07/2024,,23809500.0,0,,Hotel,Indonesia
tejaprana spa & resort,,29/07/2024,,16983000.0,0,,Hotel,Indonesia
tejaprana spa & resort,,29/07/2024,,70374000.0,0,,Hotel,Indonesia
taurus gemilang,,15/01/2024,,12598500.0,0,,Restaurant,Indonesia
taurus gemilang,,31/05/2024,,52292100.0,0,,Restaurant,Indonesia
taurus gemilang,,30/09/2024,,394050.0,0,,Restaurant,Indonesia
tanjung benoa indonesia,7981,17/12/2024,Local,1248750.0,15,Bali,Hotel,Indonesia
tanjung benoa indonesia,-,02/01/2024,Local,10200900.0,108,Bali,Hotel,Indonesia
tanjung benoa indonesia,11651,17/12/2024,Local,29992200.0,236,Bali,Hotel,Indonesia
tanjung benoa indonesia,13942,21/03/2025,Local,10389600.0,36,Bali,Hotel,Indonesia
tanjung benoa indonesia,11620,17/12/2024,Local,46553400.0,216,Bali,Hotel,Indonesia
tanadewa resort & spa ubud,,10/07/2024,Local,42757200.0,0,,Hotel,Indonesia
tanadewa resort & spa ubud,P250224001-REPRINT1,26/02/2025,Local,42757200.0,168,,Hotel,Indonesia
tabula rasa,-,21/02/2025,Local,51481800.0,246,,Hotel,Indonesia
tabula rasa,-,21/02/2025,Local,24375600.0,144,,Hotel,Indonesia
tabula rasa,-,21/02/2025,Local,25108200.0,96,,Hotel,Indonesia
tabula rasa,,26/12/2024,Local,5106000.0,0,,Hotel,Indonesia
sutera bali,,01/02/2024,Local,3663000.0,0,,Restaurant,Indonesia
sutera bali,,09/05/2024,Local,7059600.0,0,,Restaurant,Indonesia
sutera bali,,15/04/2024,Local,25308000.0,0,,Restaurant,Indonesia
sutera bali,,30/04/2024,Local,8591400.0,0,,Restaurant,Indonesia
sutera bali,-,11/03/2025,Local,3463200.0,24,,Restaurant,Indonesia
sutera bali,,08/10/2024,Local,18315000.0,0,,Restaurant,Indonesia
surasang pik,-,20/03/2025,Local,46059450.0,311,,Local,Indonesia
"surabaya boga, cv",PO21726,30/01/2025,Local,13666320.0,48,,Restaurant,Indonesia
"surabaya boga, cv",PO21497,10/01/2025,Local,11177700.0,20,Jawa Timur,Restaurant,Indonesia
sungguh sangat nikmat,,11/02/2024,,44888400.0,0,,Restaurant,Indonesia
success venture hotel investments,,19/02/2024,,2959150.0,0,,Hotel,Indonesia
success venture hotel investment,,21/03/2024,,913336277.0,0,,Hotel,Indonesia
success venture hotel investment,,14/06/2024,,6915690.0,0,,Hotel,Indonesia
"ssp taurus gemilang indonesia, pt",-,17/12/2024,Local,9990000.0,36,Bali,Restaurant,Indonesia
"ssp taurus gemilang indonesia, pt",-,17/12/2024,Local,13320000.0,48,Bali,Restaurant,Indonesia
spirit real-estate development company,,08/02/2024,,80.0,0,,Hotel,Kuwait
spirit real-estate development company,,23/05/2024,,11400.0,0,,Hotel,Kuwait
southern dunes operations & maintenance co.,,27/03/2024,,2355.6,0,,Hotel,Saudi Arabia
southern dunes operations & maintenance co.,,25/06/2024,,412.5,0,,Hotel,Saudi Arabia
southern dunes operations & maintenance co.,,06/09/2024,,0.0,0,,Hotel,Saudi Arabia
sonia,,04/04/2024,,3091.42,0,,Personal,Canada
solana retreat ubud,-,30/01/2025,Local,30747000.0,135,,Hotel,Indonesia
smeeta - chef jolly,-,27/02/2025,Export,3257.0,184,,Restaurant,India
six senses con dao,4187,15/01/2025,Export,5611.0,578,Vietnam,Hotel,Vietnam
simon burgess,,06/12/2023,,1840.0,0,,Personal,Italy
simon & son's,,03/07/2024,,189238350.0,0,,Restaurant,Indonesia
silolona pinisi eksplorer,-,19/09/2024,Local,111621600.0,480,Bali,Hotel,Indonesia
sheraton melbourne hotel,,31/01/2024,,780.0,0,,Hotel,Australia
shelter indonesia group,,12/12/2023,Local,41391900.0,0,,Restaurant,Indonesia
shelter indonesia group,,03/01/2024,Local,16650000.0,0,,Restaurant,Indonesia
shelter indonesia group,,18/03/2024,Local,3663000.0,0,,Restaurant,Indonesia
shelter indonesia group,,12/08/2024,Local,3885000.0,0,,Restaurant,Indonesia
shelter indonesia group,,21/03/2024,Local,15706500.0,0,,Restaurant,Indonesia
shelter indonesia group,,21/03/2024,Local,197644935.0,0,,Restaurant,Indonesia
shelter indonesia group,-,17/03/2025,Local,19758000.0,130,,Restaurant,Indonesia
shelter indonesia group,,12/08/2024,Local,23310000.0,0,,Restaurant,Indonesia
shelter indonesia group,,18/12/2024,Local,8325000.0,0,,Restaurant,Indonesia
sharon frances,,16/01/2024,,17138400.0,0,,Personal,Indonesia
sequitur resorts pty limited (six senses fiji),,24/05/2024,,1467.0,0,,Hotel,Fiji
seniman industries,,03/01/2024,Local,3552000.0,0,,Hotel,Indonesia
seniman industries,,06/05/2024,Local,4262400.0,0,,Hotel,Indonesia
seniman industries,-,25/10/2024,Local,16872000.0,190,Bali,Hotel,Indonesia
selera dapur sedap,PO202411270001,09/12/2024,Local,18514800.0,72,Bali,Restaurant,Indonesia
selera dapur sedap,,11/12/2023,Local,78854400.0,0,,Restaurant,Indonesia
sejahtera indoco,,25/03/2024,,5594400.0,0,,Hotel,Indonesia
sejahtera indoco,,03/01/2024,,41494575.0,0,,Hotel,Indonesia
sejahtera indoco,,03/11/2023,,258299775.0,0,,Hotel,Indonesia
sejahtera indoco,,21/08/2024,,48118500.0,0,,Hotel,Indonesia
sejahtera indoco,,19/09/2024,,17982000.0,0,,Hotel,Indonesia
sardine,,10/09/2024,,17615700.0,0,,Restaurant,Indonesia
santanera,,30/05/2024,,24508800.0,0,,Restaurant,Indonesia
samanvaya,,26/01/2024,Local,11738250.0,0,,Hotel,Indonesia
samanvaya,,15/05/2024,Local,54778500.0,0,,Hotel,Indonesia
samanvaya,,08/07/2024,Local,3579750.0,0,,Hotel,Indonesia
samanvaya,,27/08/2024,Local,4262400.0,0,,Hotel,Indonesia
samanvaya,-,07/02/2025,Local,24647550.0,178,Bali,Hotel,Indonesia
samabe luxury resort,-,11/12/2024,Local,17582400.0,45,Bali,Hotel,Indonesia
"rpb investment co., ltd.",-,18/02/2025,Export,4417.0,461,,Export,Cambodia
rosewood hotel doha,,08/08/2024,Export,9425.0,0,,Hotel,Qatar
rosewood hotel doha,P12000111,05/03/2025,Export,187.15,13,,Hotel,Qatar
riviera bistro,,14/11/2024,Local,1864800.0,0,,Restaurant,Indonesia
riviera bistro,,22/05/2024,Local,128944260.0,0,,Restaurant,Indonesia
riviera bistro,-,23/01/2025,Local,6726600.0,60,Bali,Restaurant,Indonesia
riviera bistro,,23/07/2024,Local,1332000.0,0,,Restaurant,Indonesia
riviera bistro,,25/07/2024,Local,6293700.0,0,,Restaurant,Indonesia
riviera bistro,,21/08/2024,Local,20535000.0,0,,Restaurant,Indonesia
riviera bistro,-,21/01/2025,Local,13997100.0,74,,Restaurant,Indonesia
rishab hotel & restaurant,,12/06/2024,,55645.0,0,,Hotel,India
revolver cinta kopi,,22/12/2023,Local,32495250.0,0,,Restaurant,Indonesia
revolver cinta kopi,-,11/12/2024,Local,22444200.0,87,Bali,Restaurant,Indonesia
renarte general trading llc,,11/01/2024,Export,1872.0,0,,Agent,United Arab Emirates
renarte general trading llc,,18/01/2024,Export,508.8,0,,Agent,United Arab Emirates
renarte general trading llc,2024-2279,16/12/2024,Export,984.0,48,Uni Emirat Arab,Agent,United Arab Emirates
reef hospitality solutions and trading company,-,04/06/2024,Export,41723.9,2560,,Hotel,Saudi Arabia
reef hospitality solutions and trading company,-,03/06/2024,Export,4100.8,160,,Hotel,Saudi Arabia
reef hospitality solutions and trading company,-,04/06/2024,Export,34661.0,2470,,Hotel,Saudi Arabia
reef hospitality solutions and trading company,-,03/06/2024,Export,29770.9,1960,,Hotel,Saudi Arabia
reef hospitality solutions and trading company,-,04/06/2024,Export,45109.8,2960,,Hotel,Saudi Arabia
reef hospitality solutions and trading company,-,04/06/2024,Export,31468.94,1990,Saudi Arabia,Hotel,Saudi Arabia
reef hospitality solutions and trading company,-,03/06/2024,Export,11078.2,560,,Hotel,Saudi Arabia
reef hospitality solutions and trading company,-,03/06/2024,Export,77544.8,4240,,Hotel,Saudi Arabia
reef hospitality solutions and trading company,-,03/06/2024,Export,75466.82,4708,,Hotel,Saudi Arabia
reef hospitality solutions and trading company,-,04/06/2024,Export,4104.0,160,,Hotel,Saudi Arabia
rayjin ubud,,19/08/2024,,20823600.0,0,,Restaurant,Indonesia
range developments msd limited (six sense grenada),,09/12/2023,,450.0,0,,Hotel,Grenada
radhat al jabal llc (hotel indigo jabal akhdar resort & spa),,01/03/2024,,43392.5,0,,Hotel,Oman
pt vatos tamora indonesia,-,11/03/2025,Local,70795800.0,336,,Restaurant,Indonesia
pt mda abs tamora,,09/08/2024,,153080100.0,0,,Restaurant,Indonesia
pt caterison sukses,,31/05/2024,Local,555000000.0,0,,Hotel,Indonesia
pt caterison sukses,CS/0056/III/25,18/03/2025,Local,13320000.0,72,,Hotel,Indonesia
pt caterison sukses,CS/0068/III/25,25/03/2025,Local,176417850.0,1220,,Hotel,Indonesia
pt autogrill services indonesia,,29/11/2023,Local,53621325.0,0,,Restaurant,Indonesia
pt autogrill services indonesia,,24/05/2024,Local,136035772.0,0,,Restaurant,Indonesia
pt autogrill services indonesia,,04/06/2024,Local,704850.0,0,,Restaurant,Indonesia
pt autogrill services indonesia,PO-BMker/6948/12/WGP-ASI/2024,05/12/2024,Local,155011500.0,830,Bali,Restaurant,Indonesia
prima ismaya sejahtera,,28/05/2024,,4218000.0,0,,Restaurant,Indonesia
prima ismaya sejahtera,,21/05/2024,,6793200.0,0,,Restaurant,Indonesia
prima ismaya sejahtera,,31/07/2024,,19846800.0,0,,Restaurant,Indonesia
prima fenomena jaya,,12/12/2023,,72333150.0,0,,Restaurant,Indonesia
prima fenomena jaya,,26/06/2024,,29481600.0,0,,Restaurant,Indonesia
prima fenomena jaya,,28/05/2024,,4218000.0,0,,Restaurant,Indonesia
"prima adhitama international development, pt",2024167089,13/01/2025,Local,7770000.0,50,,Hotel,Indonesia
pribadi boga utama,,15/11/2024,,6926400.0,0,,Restaurant,Indonesia
pribadi boga utama,,13/03/2024,,48551400.0,0,,Restaurant,Indonesia
pribadi boga utama,,06/06/2024,,6327000.0,0,,Restaurant,Indonesia
pribadi boga utama,,09/09/2024,,16516800.0,0,,Restaurant,Indonesia
prapat agung permai,,12/09/2024,,96736500.0,0,,Hotel,Indonesia
prapat agung permai,,22/05/2024,,6393600.0,0,,Hotel,Indonesia
"pnb merdeka tower hotel sdn bhd d/b/a park hyatt, kuala lumpur",-,26/03/2025,Export,29717.5,950,Kuala Lumpur,Hotel,Malaysia
pmj sakti gamat,,12/12/2023,,9324000.0,0,,Hotel,Indonesia
permadani khatulistiwa nusantara,,19/11/2024,,1492950.0,0,,Hotel,Indonesia
permadani khatulistiwa nusantara,,02/08/2024,,383891060.0,0,,Hotel,Indonesia
paul mcallister,,03/12/2024,,228.0,0,,Personal,Australia
patina maldives fari islands,,01/01/2024,,3672.0,0,,Hotel,Maldives
patina maldives fari islands,,01/01/2024,,5514.0,0,,Hotel,Maldives
patina maldives fari islands,,01/01/2024,,4314.0,0,,Hotel,Maldives
patina maldives fari islands,,20/12/2023,,25176.0,0,,Hotel,Maldives
patina maldives fari islands,,01/01/2024,,3792.0,0,,Hotel,Maldives
patina maldives fari islands,,01/01/2024,,6030.0,0,,Hotel,Maldives
patina maldives fari islands,,01/01/2024,,7686.0,0,,Hotel,Maldives
patina maldives fari islands,,15/04/2024,,900.0,0,,Hotel,Maldives
patina maldives fari islands,,29/03/2024,,3000.0,0,,Hotel,Maldives
"pasar tani indoguna, cv",21724,30/01/2025,Local,14685300.0,60,,Umum,Indonesia
"pasar tani indoguna, cv",21723,30/01/2025,Local,14685300.0,60,,Umum,Indonesia
"pasar tani indoguna, cv",PO21492,10/01/2025,Local,11177700.0,20,Jakarta,Umum,Indonesia
"pasar tani indoguna, cv",PO21493,10/01/2025,Local,11177700.0,20,Jakarta,Umum,Indonesia
paola buendia,-,28/02/2025,Local,4795200.0,24,,Personal,Indonesia
"palembang boga utama, cv",PO21494,10/01/2025,Local,11177700.0,20,Kalimantan Timur,Restaurant,Indonesia
"palembang boga utama, cv",PO21722,30/01/2025,Local,29550420.0,108,,Restaurant,Indonesia
pak dio,-,31/01/2025,Local,31348620.0,120,,Personal,Indonesia
pahdi alam sejahtera,,18/01/2024,Local,27195000.0,0,,Restaurant,Indonesia
pahdi alam sejahtera,-,15/11/2024,Local,255854722.0,882,Bali,Restaurant,Indonesia
pacific resorts buana indonesia,,29/08/2024,Local,1714950.0,0,,Hotel,Indonesia
pacific resorts buana indonesia,-,19/12/2024,Local,77700000.0,480,Bali,Hotel,Indonesia
pablo long time asian restaurant,,18/04/2024,,6216000.0,0,,Restaurant,Indonesia
pablo long time asian restaurant,,22/01/2024,,149239500.0,0,,Restaurant,Indonesia
pablo long time asian restaurant,,19/03/2024,,4662000.0,0,,Restaurant,Indonesia
pablo long time asian restaurant,,04/06/2024,,10822500.0,0,,Restaurant,Indonesia
pablo long time asian restaurant,,03/09/2024,,2797200.0,0,,Restaurant,Indonesia
original vision (antigua) ltd,,24/12/2024,Export,35123.4,0,,Umum,Antigua And Barbuda
original vision (antigua) ltd,-,10/01/2025,Export,1399.95,8,,Umum,Antigua And Barbuda
original vision (antigua) ltd,-,24/12/2024,Export,33399.99,2125,Antigua,Umum,Antigua And Barbuda
optimist pererenan,,19/01/2024,,179792250.0,0,,Restaurant,Indonesia
optimist pererenan,,04/06/2024,,42918150.0,0,,Restaurant,Indonesia
nusantara ubud,,11/06/2024,,26420220.0,0,,Restaurant,Indonesia
nusantara ubud,,06/02/2024,,24697500.0,0,,Restaurant,Indonesia
nusantara island resort,,08/02/2024,,15961800.0,0,,Hotel,Indonesia
nusadua graha international,,19/03/2024,Local,195110250.0,0,,Hotel,Indonesia
nusadua graha international,,12/04/2024,Local,36630000.0,0,,Hotel,Indonesia
nusadua graha international,,18/07/2024,Local,47041245.0,0,,Hotel,Indonesia
nusadua graha international,,12/07/2024,Local,15540000.0,0,,Hotel,Indonesia
nusadua graha international,,13/09/2024,Local,25308000.0,0,,Hotel,Indonesia
nusadua graha international,1DSLV00115616,26/12/2024,Local,17715600.0,72,Bali,Hotel,Indonesia
new top limited,2240820ID001,20/08/2024,Export,27507.25,1710,Taiwan,Hotel,Taiwan
new top limited,,07/10/2024,Export,9220.0,0,,Hotel,Taiwan
naughty nuris sanur,,20/11/2024,,5772000.0,0,,Restaurant,Indonesia
nativa graha saji,,01/02/2024,Local,1465200.0,0,,Restaurant,Indonesia
nativa graha saji,,18/04/2024,Local,6526800.0,0,,Restaurant,Indonesia
nativa graha saji,,02/10/2024,Local,17288250.0,0,,Restaurant,Indonesia
nativa graha saji,,23/07/2024,Local,3663000.0,0,,Restaurant,Indonesia
nativa graha saji,-,02/12/2024,Local,8652450.0,67,Bali,Restaurant,Indonesia
nativa graha saji,,08/01/2025,Local,5106000.0,0,,Restaurant,Indonesia
nae um,,27/05/2024,,500.0,0,,Restaurant,Singapore
mushka dua bali,,04/12/2023,,79032000.0,0,,Restaurant,Indonesia
mushka dua bali,,19/02/2024,,19980000.0,0,,Restaurant,Indonesia
mts investments indonesia,,24/05/2024,,9102000.0,0,,Hotel,Indonesia
mozaic ubud,,20/05/2024,,55466700.0,0,,Restaurant,Indonesia
monokuro,-,26/11/2024,Local,17815500.0,102,Bali,Restaurant,Indonesia
monokuro,,31/07/2024,Local,5661000.0,0,,Restaurant,Indonesia
mnc land tbk,,27/08/2024,,21445200.0,0,,Hotel,Indonesia
mitra mulia boga nusantara,,29/11/2023,,2530800.0,0,,Restaurant,Indonesia
mitra mulia boga nusantara,,30/07/2024,,23443200.0,0,,Restaurant,Indonesia
"mimosa cityscapes, inc.",-,29/03/2024,Export,4652.5,195,,Restaurant,Philippines
milk bar,,14/06/2024,,7059600.0,0,,Restaurant,Indonesia
michael lorenti,,20/05/2024,,3829500.0,0,,Personal,Indonesia
michael lorenti,,09/05/2024,,34365600.0,0,,Personal,Indonesia
mg hotel supplies llc,,12/12/2023,Export,864.0,0,,Agent,United Arab Emirates
mg hotel supplies llc,,10/06/2024,Export,1482.0,0,,Agent,United Arab Emirates
mg hotel supplies llc,,06/06/2024,Export,3610.0,0,,Agent,United Arab Emirates
mg hotel supplies llc,,05/06/2024,Export,348.0,0,,Agent,United Arab Emirates
mg hotel supplies llc,-,13/02/2025,Export,276.0,12,,Agent,United Arab Emirates
menara permata properti,,29/11/2023,,9768000.0,0,,Hotel,Indonesia
menara permata properti,,29/11/2023,,6660000.0,0,,Hotel,Indonesia
maya resort,,18/12/2023,Local,11683860.0,0,,Hotel,Indonesia
maya resort,,05/12/2023,Local,6327000.0,0,,Hotel,Indonesia
maya resort,,11/01/2024,Local,76683240.0,0,,Hotel,Indonesia
maya resort,,12/02/2024,Local,11810400.0,0,,Hotel,Indonesia
maya resort,,26/01/2024,Local,7492500.0,0,,Hotel,Indonesia
maya resort,,28/11/2023,Local,35483925.0,0,,Hotel,Indonesia
maya resort,,23/05/2024,Local,6696075.0,0,,Hotel,Indonesia
maya resort,,23/05/2024,Local,23304450.0,0,,Hotel,Indonesia
maya resort,,04/07/2024,Local,5994000.0,0,,Hotel,Indonesia
maya resort,,13/08/2024,Local,4745250.0,0,,Hotel,Indonesia
maya resort,P240627023,18/10/2024,Local,14985000.0,60,Bali,Hotel,Indonesia
maya resort,P240927002,30/09/2024,Local,94957725.0,528,Bali,Hotel,Indonesia
maya resort,P240927003,30/09/2024,Local,39991912.0,300,Bali,Hotel,Indonesia
maya resort,P240927005,30/09/2024,Local,22144500.0,80,Bali,Hotel,Indonesia
maya resort,P240927004,30/09/2024,Local,17741962.0,175,Bali,Hotel,Indonesia
marloe marloe indonesia,,18/10/2024,,1450.0,0,,Artist Collaboration,Indonesia
marina bay sands,,30/01/2024,,7740.0,0,,Hotel,Singapore
margaret bistro canggu,,03/10/2024,,123459750.0,0,,Restaurant,Indonesia
mandara spa indonesia,,25/04/2024,Local,21645000.0,0,,SPA,Indonesia
mandara spa indonesia,33672,13/03/2025,Local,4995000.0,50,,SPA,Indonesia
"makasar boga utama, cv",PO21499,10/01/2025,Local,11177700.0,20,Sulawesi Selatan,Restaurant,Indonesia
"makasar boga utama, cv",PO21725,30/01/2025,Local,17082900.0,60,,Restaurant,Indonesia
made by umah,,24/01/2025,Local,333000.0,0,,Personal,Indonesia
made by umah,-,05/02/2025,Local,33300000.0,100,Bali,Personal,Indonesia
made by umah,-,06/02/2025,Local,2064.600025,100,Bali,Personal,Indonesia
mactan seascapes service inc (crimson),,03/01/2024,Export,780.0,0,,Hotel,Philippines
mactan seascapes service inc (crimson),,21/05/2024,Export,9500.0,0,,Hotel,Philippines
mactan seascapes service inc (crimson),POR0000012559,26/07/2024,Export,23873.88,1981,Philipina,Hotel,Philippines
"lombok kulina utama, pt",PO21719,30/01/2025,Local,131148720.0,528,,Restaurant,Indonesia
loloan bali,,23/07/2024,Local,10267500.0,0,,Restaurant,Indonesia
loloan bali,-,29/01/2025,Local,232878000.0,920,,Restaurant,Indonesia
"loka neka jaya, pt",,13/12/2023,Local,83717050.0,0,,Restaurant,Indonesia
"loka neka jaya, pt",,18/01/2024,Local,5594400.0,0,,Restaurant,Indonesia
"loka neka jaya, pt",,18/01/2024,Local,3413250.0,0,,Restaurant,Indonesia
"loka neka jaya, pt",,21/02/2024,Local,73260000.0,0,,Restaurant,Indonesia
"loka neka jaya, pt",18112024 (NXT),15/11/2024,Local,10545000.0,50,Bali,Restaurant,Indonesia
leisure ventures langkawi sdn bhd,,24/05/2024,,10098.0,0,,Hotel,Malaysia
leisure oceans private limited (six sense kanuhura),,09/09/2024,Export,1500.0,0,,Hotel,Maldives
leisure oceans private limited (six sense kanuhura),K202501-00390,18/02/2025,Export,468.0,72,,Hotel,Maldives
leisure oceans private limited (six sense kanuhura),K202412-04717,19/12/2024,Local,1885.0,200,Maldives,Hotel,Maldives
leisure oceans private limited (six sense kanuhura),K202503-01190,17/03/2025,Export,780.0,60,,Hotel,Maldives
kreasi cipta karsa,,03/01/2024,Local,11544000.0,0,,Hotel,Indonesia
kreasi cipta karsa,,05/03/2024,Local,41070000.0,0,,Hotel,Indonesia
kreasi cipta karsa,PO202502-03407,17/02/2025,Local,189421500.0,840,Jakarta,Hotel,Indonesia
"kopi bar sela, pt",,02/01/2025,Local,5061600.0,0,,Restaurant,Indonesia
"kopi bar sela, pt",-,20/03/2025,Local,2136750.0,35,,Restaurant,Indonesia
"kopi bar sela, pt",422024,23/01/2025,Local,221850150.0,1160,Bali,Restaurant,Indonesia
kiros hospitality solutions pvt. ltd.,,25/07/2024,,2760.5,0,,Hotel,India
kevala keramik bali,,16/07/2024,Local,70462800.0,0,,Umum,Indonesia
kevala keramik bali,,16/07/2024,Local,653106240.0,0,,Umum,Indonesia
kevala keramik bali,,16/07/2024,Local,128794632.0,0,,Umum,Indonesia
kevala keramik bali,,16/07/2024,Local,407778480.0,0,,Umum,Indonesia
kevala keramik bali,,24/07/2024,Local,420725520.0,0,,Umum,Indonesia
kevala keramik bali,,17/01/2025,Local,56956320.0,0,,Umum,Indonesia
kevala keramik bali,,05/11/2024,Local,31035600.0,0,,Umum,Indonesia
kevala keramik bali,,09/10/2024,Local,276168000.0,0,,Umum,Indonesia
kevala keramik bali,,05/11/2024,Local,851414400.0,0,,Umum,Indonesia
kevala keramik bali,,09/10/2024,Local,122801520.0,0,,Umum,Indonesia
kevala keramik bali,,09/10/2024,Local,55300200.0,0,,Umum,Indonesia
kevala keramik bali,,09/10/2024,Local,301999920.0,0,,Umum,Indonesia
kevala keramik bali,,09/10/2024,Local,252835800.0,0,,Umum,Indonesia
kevala keramik bali,,09/10/2024,Local,213528480.0,0,,Umum,Indonesia
kevala keramik bali,,09/10/2024,Local,108891000.0,0,,Umum,Indonesia
kevala keramik bali,-,26/03/2025,Local,128794632.0,802,,Umum,Indonesia
kevala keramik bali,-,26/03/2025,Local,83969280.0,456,,Umum,Indonesia
kevala keramik bali,-,26/03/2025,Local,22777200.0,54,,Umum,Indonesia
kevala keramik bali,,21/11/2024,Local,75124800.0,0,,Umum,Indonesia
kevala keramik bali,,20/11/2024,Local,34450000.0,0,,Umum,Indonesia
kevala keramik bali,,21/11/2024,Local,133026840.0,0,,Umum,Indonesia
kevala keramik bali,,08/11/2024,Local,159413760.0,0,,Umum,Indonesia
kevala keramik bali,,08/11/2024,Local,218221560.0,0,,Umum,Indonesia
kevala keramik bali,,07/11/2024,Local,207112680.0,0,,Umum,Indonesia
kevala keramik bali,,06/11/2024,Local,99340560.0,0,,Umum,Indonesia
kevala keramik bali,,07/11/2024,Local,142197660.0,0,,Umum,Indonesia
kevala keramik bali,,12/11/2024,Local,43583040.0,0,,Umum,Indonesia
kevala keramik bali,,12/11/2024,Local,73846080.0,0,,Umum,Indonesia
kevala keramik bali,,12/11/2024,Local,124595280.0,0,,Umum,Indonesia
kevala keramik bali,,06/11/2024,Local,176143680.0,0,,Umum,Indonesia
kevala keramik bali,-,26/03/2025,Local,21978000.0,120,,Umum,Indonesia
kevala keramik bali,,17/01/2025,Local,28238400.0,0,,Umum,Indonesia
kevala keramik bali,,17/01/2025,Local,127112760.0,0,,Umum,Indonesia
kevala keramik bali,,17/01/2025,Local,124675200.0,0,,Umum,Indonesia
kevala keramik bali,,17/01/2025,Local,100752480.0,0,,Umum,Indonesia
kevala keramik bali,-,26/03/2025,Local,59646960.0,420,,Umum,Indonesia
kevala keramik bali,-,26/03/2025,Local,58980960.0,468,,Umum,Indonesia
kevala keramik bali,-,27/03/2025,Local,103487520.0,572,,Umum,Indonesia
kevala keramik bali,-,26/03/2025,Local,3356640.0,24,,Umum,Indonesia
keraton at the plaza,Sample,12/12/2024,Local,2109000.0,5,Bali,Hotel,Indonesia
keraton at the plaza,-,24/02/2025,Local,44677500.0,100,,Hotel,Indonesia
kebun bistro ubud,,07/02/2024,Local,18559200.0,0,,Restaurant,Indonesia
kebun bistro ubud,-,13/03/2025,Local,305250.0,1,,Restaurant,Indonesia
karya agung kisma lestari,,20/05/2024,,24420000.0,0,,Hotel,Indonesia
karya agung kisma lestari,,02/07/2024,,6660000.0,0,,Hotel,Indonesia
karang mas sejahtera,,15/04/2024,Local,136557750.0,0,,Hotel,Indonesia
karang mas sejahtera,,20/02/2024,Local,49950000.0,0,,Hotel,Indonesia
karang mas sejahtera,,20/05/2024,Local,62742750.0,0,,Hotel,Indonesia
karang mas sejahtera,,05/02/2024,Local,226480237.0,0,,Hotel,Indonesia
karang mas sejahtera,,06/06/2024,Local,1404150.0,0,,Hotel,Indonesia
karang mas sejahtera,,05/02/2024,Local,16872000.0,0,,Hotel,Indonesia
karang mas sejahtera,,28/05/2024,Local,3296700.0,0,,Hotel,Indonesia
karang mas sejahtera,,20/08/2024,Local,239766937.0,0,,Hotel,Indonesia
karang mas sejahtera,,10/09/2024,Local,15429000.0,0,,Hotel,Indonesia
karang mas sejahtera,,07/10/2024,Local,1842600.0,0,,Hotel,Indonesia
karang mas sejahtera,2025008470,23/01/2025,Local,699980852.0,3955,Bali,Hotel,Indonesia
karang mas sejahtera,2024164203 Ayana Bali SPA,26/12/2024,Local,5594400.0,24,Bali,Hotel,Indonesia
karang mas sejahtera,2024116025,18/09/2024,Local,344655000.0,1300,Bali,Hotel,Indonesia
karang mas sejahtera,2024123106,02/10/2024,Local,485908327.0,2545,Bali,Hotel,Indonesia
kala hospitality group,,03/01/2024,,166056000.0,0,,Restaurant,Indonesia
kala hospitality group,,18/09/2024,,21090000.0,0,,Restaurant,Indonesia
kaia restaurant,-,27/01/2025,Local,17982000.0,60,Bali,Restaurant,Indonesia
kafe ubud,,01/01/2024,,31080000.0,0,,Restaurant,Indonesia
"jtb trading, inc. ( six sense kyoto)",,21/03/2024,,542.5,0,,Hotel,Japan
"jtb trading, inc. ( six sense kyoto)",,29/03/2024,,1225.0,0,,Hotel,Japan
johan janssen pty ltd,,27/09/2023,,6452.0,0,,Personal,Australia
johan janssen pty ltd,,27/09/2023,,1096.0,0,,Personal,Australia
jimbaran villas,,04/03/2024,Local,40271355.0,0,,Hotel,Indonesia
jimbaran villas,,01/07/2024,Local,2985900.0,0,,Hotel,Indonesia
jimbaran villas,,05/09/2024,Local,42723067.0,0,,Hotel,Indonesia
jimbaran villas,DPSBG-00200796,06/11/2024,Local,5594400.0,24,Bali,Hotel,Indonesia
jimbaran greenhill,,19/06/2024,Local,147840900.0,0,,Hotel,Indonesia
jimbaran greenhill,PO202411-11632,20/11/2024,Local,4928400.0,24,Bali,Hotel,Indonesia
jen,-,04/06/2024,Local,47397000.0,254,Bali,Personal,Indonesia
jeffrey grimes,,29/05/2024,,2673.0,0,,Personal,Spain
jayasom amaala,,20/09/2024,,2062.15,0,,Hotel,Saudi Arabia
japa putra wijaka,,01/01/2024,Local,22866000.0,0,,Hotel,Indonesia
japa putra wijaka,-,16/01/2025,Local,118326000.0,615,,Hotel,Indonesia
jaddi globalindo,,20/12/2023,,45421200.0,0,,Restaurant,Indonesia
"island explora, pt",-,25/03/2025,Local,390137250.0,1815,Bali,Hotel,Indonesia
intercontinental bandung dago,74639,23/12/2024,Local,6737700.0,71,Jawa Barat,Hotel,Indonesia
intercontinental bandung dago,74635,23/12/2024,Local,6449100.0,25,Jawa Barat,Hotel,Indonesia
indonesia adventure sport,,16/10/2023,Local,17482500.0,0,,Hotel,Indonesia
indonesia adventure sport,,04/12/2023,Local,33699600.0,0,,Hotel,Indonesia
indonesia adventure sport,,03/01/2024,Local,33699600.0,0,,Hotel,Indonesia
indonesia adventure sport,,21/03/2024,Local,7770000.0,0,,Hotel,Indonesia
indonesia adventure sport,,29/04/2024,Local,11655000.0,0,,Hotel,Indonesia
indonesia adventure sport,,01/01/2024,Local,21844800.0,0,,Hotel,Indonesia
indonesia adventure sport,,12/01/2024,Local,3729600.0,0,,Hotel,Indonesia
indonesia adventure sport,,19/06/2024,Local,24109200.0,0,,Hotel,Indonesia
indonesia adventure sport,202501-00371,15/01/2025,Local,27972000.0,120,Sumba,Hotel,Indonesia
indonesia adventure sport,PO202501-00304,24/01/2025,Local,19425000.0,5,,Hotel,Indonesia
indonesia adventure sport,PO202412-12582,03/01/2025,Local,7770000.0,25,,Hotel,Indonesia
indonesia adventure sport,P202502-01234,13/02/2025,Local,5061600.0,24,,Hotel,Indonesia
indonesia adventure sport,,27/01/2025,Local,5466750.0,0,,Hotel,Indonesia
indonesia adventure sport,PO202503-02121,07/03/2025,Local,10256400.0,48,,Hotel,Indonesia
indonesia adventure sport,PO202502-011139,13/02/2025,Local,10656000.0,48,,Hotel,Indonesia
indonesia adventure sport,PO202501-00873,03/02/2025,Local,160816523.0,608,,Hotel,Indonesia
indonesia adventure sport,9625,03/10/2024,Local,25840800.0,144,Sumba,Hotel,Indonesia
indonesia adventure sport,PO202409-09454 & PO202409-09473,08/10/2024,Local,26780970.0,160,Bali,Hotel,Indonesia
indonesia adventure sport,PO202502-01576,17/02/2025,Local,32167800.0,92,,Hotel,Indonesia
"indoguna utama, pt",#PO21491,10/01/2025,Local,27944250.0,50,,Restaurant,Indonesia
hugo boss south east asia pte.ltd.,,18/03/2024,,5954.039954,0,,Hotel,Indonesia
hotel permata hijau,-,20/12/2024,Local,85914000.0,360,Jawa Barat,Hotel,Indonesia
hotel pandan arum,,19/12/2023,Local,37917600.0,0,,Hotel,Indonesia
hotel pandan arum,,27/11/2023,Local,50616000.0,0,,Hotel,Indonesia
hotel pandan arum,,08/12/2023,Local,57575700.0,0,,Hotel,Indonesia
hotel pandan arum,,26/06/2024,Local,8325000.0,0,,Hotel,Indonesia
hotel pandan arum,P250217052,26/02/2025,Local,488400.0,2,,Hotel,Indonesia
hotel pandan arum,,24/07/2024,Local,28207875.0,0,,Hotel,Indonesia
hotel pandan arum,,25/10/2024,Local,9768000.0,0,,Hotel,Indonesia
hotel pandan arum,P241225004,31/12/2024,Local,33966000.0,120,Bali,Hotel,Indonesia
hotel pandan arum,P250130017,05/02/2025,Local,10489500.0,1,Bali,Hotel,Indonesia
hotel pandan arum,-,01/11/2024,Local,2797200.0,24,Bali,Hotel,Indonesia
hotel pandan arum,P241225003,31/12/2024,Local,16924725.0,150,Bali,Hotel,Indonesia
hotel pandan arum,P241022025,25/10/2024,Local,6243750.0,15,Bali,Hotel,Indonesia
hotel indonesia sanur international,21659,29/01/2025,Local,35750000.0,450,Bali,Hotel,Indonesia
hotel indonesia sanur international,,18/12/2023,Local,628401000.0,0,,Hotel,Indonesia
hotel indonesia sanur international,,18/12/2023,Local,971292000.0,0,,Hotel,Indonesia
hotel indonesia sanur international,,16/03/2024,Local,20460000.0,0,,Hotel,Indonesia
hotel indonesia sanur international,21662,04/02/2025,Local,68940000.0,662,Bali,Hotel,Indonesia
hotel indonesia sanur international,21660,29/01/2025,Local,48000000.0,320,Bali,Hotel,Indonesia
hotel indonesia sanur international,21707,29/01/2025,Local,48050000.0,574,Bali,Hotel,Indonesia
hiyoko 2.0 jakarta,-,05/12/2024,Local,19247400.0,108,Jakarta,Restaurant,Indonesia
hilton london (smeeta),-,18/12/2024,Export,4305.0,380,United Kingdom,Hotel,United Kingdom
heritage resorts and spas,,05/08/2024,Local,60359580.0,0,,Hotel,Indonesia
heritage resorts and spas,BTE2501006,05/02/2025,Local,13852800.0,120,Bali,Hotel,Indonesia
heritage resorts and spas,-,28/02/2025,Local,10866900.0,51,,Hotel,Indonesia
heritage hospitality pte ltd,,11/01/2024,,5940.0,0,,Hotel,Singapore
harmoni cakrawala bali,SAMPLE,20/02/2025,Local,3441000.0,22,,Hotel,Indonesia
harmoni cakrawala bali,-,07/02/2025,Local,1098900.0,6,Bali,Hotel,Indonesia
harmoni cakrawala bali,095/HCB/I/2025,21/01/2025,Local,26356950.0,159,Bali,Hotel,Indonesia
harmoni cakrawala bali,,21/01/2025,Local,1154400.0,0,,Hotel,Indonesia
handara golf & resort bali,-,10/12/2024,Local,248684400.0,888,Bali,Hotel,Indonesia
hamish & raisa,,27/03/2024,,11194350.0,0,,Personal,Indonesia
"hai ha handicraft co., ltd",,22/01/2024,Export,1050.0,0,,Hotel,Vietnam
"hai ha handicraft co., ltd",,19/09/2024,Export,6684.0,0,,Hotel,Vietnam
"hai ha handicraft co., ltd",,01/10/2024,Export,6700.0,0,,Hotel,Vietnam
"hai ha handicraft co., ltd",2410-658/HH-KEV,31/10/2024,Export,8584.0,461,Vietnam,Hotel,Vietnam
guum pte. ltd.,,19/12/2023,,6650.0,0,,Restaurant,Singapore
groupx kolektif indonesia,,10/09/2024,,10789200.0,0,,Restaurant,Indonesia
griya pancaloka,,26/01/2024,,8680000.0,0,,Hotel,Indonesia
griya pancaloka,,21/12/2023,,42912600.0,0,,Hotel,Indonesia
griya pancaloka,,21/12/2023,,5427900.0,0,,Hotel,Indonesia
griya pancaloka,,28/06/2024,,11072250.0,0,,Hotel,Indonesia
griya pancaloka,,02/07/2024,,4745250.0,0,,Hotel,Indonesia
griya bali dwipa,,12/12/2023,,49922250.0,0,,Hotel,Indonesia
greenland rajawali utama,,21/03/2024,Local,1531800.0,0,,Hotel,Indonesia
greenland rajawali utama,,17/02/2024,Local,91668500.0,0,,Hotel,Indonesia
greenland rajawali utama,JKR0192923,21/03/2025,Local,17127300.0,61,,Hotel,Indonesia
greek restaurant in uluwatu,-,21/01/2025,Local,362210205.0,1755,Bali,Restaurant,Indonesia
grand hyatt jakarta,,10/01/2024,,44955000.0,0,,Hotel,Indonesia
grand hyatt jakarta,,16/07/2024,,932400.0,0,,Hotel,Indonesia
grand hyatt jakarta,,10/01/2024,,26640000.0,0,,Hotel,Indonesia
graha alam lestari,,25/04/2024,Local,28729852.0,0,,Hotel,Indonesia
graha alam lestari,,07/09/2023,Local,173283626.0,0,,Hotel,Indonesia
graha alam lestari,,25/04/2024,Local,76704330.0,0,,Hotel,Indonesia
graha alam lestari,,25/04/2024,Local,51311970.0,0,,Hotel,Indonesia
graha alam lestari,,25/04/2024,Local,73159101.0,0,,Hotel,Indonesia
graha alam lestari,,08/05/2024,Local,50277505.0,0,,Hotel,Indonesia
graha alam lestari,,16/09/2024,Local,3879450.0,0,,Hotel,Indonesia
graha alam lestari,HW-180126,22/11/2024,Local,12843810.0,95,Bali,Hotel,Indonesia
graha agung indah sentosa,PO 074/GAI/III/2025,18/03/2025,Local,193825000.0,1305,,Hotel,Indonesia
graha agung indah sentosa,,05/06/2024,Local,105030000.0,0,,Hotel,Indonesia
graha agung indah sentosa,,09/02/2024,Local,753777000.0,0,,Hotel,Indonesia
good food people,,17/04/2024,,7459200.0,0,,Restaurant,Indonesia
good food guys,,05/04/2024,,27500250.0,0,,Restaurant,Indonesia
good food cafe,,05/04/2024,,42485250.0,0,,Restaurant,Indonesia
good food cafe,,19/04/2024,,75147000.0,0,,Restaurant,Indonesia
good food cafe,,09/07/2024,,13431000.0,0,,Restaurant,Indonesia
gio's private villa canggu,-,20/12/2024,Local,55144800.0,264,Bali,Hotel,Indonesia
ginger moon,,18/07/2024,Local,37462500.0,0,,Restaurant,Indonesia
ginger moon,-,27/01/2025,Local,4928400.0,24,,Restaurant,Indonesia
gfh ventures company wll,21886899202488SJANDK,03/10/2024,Export,97589.8,8345,Bahrain,Hotel,Bahrain
gab's gastro bar,,06/03/2024,,223805970.0,0,,Restaurant,Indonesia
french kiss,,13/08/2024,,34032600.0,0,,Restaurant,Indonesia
french kiss,,18/07/2024,,865800.0,0,,Restaurant,Indonesia
four seasons resort seychelles petit anse development ltd,,15/04/2024,,1091.5,0,,Hotel,Seychelles
four season resort maldives,MLG0095763,07/02/2025,Export,1860.0,161,Maldives,Hotel,Maldives
four season resort maldives,MLG0090874,26/11/2024,Export,1290.0,100,Maldives,Hotel,Maldives
fortuna paradiso optima,,08/12/2023,,192214260.0,0,,Hotel,Indonesia
fortuna paradiso optima,,08/12/2023,,29040930.0,0,,Hotel,Indonesia
fortuna paradiso optima,,08/12/2023,,16028400.0,0,,Hotel,Indonesia
fortuna paradiso optima,,08/12/2023,,27285187.0,0,,Hotel,Indonesia
fieldcrest enterprise,,29/04/2024,,11832.0,0,,Agent,Singapore
fieldcrest enterprise,,17/04/2024,,7819.5,0,,Agent,Singapore
fieldcrest enterprise,,28/05/2024,,3855.0,0,,Agent,Singapore
fieldcrest enterprise,,28/03/2024,,1830.0,0,,Agent,Singapore
fairmont jakarta - pt senayan trikarya sempana,,20/05/2024,Local,324258750.0,0,,Hotel,Indonesia
fairmont jakarta - pt senayan trikarya sempana,PO2501-00788,09/01/2025,Local,185703000.0,820,Jakarta,Hotel,Indonesia
expat roasters indonesia,,16/05/2024,,65066868.0,0,,Restaurant,Indonesia
expat roasters indonesia,,19/08/2024,,286990500.0,0,,Restaurant,Indonesia
"eden restaurant events, pt",,16/09/2024,,17482500.0,0,,Restaurant,Indonesia
dwimukti graha kencana,-,27/01/2025,Local,77200500.0,300,,Restaurant,Indonesia
duta jaya perkasa,,03/05/2024,Local,16816500.0,0,,Hotel,Indonesia
duta jaya perkasa,,21/05/2024,Local,1615050.0,0,,Hotel,Indonesia
duta jaya perkasa,,31/05/2024,Local,64269000.0,0,,Hotel,Indonesia
duta jaya perkasa,,19/08/2024,Local,7659000.0,0,,Hotel,Indonesia
duta jaya perkasa,69300,18/03/2025,Local,466200.0,2,,Hotel,Indonesia
duta jaya perkasa,69386,19/03/2025,Local,16650000.0,50,,Hotel,Indonesia
duta jaya perkasa,,30/12/2024,Local,610500.0,0,,Hotel,Indonesia
duta jaya perkasa,69297,18/03/2025,Local,17343750.0,125,,Hotel,Indonesia
duta jaya perkasa,53265,18/09/2024,Local,22644000.0,60,,Hotel,Indonesia
"dua cahaya anugrah, pt",,12/11/2024,,932400.0,0,,Hotel,Indonesia
driss tabbakalt,,03/06/2024,,48618000.0,0,,Personal,Indonesia
drifter,,05/03/2024,Local,124808400.0,0,,Restaurant,Indonesia
drifter,,10/09/2024,Local,30192000.0,0,,Restaurant,Indonesia
drifter,-,27/01/2025,Local,8325000.0,100,Bali,Restaurant,Indonesia
dragonfly villa,-,16/01/2025,Local,44661960.0,240,Bali,Hotel,Indonesia
dragon tea temple,-,17/03/2025,Local,2497500.0,25,,Restaurant,Indonesia
dragon tea temple,-,28/02/2025,Local,9157500.0,100,,Restaurant,Indonesia
dharma canella,,28/12/2023,,6660000.0,0,,Restaurant,Indonesia
dharma canella,,29/11/2023,,25696500.0,0,,Restaurant,Indonesia
dewata jaya land,,31/01/2024,,11222100.0,0,,Hotel,Indonesia
dapur karya enak,,05/02/2024,,12987000.0,0,,Restaurant,Indonesia
dapur karya enak,,04/12/2023,,94405500.0,0,,Restaurant,Indonesia
dapur asian lokal,,25/03/2024,,5860800.0,0,,Restaurant,Indonesia
dapur asian lokal,,08/08/2024,,12554100.0,0,,Restaurant,Indonesia
dapur asian lokal,,13/09/2024,,2863800.0,0,,Restaurant,Indonesia
dapur asian lokal,,03/12/2024,,11821500.0,0,,Restaurant,Indonesia
da maria,,19/06/2024,,2097900.0,0,,Restaurant,Indonesia
da maria,,02/09/2024,,271894500.0,0,,Restaurant,Indonesia
"cprc (maldives) pvt, ltd (ritz carlton maldives)",,07/08/2024,Export,940.5,0,,Hotel,Maldives
"cprc (maldives) pvt, ltd (ritz carlton maldives)",,07/08/2024,Export,4218.0,0,,Hotel,Maldives
"cprc (maldives) pvt, ltd (ritz carlton maldives)",,22/05/2024,Export,5075.0,0,,Hotel,Maldives
"cprc (maldives) pvt, ltd (ritz carlton maldives)",,05/08/2024,Export,1637.5,0,,Hotel,Maldives
"cprc (maldives) pvt, ltd (ritz carlton maldives)",RCPO24007877,18/11/2024,Export,825.0,110,,Hotel,Maldives
"cprc (maldives) pvt, ltd (ritz carlton maldives)",RCPO24007622,18/11/2024,Export,950.0,100,Maldives,Hotel,Maldives
"cprc (maldives) pvt, ltd (ritz carlton maldives)",RCPO2400769,15/11/2024,Export,375.0,15,Maldives,Hotel,Maldives
colamoed properties management,,29/11/2023,Local,17760000.0,0,,Restaurant,Indonesia
colamoed properties management,14112024,14/10/2024,Local,18481500.0,168,Bali,Restaurant,Indonesia
clandestino food group,,20/12/2023,,10256400.0,0,,Restaurant,Indonesia
"citra kirana pantai, pt",PO202412-26550,26/12/2024,Local,28083000.0,200,Jakarta,Hotel,Indonesia
"citra kirana pantai, pt",PO202412-26551,26/12/2024,Local,17094000.0,40,Jakarta,Hotel,Indonesia
citra jimbaran indah hotel,,04/12/2023,Local,21317550.0,0,,Hotel,Indonesia
citra jimbaran indah hotel,,04/12/2023,Local,27861000.0,0,,Hotel,Indonesia
citra jimbaran indah hotel,,29/11/2024,Local,8658000.0,0,,Hotel,Indonesia
citra jimbaran indah hotel,58066,03/01/2025,Local,26640000.0,100,Bali,Hotel,Indonesia
"cipaku boga utama, cv",PO21496,10/01/2025,Local,22355400.0,40,Jakarta,Restaurant,Indonesia
"cipaku boga utama, cv",PO21727,30/01/2025,Local,135464400.0,516,,Restaurant,Indonesia
cempaka interior,SAMPLE,18/02/2025,Local,9057600.0,15,,Agent,Indonesia
"cayo rosario partners, llc c/o the parker company, llc",,10/09/2024,,0.0,0,,Hotel,Belize
"cayo rosario partners, llc c/o the parker company, llc",,16/09/2024,,0.0,0,,Hotel,Belize
casa neos miami,,17/11/2023,,2762.5,0,,Restaurant,United States Of America
capella sydney,,09/04/2024,,10065.0,0,,Hotel,Australia
capella singapore,,28/03/2024,,1830.0,0,,Hotel,Singapore
cap karoso development,1130,13/03/2025,Local,31872263.0,155,,Hotel,Indonesia
cap karoso development,10674,13/02/2025,Local,272172000.0,1815,,Hotel,Indonesia
cakrawala bima pratiwi,,08/02/2024,,165889500.0,0,,Hotel,Indonesia
cahaya warna prima,,24/01/2024,Local,22200000.0,0,,Hotel,Indonesia
cahaya warna prima,,13/08/2024,Local,8880000.0,0,,Hotel,Indonesia
cahaya warna prima,202412-26193,09/12/2024,Local,177156000.0,800,Bali,Hotel,Indonesia
byus management group,-,20/02/2025,Local,2997000.0,30,,Restaurant,Indonesia
bumi canggu nusantara,,17/11/2023,Local,3219000.0,0,,Restaurant,Indonesia
bumi canggu nusantara,,24/05/2024,Local,30136500.0,0,,Restaurant,Indonesia
bumi canggu nusantara,,30/09/2024,Local,15123750.0,0,,Restaurant,Indonesia
bumi canggu nusantara,31224,29/11/2024,Local,15195900.0,80,Bali,Restaurant,Indonesia
bukit uluwatu villa,,26/02/2024,Local,4262400.0,0,,Hotel,Indonesia
bukit uluwatu villa,,06/02/2024,Local,25694280.0,0,,Hotel,Indonesia
bukit uluwatu villa,,09/04/2024,Local,18037500.0,0,,Hotel,Indonesia
bukit uluwatu villa,,12/01/2024,Local,36630000.0,0,,Hotel,Indonesia
bukit uluwatu villa,,12/04/2024,Local,19314000.0,0,,Hotel,Indonesia
bukit uluwatu villa,24086178,18/07/2024,Local,284514645.0,1534,Bali,Hotel,Indonesia
budi susanti,,15/05/2024,,11655000.0,0,,Personal,Indonesia
buana giri fortuna,,13/02/2024,,56743200.0,0,,Restaurant,Indonesia
brett hospitality group,,06/03/2024,Local,21489600.0,0,,Restaurant,Indonesia
brett hospitality group,,06/05/2024,Local,22244400.0,0,,Restaurant,Indonesia
brett hospitality group,,31/10/2024,Local,8880000.0,0,,Restaurant,Indonesia
brett hospitality group,,26/11/2024,Local,2497500.0,0,,Restaurant,Indonesia
brett hospitality group,,23/10/2024,Local,2497500.0,0,,Restaurant,Indonesia
brett hospitality group,PO-40911,26/12/2024,Local,34410000.0,200,Bali,Restaurant,Indonesia
bottega,,31/01/2024,,15262500.0,0,,Restaurant,Indonesia
boma beach club,-,28/01/2025,Export,670.0,50,Vietnam,Restaurant,Indonesia
boma beach club,-,29/10/2024,Export,26432.325,1898,Vietnam,Restaurant,Indonesia
bokashi berawa,,17/04/2024,Local,31135500.0,0,,Restaurant,Indonesia
bokashi berawa,,29/11/2023,Local,23154600.0,0,,Restaurant,Indonesia
bokashi berawa,,10/01/2024,Local,3996000.0,0,,Restaurant,Indonesia
bokashi berawa,,22/05/2024,Local,17049600.0,0,,Restaurant,Indonesia
bokashi berawa,,23/05/2024,Local,5827500.0,0,,Restaurant,Indonesia
bokashi berawa,,23/07/2024,Local,3163500.0,0,,Restaurant,Indonesia
bokashi berawa,-,29/11/2024,Local,9490500.0,90,Bali,Restaurant,Indonesia
bokashi berawa,-,07/03/2025,Local,9490500.0,90,,Restaurant,Indonesia
boa development,,21/02/2024,Local,39904500.0,0,,Hotel,Indonesia
boa development,,30/07/2024,Local,150249600.0,0,,Hotel,Indonesia
boa development,122414-1,12/12/2024,Local,50443950.0,186,Rote,Hotel,Indonesia
boa development,PO122414-2,12/12/2024,Local,10656000.0,70,Rote,Hotel,Indonesia
boa development,RAG-042,25/10/2024,Local,43345500.0,200,Rote,Hotel,Indonesia
boa development,112440-2,19/12/2024,Local,5328000.0,35,Bali,Hotel,Indonesia
boa development,122440-1,19/12/2024,Local,42107850.0,176,Bali,Hotel,Indonesia
bidadari dunia - la plancha,,12/02/2024,,24975000.0,0,,Restaurant,Indonesia
bidadari dunia - la plancha,,16/07/2024,,38295000.0,0,,Restaurant,Indonesia
beyond bamboo (six senses london),,18/07/2024,Export,1651.0,0,,Hotel,United Kingdom
beyond bamboo (six senses london),56,02/04/2024,Export,21791.0,1628,United Kingdom,Hotel,United Kingdom
beyond bamboo (six senses london),133,11/10/2024,Export,3105.0,331,United Kingdom,Hotel,United Kingdom
beyond bamboo (six senses london),196,28/11/2024,Export,936.0,68,United Kingdom,Hotel,United Kingdom
beyond bamboo (six senses london),105,27/08/2024,Export,7597.0,1101,United Kingdom,Hotel,United Kingdom
beyond bamboo (six senses london),-,13/02/2025,Export,363.0,28,,Hotel,United Kingdom
bengawan villa,,20/11/2023,,60517200.0,0,,Hotel,Indonesia
belmond jimbaran puri bali,PTBA-PO-064715,16/12/2024,Local,53124600.0,265,Bali,Hotel,Indonesia
batu mejan sukses bersama bali,,13/02/2024,,5061600.0,0,,Restaurant,Indonesia
batu mejan sukses bersama bali,,04/01/2024,,6393600.0,0,,Restaurant,Indonesia
batu mejan sukses bersama bali,,04/06/2024,,45732000.0,0,,Restaurant,Indonesia
batu mejan sukses bersama bali,,09/09/2024,,16650000.0,0,,Restaurant,Indonesia
barba rossa fraters,,03/07/2024,,22727250.0,0,,Restaurant,Indonesia
"bandung pakar, pt",,04/06/2024,,413735850.0,0,,Hotel,Indonesia
"bandung boga utama, cv",PO21495,10/01/2025,Local,11177700.0,20,Kalimantan Timur,Restaurant,Indonesia
bambootel resort,583,19/02/2025,Local,205290060.0,1173,,Hotel,Indonesia
bambootel resort,PO-0631,26/03/2025,Local,15052988.0,115,,Hotel,Indonesia
"balikpapan boga utama, cv",PO21721,30/01/2025,Local,29550420.0,108,,Umum,Indonesia
"balikpapan boga utama, cv",PO21500,10/01/2025,Local,11177700.0,20,Kalimantan Timur,Umum,Indonesia
bali selaras indah sejati,,16/08/2024,,3718500.0,0,,Restaurant,Indonesia
bali selaras indah sejati,,16/09/2024,,16872000.0,0,,Restaurant,Indonesia
bali radiance,,06/03/2024,Local,122100000.0,0,,Hotel,Indonesia
bali radiance,,25/03/2024,Local,45732000.0,0,,Hotel,Indonesia
bali radiance,,10/06/2024,Local,6660000.0,0,,Hotel,Indonesia
bali radiance,,23/08/2024,Local,22200000.0,0,,Hotel,Indonesia
bali radiance,,24/10/2024,Local,27972000.0,0,,Hotel,Indonesia
bali radiance,,23/10/2024,Local,3108000.0,0,,Hotel,Indonesia
bali radiance,13546,27/01/2025,Local,51948000.0,260,Bali,Hotel,Indonesia
bali radiance,13483,15/01/2025,Local,43956000.0,220,Bali,Hotel,Indonesia
bali radiance,13614,25/02/2025,Local,3108000.0,100,,Hotel,Indonesia
bali perkasa sukses,,17/11/2023,Local,85636500.0,0,,Hotel,Indonesia
bali perkasa sukses,,23/02/2024,Local,9324000.0,0,,Hotel,Indonesia
bali perkasa sukses,,22/01/2024,Local,70485000.0,0,,Hotel,Indonesia
bali perkasa sukses,,20/11/2024,Local,11100000.0,0,,Hotel,Indonesia
bali perkasa sukses,,16/12/2024,Local,2575200.0,0,,Hotel,Indonesia
bali perkasa sukses,,15/08/2024,Local,96836400.0,0,,Hotel,Indonesia
bali perkasa sukses,PO61000,06/02/2025,Local,8325000.0,100,Bali,Hotel,Indonesia
bali perkasa sukses,PO65218,26/03/2025,Local,5328000.0,30,,Hotel,Indonesia
bali perkasa sukses,PO61480,10/02/2025,Local,17393700.0,153,Bali,Hotel,Indonesia
bali nusaintan,,18/01/2024,,20424000.0,0,,Hotel,Indonesia
bali nusaintan,,14/01/2025,,1981350.0,0,,Hotel,Indonesia
bali meraki,-,02/12/2024,Local,35070450.0,132,Bali,Restaurant,Indonesia
bali giri kencana,,17/11/2023,,7770000.0,0,,Hotel,Indonesia
bali giri kencana,,19/12/2023,,26806500.0,0,,Hotel,Indonesia
bali giri kencana,,03/09/2024,,109934400.0,0,,Hotel,Indonesia
bali giri kencana,,03/10/2024,,20257500.0,0,,Hotel,Indonesia
bali giri kencana,,02/10/2024,,48285000.0,0,,Hotel,Indonesia
bali general supply,,09/07/2024,Local,3996000.0,0,,Restaurant,Indonesia
bali general supply,,03/04/2024,Local,6127200.0,0,,Restaurant,Indonesia
bali general supply,-,01/01/2025,Local,260850.0,2,,Restaurant,Indonesia
bali general supply,-,13/03/2025,Local,3912750.0,30,,Restaurant,Indonesia
bali droom villas,,12/06/2024,,142948020.0,0,,Hotel,Indonesia
bali bounty,,07/10/2024,Local,27417000.0,0,,Restaurant,Indonesia
bali bounty,,23/07/2024,Local,16872000.0,0,,Restaurant,Indonesia
bali bounty,,15/11/2024,Local,2830500.0,0,,Restaurant,Indonesia
bali bounty,-,09/12/2024,Local,4329000.0,30,Bali,Restaurant,Indonesia
bali bounty,-,09/12/2024,Local,6993000.0,30,Bali,Restaurant,Indonesia
bali bounty,Plate 23Cm,09/05/2024,Local,33633000.0,150,Bali,Restaurant,Indonesia
"bali boga utama, cv",PO21720,30/01/2025,Local,43036920.0,168,,Restaurant,Indonesia
"bali boga utama, cv",PO21498,10/01/2025,Local,11177700.0,20,Bali,Restaurant,Indonesia
bali boga anugrah,,20/12/2023,,172716000.0,0,,Restaurant,Indonesia
bali bayad development,,22/11/2023,,118631250.0,0,,Restaurant,Indonesia
bale gelumpang lestari,-,17/03/2025,Local,17232750.0,125,Bali,Restaurant,Indonesia
balcony,,19/02/2024,,84823980.0,0,,Restaurant,Indonesia
"baguio mountainscapes, inc.",,29/05/2024,,48.0,0,,Agent,Philippines
badan canggu international,,21/12/2023,Local,622217160.0,0,,Hotel,Indonesia
badan canggu international,,25/06/2024,Local,177197625.0,0,,Hotel,Indonesia
badan canggu international,,25/06/2024,Local,210164625.0,0,,Hotel,Indonesia
badan canggu international,19256,15/11/2024,Local,4212450.0,15,Bali,Hotel,Indonesia
badan canggu international,22877,30/12/2024,Local,28871100.0,144,Baloi,Hotel,Indonesia
badan canggu international,,16/07/2024,Local,315638490.0,0,,Hotel,Indonesia
badan canggu international,,16/07/2024,Local,216542685.0,0,,Hotel,Indonesia
badan canggu international,22193,17/12/2024,Local,73482000.0,190,Bali,Hotel,Indonesia
badan canggu international,21223,22/11/2024,Local,5994000.0,20,Bali,Hotel,Indonesia
badan canggu international,,01/03/2024,Local,1278705792.0,0,,Hotel,Indonesia
badan canggu international,19256,14/10/2024,Local,39520440.0,130,Bali,Hotel,Indonesia
badan canggu international,PO16539,21/08/2024,Local,333266400.0,1860,Bali,Hotel,Indonesia
badan canggu international,Sazon 22869,02/01/2025,Local,348823050.0,1463,,Hotel,Indonesia
awahita indonesia putra,,14/06/2024,Local,6382500.0,0,,Hotel,Indonesia
awahita indonesia putra,22146-217/2,31/12/2024,Local,7592400.0,24,Bali,Hotel,Indonesia
awahita indonesia putra,P.O No: 22753-217/1,29/10/2024,Local,11124975.0,10,Bali,Hotel,Indonesia
awahita indonesia putra,22754-217/1,29/10/2024,Local,33744000.0,260,Bali,Hotel,Indonesia
asl uk ltd,,20/06/2024,,15015.0,0,,Hotel,United Kingdom
ashley miller,,11/01/2024,,2031.0,0,,Umum,United States Of America
arya sumba resort,,26/07/2024,,42890400.0,0,,Hotel,Indonesia
"artisan kuliner indonesia, pt",096/PON/008/50/2025,25/03/2025,Local,63591900.0,274,,Restaurant,Indonesia
artisan kuliner indonesia,,08/02/2024,,53946000.0,0,,Restaurant,Indonesia
anna kersova,-,10/07/2024,Export,15095.4,764,United Kingdom,Personal,United Kingdom
anaamaya resort seminyak,,13/03/2024,Local,40187550.0,0,,Hotel,Indonesia
anaamaya resort seminyak,PO00113201,04/12/2024,Local,2775000.0,50,Bali,Hotel,Indonesia
anaamaya resort seminyak,,14/03/2024,Local,232545000.0,0,,Hotel,Indonesia
anaamaya resort seminyak,,22/04/2024,Local,4773000.0,0,,Hotel,Indonesia
anaamaya resort seminyak,,05/09/2024,Local,2197800.0,0,,Hotel,Indonesia
anaamaya resort seminyak,PO00118150,13/02/2025,Local,5550000.0,50,,Hotel,Indonesia
anaamaya resort seminyak,101113,13/03/2024,Local,158286000.0,800,Bali,Hotel,Indonesia
anaamaya resort seminyak,PO00116619,10/02/2025,Local,3063600.0,12,Bali,Hotel,Indonesia
anaamaya resort seminyak,PO00116753,13/02/2025,Local,59801250.0,400,,Hotel,Indonesia
anaamaya resort seminyak,PO00101112,07/03/2024,Local,244477500.0,1250,Bali,Hotel,Indonesia
amarterra villa nusa dua,POR-202408664,01/11/2024,Local,33892740.0,150,Bali,Hotel,Indonesia
amanda arumdhani,,26/01/2024,Local,293345250.0,0,,Hotel,Indonesia
amanda arumdhani,,26/03/2024,Local,27350400.0,0,,Hotel,Indonesia
amanda arumdhani,,16/05/2024,Local,204251100.0,0,,Hotel,Indonesia
amanda arumdhani,UBU0148191,27/12/2024,Local,27472500.0,150,Bali,Hotel,Indonesia
amanda arumdhani,UBU0156278,26/02/2025,Local,59429400.0,314,,Hotel,Indonesia
amanda arumdhani,UBU0141115,27/09/2024,Local,43556400.0,144,Bali,Hotel,Indonesia
amanda arumdhani,UBU0146630,27/09/2024,Local,51026700.0,334,Bali,Hotel,Indonesia
alt 74,-,17/02/2025,Local,24975000.0,100,,Hotel,Indonesia
ali bey malidives pvt. ltd. (joali muravandhoo),,12/06/2024,,7686.0,0,,Hotel,Maldives
ali bey maldives private limited (joali being),,17/11/2023,,600.0,0,,Hotel,Maldives
al ghalia w.l.l,-,14/01/2025,Export,28044.36,1761,Bahrain,Agent,Bahrain
abirupa nusa cipta,,18/12/2023,Local,16927500.0,0,,Hotel,Indonesia
abirupa nusa cipta,,18/01/2024,Local,6660000.0,0,,Hotel,Indonesia
abirupa nusa cipta,,19/12/2023,Local,43401000.0,0,,Hotel,Indonesia
abirupa nusa cipta,,19/12/2023,Local,16983000.0,0,,Hotel,Indonesia
abirupa nusa cipta,,19/12/2023,Local,27916500.0,0,,Hotel,Indonesia
abirupa nusa cipta,P241226002,03/01/2025,Local,44666400.0,356,Bali,Hotel,Indonesia
32do bali restaurant,,13/01/2025,,7770000.0,0,,Restaurant,Indonesia
