Company_Name,Brand_Name,PO Number,Date,Complete Date by Sales,Complete Date by Production,Trade_Type,Rate Last Sales Order,Total,Available Down Payment Last Sales Order,Down Payment Used/Returned Last Sales Order,Total Item Based on PO,Sales Origin,Cfm by WA,Customer_Category
Zi Biru,Zi Biru,,04/09/2024,,,,1,36686055,0,18343017.5,0,,,Restaurant
Zi Biru,Zi Biru,-,31/12/2024,03/03/2025,10/03/2025,Local,1,7215000,0,3607500,50,Bali,,Restaurant
Yen Group Indonesia,Yen Senopati,,21/09/2023,,,,1,13908300,0,6954150,0,,,Restaurant
Yawara Boga Indonesia,Yawara,,17/05/2024,,,,1,297468900,0,148734450,0,,,Restaurant
Wynncor Bali,Andaz Bali,,26/03/2024,,,,1,24142500,0,12071250,0,,,Hotel
Wynncor Bali,Andaz Bali,,21/06/2024,,,,1,11100000,0,0,0,,,Hotel
Wynncor Bali,Andaz Bali,,10/07/2024,,,,1,19258500,0,0,0,,,Hotel
Wynncor Bali,Andaz Bali,DPSAZ0000053493,21/02/2025,30/04/2025,29/04/2025,Local,1,29082000,0,14541000,188,,,Hotel
Wynncor Bali,Andaz Bali,DPSAZ0000053055,19/02/2025,30/04/2025,29/04/2025,Local,1,3663000,0,1831500,15,,,Hotel
Wana Kamala Gemilang,Omma Bali,,23/02/2024,,,,1,131548875,0,65774438,0,,,Restaurant
Waldorf Astoria Maldives Ithaa Fushi,Waldorf Astoria,,25/04/2024,,,,15476.8,15512,0,7756,0,,,Hotel
Waldorf Astoria Maldives Ithaa Fushi,Waldorf Astoria,,18/04/2024,,,,15476.8,3240,0,1620,0,,,Hotel
Waldorf Astoria Maldives Ithaa Fushi,Waldorf Astoria,,22/12/2023,,,,15439,1750,0,0,0,,,Hotel
Waldorf Astoria Maldives Ithaa Fushi,Waldorf Astoria,,26/03/2024,,,,15476.8,2496,0,0,0,,,Hotel
Waldorf Astoria Maldives Ithaa Fushi,Waldorf Astoria,,01/03/2024,,,,,1410,,,0,,,Hotel
Waldorf Astoria Maldives Ithaa Fushi,Waldorf Astoria,MLEON59328,20/12/2024,14/03/2025,20/02/2025,Export,16320,16602.21,0,8301.1,1639,Maldives,,Hotel
Wakatobi Resort,Wakatobi,,16/05/2024,,,,1,6160500,6160500,0,0,,,Hotel
Wakatobi Resort,Wakatobi,,03/05/2024,,,,1,1598400,0,799200,0,,,Hotel
Wahana Duta Jaya Rucika,Ibu Ming/Elaine,,04/03/2024,,,,1,38206200,0,19103100,0,,,Personal
W Hotel Maldives,W Hotel Maldives,,28/10/2024,,,,,13880,,,0,,,Hotel
W Hotel Maldives,W Hotel Maldives,Jan/24,19/12/2024,17/02/2025,17/02/2025,Export,16320,11732.5,0,2346.5,780,Maldives,,Hotel
Vista Padang Asri,Suarga Resort,,10/01/2024,,,,1,2497500,0,0,0,,,Hotel
Vista Padang Asri,Suarga Resort,,20/05/2024,,,,1,10267500,0,10267500,0,,,Hotel
Vista Padang Asri,Suarga Resort,-,03/02/2025,05/03/2025,30/04/2025,Local,1,6926400,0,2264400,29,Bali,,Hotel
Vasanta Group,Vasanta Group,,11/06/2024,,,,,464446200,,,0,,,Hotel
Vasanta Group,Vasanta Group,,13/06/2024,,,,,372249600,,,0,,,Hotel
Vasanta Group,Vasanta Group,,13/06/2024,,,,,122738250,,,0,,,Hotel
Usaha Pogu Boga,Soichiro,,19/07/2024,,,,1,16516800,0,8258400,0,,,Restaurant
Usaha Liburan Uluwatu,Mana Uluwatu Restaurant,,03/01/2024,,,,,4162500,,,0,,,Restaurant
Usaha Liburan Uluwatu,Mana Uluwatu Restaurant,,13/09/2024,,,,1,59773500,0,29886750,0,,,Restaurant
Ungasan Semesta Resort,QQ Siti Agung Makmur (LXR),DPSOL2411125,06/11/2024,22/01/2025,21/01/2025,Local,1,41524267,0,20762133,283,Bali,,Hotel
Ungasan Semesta Resort,QQ Siti Agung Makmur (LXR),DPSOL2413288,23/12/2024,15/03/2025,05/03/2025,Local,1,18927720,0,9463860,96,Bali,,Hotel
Ulu Garden,Merta Surya Buana,-,19/03/2025,30/05/2025,29/05/2025,Local,1,146311875,0,73155937,800,,,Restaurant
Ulekan Berawa,Ni Wayan Jonti,,05/04/2024,,,,1,12187800,0,6093900,0,,,Restaurant
Tina,Tina,,28/06/2024,,,,,3,,,0,,,Umum
Tigapilar Selaras Utama,Kemilau Umalas,,19/12/2023,,,,,10966800,,,0,,,Hotel
The Sanubari Hotel,MDA ABS Kuningan,,19/12/2023,,,,,40936800,,,0,,,Hotel
The Sanubari Hotel,MDA ABS Kuningan,,13/02/2024,,,,1,7492500,0,3746250,0,,,Hotel
The Sanubari Hotel,MDA ABS Kuningan,,08/08/2024,,,,1,31302000,0,15651000,0,,,Hotel
The Sanubari Hotel,MDA ABS Kuningan,2412025,07/02/2025,30/05/2025,13/06/2025,Local,1,122585625,0,0,800,Sumba,,Hotel
The Royal Purnama,The Royal Purnama,,06/06/2024,,,,1,23842800,0,11921400,0,,,Hotel
The Ritz Carlton Bahrain,The Ritz Carlton Bahrain,,22/05/2024,,,,15853,15250,0,7625,0,,,Hotel
The Oberoi Beach Resort Bali,Oberoi Beach,35531,22/11/2024,17/02/2025,25/02/2025,Local,1,128010750,0,64005375,635,Bali,,Hotel
The Lombok Lodge,Lombok Lodge,,23/01/2024,,,,1,67710000,0,0,0,,,Hotel
The Lemon Tree Curacao,The Lemon Tree Curacao,,12/04/2024,,,,1,415007500,1339000,344120750,0,,,Hotel
The Lemon Tree Curacao,The Lemon Tree Curacao,,12/04/2024,,,,1,276355000,1339000,344120750,0,,,Hotel
The Damai Hotel,Normann Indonesia,,12/09/2024,,,,1,39538200,0,19769100,0,,,Hotel
The Damai Hotel,Normann Indonesia,,08/05/2024,,,,1,63214500,0,31607250,0,,,Hotel
The Asa Maia,Asa Maia,P241031001,06/11/2024,29/01/2025,28/01/2025,Local,1,17389260,0,4809630,112,Bali,,Hotel
Telaga Cita Rasa,Nam Heong,,15/05/2024,,,,1,21578400,0,10789200,0,,,Personal
Tejaprana Spa & Resort,Taman Ayung,,29/07/2024,,,,1,23809500,0,11904750,0,,,Hotel
Tejaprana Spa & Resort,Taman Ayung,,29/07/2024,,,,1,16983000,0,8491500,0,,,Hotel
Tejaprana Spa & Resort,Taman Ayung,,29/07/2024,,,,1,70374000,0,35187000,0,,,Hotel
Taurus Gemilang,Revolver Taurus,,15/01/2024,,,,,12598500,,,0,,,Restaurant
Taurus Gemilang,Revolver Taurus,,31/05/2024,,,,1,52292100,0,52292100,0,,,Restaurant
Taurus Gemilang,Revolver Taurus,,30/09/2024,,,,1,394050,394050,0,0,,,Restaurant
Tanjung Benoa Indonesia,Holiday in Benoa,7981,17/12/2024,22/01/2025,21/01/2025,Local,1,1248750,0,0,15,Bali,,Hotel
Tanjung Benoa Indonesia,Holiday in Benoa,-,02/01/2024,31/01/2024,,Local,,10200900,,,108,Bali,,Hotel
Tanjung Benoa Indonesia,Holiday in Benoa,11651,17/12/2024,28/02/2025,28/02/2025,Local,1,29992200,0,14996100,236,Bali,,Hotel
Tanjung Benoa Indonesia,Holiday in Benoa,13942,21/03/2025,30/06/2025,20/06/2025,Local,1,10389600,0,5194800,36,Bali,,Hotel
Tanjung Benoa Indonesia,Holiday in Benoa,11620,17/12/2024,28/02/2025,28/02/2025,Local,1,46553400,0,23276700,216,Bali,,Hotel
Tanadewa Resort & Spa Ubud,Tanadewa Resort & Spa Ubud,,10/07/2024,,,,1,42757200,0,21378600,0,,,Hotel
Tanadewa Resort & Spa Ubud,Tanadewa Resort & Spa Ubud,P250224001-REPRINT1,26/02/2025,30/04/2025,29/04/2025,Local,1,42757200,0,21378600,168,,,Hotel
Tabula Rasa,Swe Development Lombok,-,21/02/2025,30/04/2025,22/05/2025,Local,1,51481800,0,50482800,246,,,Hotel
Tabula Rasa,Swe Development Lombok,-,21/02/2025,30/04/2025,22/05/2025,Local,1,24375600,0,50482800,144,,,Hotel
Tabula Rasa,Swe Development Lombok,-,21/02/2025,30/04/2025,22/05/2025,Local,1,25108200,0,50482800,96,,,Hotel
Tabula Rasa,Swe Development Lombok,,26/12/2024,,,,1,5106000,5106000,0,0,,,Hotel
Sutera Bali,Mamasan Dimsum,,01/02/2024,,,,,3663000,,,0,,,Restaurant
Sutera Bali,Mamasan,,09/05/2024,,,,1,7059600,0,3529800,0,,,Restaurant
Sutera Bali,Mamasan,,15/04/2024,,,,1,25308000,0,12654000,0,,,Restaurant
Sutera Bali,Mamasan,,30/04/2024,,,,1,8591400,0,4295700,0,,,Restaurant
Sutera Bali,Mamasan,-,11/03/2025,30/04/2025,23/05/2025,Local,1,3463200,0,1731600,24,,,Restaurant
Sutera Bali,Mamasan,,08/10/2024,,,,1,18315000,0,9157500,0,,,Restaurant
Surasang PIK,Surasang,-,20/03/2025,30/05/2025,30/05/2025,Local,1,46059450,0,23029725,311,,,Local
"Surabaya Boga, CV",Surabaya Boga,PO21726,30/01/2025,30/04/2025,19/05/2025,Local,1,13666320,0,6833160,48,,,Restaurant
"Surabaya Boga, CV",Surabaya Boga,PO21497,10/01/2025,31/03/2025,18/03/2025,Local,1,11177700,0,5588850,20,Jawa Timur,,Restaurant
Sungguh Sangat Nikmat,Bodass Dessert Bar,,11/02/2024,,,,1,44888400,0,22444200,0,,,Restaurant
Success Venture Hotel Investments,Fieldwork/Pan Pacific,,19/02/2024,,,,1,2959150,0,0,0,,,Hotel
Success Venture Hotel Investment,Pan Pacific Hotel,,21/03/2024,,,,1,913336277,0,456668000,0,,,Hotel
Success Venture Hotel Investment,Pan Pacific Hotel,,14/06/2024,,,,1,6915690,0,0,0,,,Hotel
"SSP Taurus Gemilang Indonesia, PT",Revolver Inter/Domestik,-,17/12/2024,13/01/2025,13/01/2025,Local,1,9990000,0,4995000,36,Bali,,Restaurant
"SSP Taurus Gemilang Indonesia, PT",Revolver Inter/Domestik,-,17/12/2024,13/01/2025,13/01/2025,Local,1,13320000,0,6660000,48,Bali,,Restaurant
Spirit Real-Estate Development Company,Grand Hyatt Kuwait,,08/02/2024,,,,,80,,,0,,,Hotel
Spirit Real-Estate Development Company,Grand Hyatt Kuwait,,23/05/2024,,,,15853,11400,0,5700,0,,,Hotel
Southern Dunes Operations & Maintenance Co.,Six Sense Dunes/The Parker Company,,27/03/2024,,,,15476.8,2355.6,0,1177.8,0,,,Hotel
Southern Dunes Operations & Maintenance Co.,Six Sense Dunes/The Parker Company,,25/06/2024,,,,16249,412.5,0,0,0,,,Hotel
Southern Dunes Operations & Maintenance Co.,Six Sense Dunes/The Parker Company,,06/09/2024,,,,,0,,,0,,,Hotel
Sonia,Sonia,,04/04/2024,,,,15500,3091.42,0,0,0,,,Personal
Solana Retreat Ubud,Bali Wellness Retreat,-,30/01/2025,25/04/2025,18/04/2025,Local,1,30747000,0,15373500,135,,,Hotel
Smeeta - Chef Jolly,Chef Jolly,-,27/02/2025,30/05/2025,30/05/2025,Export,16320,3257,0,1628.5,184,,,Restaurant
Six Senses Con Dao,Six Senses Con Dao,4187,15/01/2025,31/03/2025,30/04/2025,Export,16220,5611,0,2805.5,578,Vietnam,,Hotel
Simon Burgess,Simon Burgess,,06/12/2023,,,,15603,1840,0,0,0,,,Personal
Simon & Son's,Simon & Son's,,03/07/2024,,,,1,189238350,0,94619175,0,,,Restaurant
Silolona Pinisi Eksplorer,Silolona,-,19/09/2024,22/01/2025,21/01/2025,Local,1,111621600,0,55810800,480,Bali,,Hotel
Sheraton Melbourne Hotel,Sheraton,,31/01/2024,,,,15768,780,0,0,0,,,Hotel
Shelter Indonesia Group,Shelter Seminyak,,12/12/2023,,,,1,41391900,0,0,0,,,Restaurant
Shelter Indonesia Group,Shelter Seminyak,,03/01/2024,,,,1,16650000,0,0,0,,,Restaurant
Shelter Indonesia Group,Shelter Seminyak,,18/03/2024,,,,1,3663000,3663000,0,0,,,Restaurant
Shelter Indonesia Group,Shelter Seminyak,,12/08/2024,,,,1,3885000,0,1942500,0,,,Restaurant
Shelter Indonesia Group,Shelter Pererenan,,21/03/2024,,,,1,15706500,0,2781937,0,,,Restaurant
Shelter Indonesia Group,Shelter Canggu,,21/03/2024,,,,1,197644935,0,48323781,0,,,Restaurant
Shelter Indonesia Group,Shelter Pererenan,-,17/03/2025,31/05/2025,28/05/2025,Local,1,19758000,0,9879000,130,,,Restaurant
Shelter Indonesia Group,Shelter Pererenan,,12/08/2024,,,,1,23310000,0,11655000,0,,,Restaurant
Shelter Indonesia Group,Shelter Pererenan,,18/12/2024,,,,1,8325000,0,0,0,,,Restaurant
Sharon Frances,Sharon Frances,,16/01/2024,,,,1,17138400,0,0,0,,,Personal
Sequitur Resorts Pty Limited (Six Senses Fiji),Six Senses Fiji,,24/05/2024,,,,15853,1467,0,0,0,,,Hotel
Seniman Industries,Seniman Caffe,,03/01/2024,,,,1,3552000,0,0,0,,,Hotel
Seniman Industries,Seniman Caffe,,06/05/2024,,,,1,4262400,0,2131200,0,,,Hotel
Seniman Industries,Seniman Caffe,-,25/10/2024,09/01/2025,08/01/2025,Local,1,16872000,0,8436000,190,Bali,,Hotel
Selera Dapur Sedap,Jin Joo,PO202411270001,09/12/2024,31/01/2025,29/01/2025,Local,1,18514800,0,9257400,72,Bali,,Restaurant
Selera Dapur Sedap,Jin Joo,,11/12/2023,,,,1,78854400,0,0,0,,,Restaurant
Sejahtera Indoco,Nusa Dua Beach,,25/03/2024,,,,1,5594400,0,2797200,0,,,Hotel
Sejahtera Indoco,Nusa Dua Beach,,03/01/2024,,,,,41494575,,,0,,,Hotel
Sejahtera Indoco,Nusa Dua Beach,,03/11/2023,,,,1,258299775,0,0,0,,,Hotel
Sejahtera Indoco,Nusa Dua Beach,,21/08/2024,,,,1,48118500,0,24059250,0,,,Hotel
Sejahtera Indoco,Nusa Dua Beach,,19/09/2024,,,,1,17982000,0,8991000,0,,,Hotel
Sardine,Kclub Sardine Bali,,10/09/2024,,,,1,17615700,0,8807850,0,,,Restaurant
Santanera,Santanera,,30/05/2024,,,,1,24508800,0,12254400,0,,,Restaurant
Samanvaya,Zen Happy,,26/01/2024,,,,,11738250,,,0,,,Hotel
Samanvaya,Zen Happy,,15/05/2024,,,,1,54778500,0,27389250,0,,,Hotel
Samanvaya,Zen Happy,,08/07/2024,,,,1,3579750,0,3579750,0,,,Hotel
Samanvaya,Zen Happy,,27/08/2024,,,,1,4262400,0,2131200,0,,,Hotel
Samanvaya,Zen Happy,-,07/02/2025,31/03/2025,27/03/2025,Local,1,24647550,0,12323775,178,Bali,,Hotel
Samabe Luxury Resort,Samabe Luxury Resort,-,11/12/2024,28/02/2025,28/02/2025,Local,1,17582400,0,8791200,45,Bali,,Hotel
"RPB Investment Co., Ltd.",Six Sense Krabey Island Cambodia,-,18/02/2025,30/04/2025,08/05/2025,Export,16162,4417,0,2280.5,461,,,Export
Rosewood Hotel Doha,Royal Hospitality Co W.L.L,,08/08/2024,,,,16421,9425,0,4712.5,0,,,Hotel
Rosewood Hotel Doha,Royal Hospitality Co W.L.L,P12000111,05/03/2025,30/04/2025,08/04/2025,Export,16365,187.15,0,0,13,,,Hotel
Riviera Bistro,Riviera Pererenan / CLANDESTINO FOOD GROUP,,14/11/2024,,,,1,1864800,0,1864800,0,,,Restaurant
Riviera Bistro,Riviera Pererenan / CLANDESTINO FOOD GROUP,,22/05/2024,,,,1,128944260,0,64472130,0,,,Restaurant
Riviera Bistro,Riviera Pererenan / CLANDESTINO FOOD GROUP,-,23/01/2025,21/04/2025,26/03/2025,Local,1,6726600,0,3363300,60,Bali,,Restaurant
Riviera Bistro,Riviera Pererenan / CLANDESTINO FOOD GROUP,,23/07/2024,,,,1,1332000,0,666000,0,,,Restaurant
Riviera Bistro,Riviera Pererenan / CLANDESTINO FOOD GROUP,,25/07/2024,,,,1,6293700,0,6293700,0,,,Restaurant
Riviera Bistro,Riviera Pererenan / CLANDESTINO FOOD GROUP,,21/08/2024,,,,1,20535000,0,20535000,0,,,Restaurant
Riviera Bistro,Riviera Pererenan / CLANDESTINO FOOD GROUP,-,21/01/2025,20/03/2025,19/03/2025,Local,1,13997100,0,6998550,74,,,Restaurant
Rishab Hotel & Restaurant,Rishab Hotel & Restaurant,,12/06/2024,,,,,55645,,,0,,,Hotel
Revolver Cinta kopi,Revolver,,22/12/2023,,,,1,32495250,0,0,0,,,Restaurant
Revolver Cinta kopi,Revolver,-,11/12/2024,31/01/2025,31/01/2025,Local,1,22444200,0,11222100,87,Bali,,Restaurant
Renarte General Trading LLC,Renarte,,11/01/2024,,,,15480,1872,0,0,0,,,Agent
Renarte General Trading LLC,Renarte,,18/01/2024,,,,15629.3,508.8,0,0,0,,,Agent
Renarte General Trading LLC,Renarte,2024-2279,16/12/2024,01/02/2025,01/02/2025,Export,16320,984,0,984,48,Uni Emirat Arab,Done,Agent
Reef Hospitality Solutions and Trading Company,Sindalah,-,04/06/2024,14/03/2025,07/02/2025,Export,16000,41723.9,0,0,2560,,,Hotel
Reef Hospitality Solutions and Trading Company,Sindalah,-,03/06/2024,14/03/2025,07/02/2025,Export,16000,4100.8,0,0,160,,,Hotel
Reef Hospitality Solutions and Trading Company,Sindalah,-,04/06/2024,14/03/2025,07/02/2025,Export,16000,34661,0,0,2470,,,Hotel
Reef Hospitality Solutions and Trading Company,Sindalah,-,03/06/2024,14/03/2025,07/02/2025,Export,16000,29770.9,0,0,1960,,,Hotel
Reef Hospitality Solutions and Trading Company,Sindalah,-,04/06/2024,14/03/2025,07/02/2025,Export,16000,45109.8,0,0,2960,,,Hotel
Reef Hospitality Solutions and Trading Company,Sindalah,-,04/06/2024,14/03/2025,07/02/2025,Export,16000,31468.94,0,0,1990,Saudi Arabia,Done,Hotel
Reef Hospitality Solutions and Trading Company,Sindalah,-,03/06/2024,14/03/2025,07/02/2025,Export,16000,11078.2,0,0,560,,,Hotel
Reef Hospitality Solutions and Trading Company,Sindalah,-,03/06/2024,14/03/2025,07/02/2025,Export,16000,77544.8,0,0,4240,,,Hotel
Reef Hospitality Solutions and Trading Company,Sindalah,-,03/06/2024,14/03/2025,07/02/2025,Export,16000,75466.82,0,0,4708,,,Hotel
Reef Hospitality Solutions and Trading Company,Sindalah,-,04/06/2024,14/03/2025,07/02/2025,Export,16000,4104,0,0,160,,,Hotel
Rayjin Ubud,Rayjin Ubud,,19/08/2024,,,,1,20823600,0,10411800,0,,,Restaurant
Range Developments MSD Limited (Six Sense Grenada),Six Sense Grenada,,09/12/2023,,,,,450,,,0,,,Hotel
RADHAT AL JABAL LLC (Hotel Indigo Jabal Akhdar Resort & Spa),Indigo Oman,,01/03/2024,,,,15635,43392.5,0,21679.25,0,,,Hotel
PT Vatos Tamora Indonesia,Agave & Azul,-,11/03/2025,31/05/2025,23/05/2025,Local,1,70795800,0,35397900,336,,,Restaurant
PT MDA ABS TAMORA,Age Butcher Bali,,09/08/2024,,,,1,153080100,0,153080100,0,,,Restaurant
PT Caterison Sukses,Hilton Bali,,31/05/2024,,,,1,555000000,0,555000000,0,,,Hotel
PT Caterison Sukses,Hilton Bali,CS/0056/III/25,18/03/2025,15/05/2025,30/05/2025,Local,1,13320000,0,6660000,72,,,Hotel
PT Caterison Sukses,Hilton Bali,CS/0068/III/25,25/03/2025,30/05/2025,30/05/2025,Local,1,176417850,0,88208925,1220,,,Hotel
PT Autogrill Services Indonesia,Wolf Gang Puck,,29/11/2023,,,,1,53621325,0,26810662,0,,,Restaurant
PT Autogrill Services Indonesia,Wolf Gang Puck,,24/05/2024,,,,1,136035772,0,68017886,0,,,Restaurant
PT Autogrill Services Indonesia,Wolf Gang Puck,,04/06/2024,,,,1,704850,704850,0,0,,,Restaurant
PT Autogrill Services Indonesia,Wolf Gang Puck,PO-BMker/6948/12/WGP-ASI/2024,05/12/2024,14/03/2025,17/04/2025,Local,1,155011500,0,77505750,830,Bali,,Restaurant
Prima Ismaya Sejahtera,Ismaya,,28/05/2024,,,,,4218000,,,0,,,Restaurant
Prima Ismaya Sejahtera,Ismaya,,21/05/2024,,,,1,6793200,0,0,0,,,Restaurant
Prima Ismaya Sejahtera,Ismaya,,31/07/2024,,,,1,19846800,0,9923400,0,,,Restaurant
Prima Fenomena Jaya,Prima Fenomena Jaya,,12/12/2023,,,,1,72333150,0,36166575,0,,,Restaurant
Prima Fenomena Jaya,Prima Fenomena Jaya,,26/06/2024,,,,1,29481600,0,14740800,0,,,Restaurant
Prima Fenomena Jaya,Prima Fenomena Jaya,,28/05/2024,,,,1,4218000,0,2109000,0,,,Restaurant
"Prima Adhitama International Development, PT",Ayana Midplaza Jakarta,2024167089,13/01/2025,03/03/2025,27/02/2025,Local,1,7770000,0,3954456,50,,,Hotel
Pribadi Boga Utama,Buzo Restaurant/Salazon,,15/11/2024,,,,1,6926400,0,0,0,,,Restaurant
Pribadi Boga Utama,Buzo Restaurant/Salazon,,13/03/2024,,,,1,48551400,0,24275700,0,,,Restaurant
Pribadi Boga Utama,Buzo Restaurant/Salazon,,06/06/2024,,,,1,6327000,0,0,0,,,Restaurant
Pribadi Boga Utama,Buzo Restaurant/Salazon,,09/09/2024,,,,1,16516800,0,0,0,,,Restaurant
Prapat Agung Permai,Menjangan Dynasty Resort,,12/09/2024,,,,1,96736500,0,48368250,0,,,Hotel
Prapat Agung Permai,Menjangan Dynasty Resort,,22/05/2024,,,,1,6393600,0,3196800,0,,,Hotel
"PNB Merdeka Tower Hotel Sdn Bhd d/b/a Park Hyatt, Kuala Lumpur",Park Hyatt Kuala Lumpur,-,26/03/2025,30/06/2025,30/06/2025,Export,16162,29717.5,14858.75,0,950,Kuala Lumpur,,Hotel
PMJ Sakti Gamat,Maua Penida,,12/12/2023,,,,,9324000,,,0,,,Hotel
Permadani Khatulistiwa Nusantara,St Regis Hotel Jakarta,,19/11/2024,,,,,1492950,,,0,,,Hotel
Permadani Khatulistiwa Nusantara,St Regis Hotel Jakarta,,02/08/2024,,,,1,383891060,0,191945530,0,,,Hotel
Paul McAllister,Paul McAllister,,03/12/2024,,,,16249,228,0,0,0,,,Personal
Patina Maldives Fari Islands,Patina Maldives,,01/01/2024,,,,15500,3672,0,0,0,,,Hotel
Patina Maldives Fari Islands,Patina Maldives,,01/01/2024,,,,15500,5514,0,0,0,,,Hotel
Patina Maldives Fari Islands,Patina Maldives,,01/01/2024,,,,15500,4314,0,0,0,,,Hotel
Patina Maldives Fari Islands,Patina Maldives,,20/12/2023,,,,15500,25176,0,0,0,,,Hotel
Patina Maldives Fari Islands,Patina Maldives,,01/01/2024,,,,15500,3792,0,0,0,,,Hotel
Patina Maldives Fari Islands,Patina Maldives,,01/01/2024,,,,,6030,,,0,,,Hotel
Patina Maldives Fari Islands,Patina Maldives,,01/01/2024,,,,15500,7686,0,0,0,,,Hotel
Patina Maldives Fari Islands,Patina Maldives,,15/04/2024,,,,15476.8,900,0,900,0,,,Hotel
Patina Maldives Fari Islands,Patina Maldives,,29/03/2024,,,,15603,3000,0,0,0,,,Hotel
"Pasar Tani Indoguna, CV",Pasar Tani Indoguna,21724,30/01/2025,30/04/2025,16/05/2025,Local,1,14685300,0,7342650,60,,,Umum
"Pasar Tani Indoguna, CV",Pasar Tani Indoguna,21723,30/01/2025,30/04/2025,16/05/2025,Local,1,14685300,0,7342650,60,,,Umum
"Pasar Tani Indoguna, CV",Pasar Tani Indoguna,PO21492,10/01/2025,31/03/2025,18/03/2025,Local,1,11177700,0,5588850,20,Jakarta,,Umum
"Pasar Tani Indoguna, CV",Pasar Tani Indoguna,PO21493,10/01/2025,31/03/2025,18/03/2025,Local,1,11177700,0,5588850,20,Jakarta,,Umum
Paola Buendia,Paola Buendia,-,28/02/2025,17/03/2025,17/03/2025,Local,1,4795200,0,2397600,24,,,Personal
"Palembang Boga Utama, CV",Palembang Boga Utama,PO21494,10/01/2025,31/03/2025,18/03/2025,Local,1,11177700,0,5588850,20,Kalimantan Timur,,Restaurant
"Palembang Boga Utama, CV",Palembang Boga Utama,PO21722,30/01/2025,30/04/2025,13/05/2025,Local,1,29550420,0,14775210,108,,,Restaurant
Pak Dio,Dio,-,31/01/2025,30/04/2025,16/05/2025,Local,1,31348620,0,15674310,120,,,Personal
Pahdi Alam Sejahtera,Pahdi,,18/01/2024,,,,,27195000,,,0,,,Restaurant
Pahdi Alam Sejahtera,Pahdi,-,15/11/2024,28/02/2025,28/02/2025,Local,1,255854722,0,127927361,882,Bali,,Restaurant
Pacific Resorts Buana Indonesia,St Regis Bali,,29/08/2024,,,,1,1714950,1714950,0,0,,,Hotel
Pacific Resorts Buana Indonesia,St Regis Bali,-,19/12/2024,04/03/2025,28/02/2025,Local,1,77700000,0,38850000,480,Bali,,Hotel
Pablo Long Time Asian Restaurant,Pablo Long Time,,18/04/2024,,,,1,6216000,0,3108000,0,,,Restaurant
Pablo Long Time Asian Restaurant,Pablo Long Time,,22/01/2024,,,,1,149239500,0,0,0,,,Restaurant
Pablo Long Time Asian Restaurant,Pablo Long Time,,19/03/2024,,,,1,4662000,0,2331000,0,,,Restaurant
Pablo Long Time Asian Restaurant,Pablo Long Time,,04/06/2024,,,,1,10822500,0,5411250,0,,,Restaurant
Pablo Long Time Asian Restaurant,Pablo Long Time,,03/09/2024,,,,1,2797200,0,1398600,0,,,Restaurant
Original Vision (Antigua) Ltd,Giuseppe Tulumello Architect (Sandy Toes),,24/12/2024,,,,,35123.4,,,0,,,Umum
Original Vision (Antigua) Ltd,Giuseppe Tulumello Architect (Sandy Toes),-,10/01/2025,07/01/2025,28/01/2025,Export,,1399.95,,,8,,,Umum
Original Vision (Antigua) Ltd,Giuseppe Tulumello Architect (Sandy Toes),-,24/12/2024,14/04/2025,15/06/2025,Export,16249,33399.99,15745.95,0,2125,Antigua,,Umum
Optimist Pererenan,Optimist Pererenan,,19/01/2024,,,,1,179792250,0,0,0,,,Restaurant
Optimist Pererenan,Optimist Pererenan,,04/06/2024,,,,1,42918150,0,21459075,0,,,Restaurant
Nusantara Ubud,CIPATI YUDHA PERSADA/JVJ Gastro Warung,,11/06/2024,,,,1,26420220,0,13210110,0,,,Restaurant
Nusantara Ubud,CIPATI YUDHA PERSADA/JVJ Gastro Warung,,06/02/2024,,,,1,24697500,0,12348750,0,,,Restaurant
Nusantara Island Resort,Amankila Hotel,,08/02/2024,,,,1,15961800,0,15645450,0,,,Hotel
Nusadua Graha International,The Westin Resort Nusa Dua,,19/03/2024,,,,1,195110250,0,97555125,0,,,Hotel
Nusadua Graha International,The Westin Resort Nusa Dua,,12/04/2024,,,,1,36630000,0,18315000,0,,,Hotel
Nusadua Graha International,The Westin Resort Nusa Dua,,18/07/2024,,,,1,47041245,0,23520622,0,,,Hotel
Nusadua Graha International,The Westin Resort Nusa Dua,,12/07/2024,,,,1,15540000,0,15540000,0,,,Hotel
Nusadua Graha International,The Westin Resort Nusa Dua,,13/09/2024,,,,1,25308000,0,12654000,0,,,Hotel
Nusadua Graha International,The Westin Resort Nusa Dua,1DSLV00115616,26/12/2024,04/03/2025,12/03/2025,Local,1,17715600,0,8857800,72,Bali,,Hotel
NEW TOP LIMITED,Capella Taipei,2240820ID001,20/08/2024,31/01/2025,31/01/2025,Export,16421,27507.25,0,27507.25,1710,Taiwan,,Hotel
NEW TOP LIMITED,Capella Taipei,,07/10/2024,,,,16421,9220,0,8759,0,,,Hotel
Naughty Nuris Sanur,Naughty Nuris Sanur,,20/11/2024,,,,1,5772000,0,2886000,0,,,Restaurant
Nativa Graha Saji,Billy Ho,,01/02/2024,,,,,1465200,,,0,,,Restaurant
Nativa Graha Saji,Billy Ho,,18/04/2024,,,,1,6526800,0,3263400,0,,,Restaurant
Nativa Graha Saji,Billy Ho,,02/10/2024,,,,1,17288250,0,8644125,0,,,Restaurant
Nativa Graha Saji,Billy Ho,,23/07/2024,,,,1,3663000,0,1831500,0,,,Restaurant
Nativa Graha Saji,Billy Ho,-,02/12/2024,14/01/2025,13/01/2025,Local,1,8652450,0,4326225,67,Bali,,Restaurant
Nativa Graha Saji,Billy Ho,,08/01/2025,,,,1,5106000,0,0,0,,,Restaurant
Nae UM,Nae UM,,27/05/2024,,,,15853,500,0,500,0,,,Restaurant
Mushka Dua Bali,Blanche Bistro,,04/12/2023,,,,,79032000,,,0,,,Restaurant
Mushka Dua Bali,Blanche Bistro,,19/02/2024,,,,1,19980000,0,10000000,0,,,Restaurant
MTS Investments Indonesia,Further Hotel,,24/05/2024,,,,1,9102000,0,4551000,0,,,Hotel
Mozaic Ubud,Mozaic Ubud,,20/05/2024,,,,1,55466700,0,27733350,0,,,Restaurant
Monokuro,Monokuro,-,26/11/2024,30/01/2025,27/01/2025,Local,1,17815500,0,9907750,102,Bali,,Restaurant
Monokuro,Monokuro,,31/07/2024,,,,1,5661000,0,2830500,0,,,Restaurant
MNC Land Tbk,Park Hyatt Jakarta,,27/08/2024,,,,1,21445200,0,10722600,0,,,Hotel
Mitra Mulia Boga Nusantara,Waterbom,,29/11/2023,,,,,2530800,,,0,,,Restaurant
Mitra Mulia Boga Nusantara,Waterbom,,30/07/2024,,,,1,23443200,0,23443200,0,,,Restaurant
"Mimosa Cityscapes, INC.","Mimosa Cityscapes, INC.",-,29/03/2024,15/05/2025,15/06/2025,Export,15712,4652.5,0,0,195,,,Restaurant
Milk Bar,Milk Bar,,14/06/2024,,,,1,7059600,0,3529800,0,,,Restaurant
Michael Lorenti,Michael Lorenti,,20/05/2024,,,,1,3829500,0,3829500,0,,,Personal
Michael Lorenti,Michael Lorenti,,09/05/2024,,,,1,34365600,0,17182800,0,,,Personal
MG Hotel Supplies LLC,MG Hotel,,12/12/2023,,,,,864,,,0,,,Agent
MG Hotel Supplies LLC,MG Hotel,,10/06/2024,,,,16115,1482,0,741,0,,,Agent
MG Hotel Supplies LLC,MG Hotel,,06/06/2024,,,,16115,3610,0,1805,0,,,Agent
MG Hotel Supplies LLC,MG Hotel,,05/06/2024,,,,15853,348,0,0,0,,,Agent
MG Hotel Supplies LLC,MG Hotel,-,13/02/2025,30/04/2025,17/04/2025,Export,16220,276,0,276,12,,,Agent
Menara Permata Properti,Mamaka/Ovolo,,29/11/2023,,,,,9768000,,,0,,,Hotel
Menara Permata Properti,Mamaka/Ovolo,,29/11/2023,,,,,6660000,,,0,,,Hotel
Maya Resort,Maya Sanur,,18/12/2023,,,,,11683860,,,0,,,Hotel
Maya Resort,Maya Sanur,,05/12/2023,,,,,6327000,,,0,,,Hotel
Maya Resort,Maya Sanur,,11/01/2024,,,,1,76683240,0,0,0,,,Hotel
Maya Resort,Maya Sanur,,12/02/2024,,,,1,11810400,0,0,0,,,Hotel
Maya Resort,Maya Sanur,,26/01/2024,,,,1,7492500,0,0,0,,,Hotel
Maya Resort,Maya Sanur,,28/11/2023,,,,,35483925,,,0,,,Hotel
Maya Resort,Maya Sanur,,23/05/2024,,,,1,6696075,0,3348037,0,,,Hotel
Maya Resort,Maya Sanur,,23/05/2024,,,,1,23304450,0,11652225,0,,,Hotel
Maya Resort,Maya Sanur,,04/07/2024,,,,1,5994000,0,2997000,0,,,Hotel
Maya Resort,Maya Sanur,,13/08/2024,,,,1,4745250,0,2372625,0,,,Hotel
Maya Resort,Maya Sanur,P240627023,18/10/2024,08/01/2025,,Local,1,14985000,0,0,60,Bali,,Hotel
Maya Resort,Maya Sanur,P240927002,30/09/2024,28/01/2025,28/01/2025,Local,1,94957725,0,47478863,528,Bali,,Hotel
Maya Resort,Maya Sanur,P240927003,30/09/2024,28/01/2025,28/01/2025,Local,1,39991912,0,19995956,300,Bali,,Hotel
Maya Resort,Maya Sanur,P240927005,30/09/2024,28/01/2025,28/01/2025,Local,1,22144500,0,11072250,80,Bali,,Hotel
Maya Resort,Maya Sanur,P240927004,30/09/2024,28/01/2025,28/01/2025,Local,1,17741962,0,8870982,175,Bali,,Hotel
Marloe Marloe Indonesia,Marloe,,18/10/2024,,,,10692.06,1450,0,0,0,,,Artist Collaboration
Marina Bay Sands,MBS,,30/01/2024,,,,15416,7740,0,3870,0,,,Hotel
Margaret Bistro Canggu,Margaret Bistro Canggu,,03/10/2024,,,,1,123459750,0,61729875,0,,,Restaurant
Mandara Spa Indonesia,Mandara Spa,,25/04/2024,,,,1,21645000,0,10822500,0,,,SPA
Mandara Spa Indonesia,Mandara Spa,33672,13/03/2025,30/04/2025,05/05/2025,Local,1,4995000,0,2497500,50,,,SPA
"Makasar Boga Utama, CV",Makasar Boga Utama,PO21499,10/01/2025,31/03/2025,18/03/2025,Local,1,11177700,0,5588850,20,Sulawesi Selatan,,Restaurant
"Makasar Boga Utama, CV",Makasar Boga Utama,PO21725,30/01/2025,30/04/2025,16/05/2025,Local,1,17082900,0,8541450,60,,,Restaurant
Made by Umah,Made by Umah,,24/01/2025,,,,1,333000,0,0,0,,,Personal
Made by Umah,Made by Umah,-,05/02/2025,30/04/2025,27/03/2025,Local,,33300000,,,100,Bali,,Personal
Made by Umah,Made by Umah,-,06/02/2025,30/04/2025,27/03/2025,Local,16129,2064.600025,0,0,100,Bali,,Personal
Mactan Seascapes Service INC (Crimson),Crimson / Boracay,,03/01/2024,,,,15476.8,780,0,390,0,,,Hotel
Mactan Seascapes Service INC (Crimson),Crimson / Boracay,,21/05/2024,,,,15853,9500,0,9500,0,,,Hotel
Mactan Seascapes Service INC (Crimson),Crimson / Boracay,POR0000012559,26/07/2024,31/01/2025,31/01/2025,Export,16180,23873.88,0,11936.94,1981,Philipina,,Hotel
"LOMBOK KULINA UTAMA, PT",Lombok Kulina Utama,PO21719,30/01/2025,30/04/2025,16/05/2025,Local,1,131148720,0,65574360,528,,,Restaurant
Loloan Bali,Mexicola Seminyak,,23/07/2024,,,,1,10267500,0,10267500,0,,,Restaurant
Loloan Bali,Mexicola Seminyak,-,29/01/2025,30/04/2025,26/05/2025,Local,1,232878000,0,100000000,920,,,Restaurant
"Loka Neka Jaya, PT",Locavore NXT,,13/12/2023,,,,,83717050,,,0,,,Restaurant
"Loka Neka Jaya, PT",Locavore NXT,,18/01/2024,,,,,5594400,,,0,,,Restaurant
"Loka Neka Jaya, PT",Locavore NXT,,18/01/2024,,,,,3413250,,,0,,,Restaurant
"Loka Neka Jaya, PT",Locavore NXT,,21/02/2024,,,,1,73260000,0,36630000,0,,,Restaurant
"Loka Neka Jaya, PT",Locavore NXT,18112024 (NXT),15/11/2024,04/02/2025,04/02/2025,Local,1,10545000,0,5272500,50,Bali,Done,Restaurant
Leisure Ventures Langkawi Sdn Bhd,Four Seasons Resort Langkawi,,24/05/2024,,,,15853,10098,0,5049,0,,,Hotel
Leisure Oceans Private Limited (Six Sense Kanuhura),Six Sense Kanuhura,,09/09/2024,,,,16421,1500,0,0,0,,,Hotel
Leisure Oceans Private Limited (Six Sense Kanuhura),Six Sense Kanuhura,K202501-00390,18/02/2025,20/03/2025,02/05/2025,Export,16162,468,0,0,72,,,Hotel
Leisure Oceans Private Limited (Six Sense Kanuhura),Six Sense Kanuhura,K202412-04717,19/12/2024,14/03/2025,20/02/2025,Local,16320,1885,0,942.5,200,Maldives,,Hotel
Leisure Oceans Private Limited (Six Sense Kanuhura),Six Sense Kanuhura,K202503-01190,17/03/2025,31/05/2025,30/05/2025,Export,16162,780,0,780,60,,,Hotel
Kreasi Cipta Karsa,The Langham Jakarta,,03/01/2024,,,,,11544000,,,0,,,Hotel
Kreasi Cipta Karsa,The Langham Jakarta,,05/03/2024,,,,1,41070000,0,20535000,0,,,Hotel
Kreasi Cipta Karsa,The Langham Jakarta,PO202502-03407,17/02/2025,30/04/2025,25/06/2025,Local,1,189421500,94710750,0,840,Jakarta,,Hotel
"Kopi Bar Sela, PT",Chella Uluwatu,,02/01/2025,,,,1,5061600,1010100,1520700,0,,,Restaurant
"Kopi Bar Sela, PT",Chella Uluwatu,-,20/03/2025,01/04/2025,30/04/2025,Local,1,2136750,0,0,35,,,Restaurant
"Kopi Bar Sela, PT",Chella Uluwatu,422024,23/01/2025,01/04/2025,24/06/2025,Local,1,221850150,0,110925075,1160,Bali,,Restaurant
Kiros Hospitality Solutions Pvt. Ltd.,Kiros,,25/07/2024,,,,16180,2760.5,0,1380.25,0,,,Hotel
Kevala Keramik Bali,KKB,,16/07/2024,,,,1,70462800,0,0,0,,,Umum
Kevala Keramik Bali,KKB,,16/07/2024,,,,1,653106240,0,0,0,,,Umum
Kevala Keramik Bali,KKB,,16/07/2024,,,,1,128794632,0,0,0,,,Umum
Kevala Keramik Bali,KKB,,16/07/2024,,,,1,407778480,0,0,0,,,Umum
Kevala Keramik Bali,KKB,,24/07/2024,,,,1,420725520,0,0,0,,,Umum
Kevala Keramik Bali,KKB,,17/01/2025,,,,,56956320,,,0,,,Umum
Kevala Keramik Bali,KKB,,05/11/2024,,,,,31035600,,,0,,,Umum
Kevala Keramik Bali,KKB,,09/10/2024,,,,,276168000,,,0,,,Umum
Kevala Keramik Bali,KKB,,05/11/2024,,,,,851414400,,,0,,,Umum
Kevala Keramik Bali,KKB,,09/10/2024,,,,,122801520,,,0,,,Umum
Kevala Keramik Bali,KKB,,09/10/2024,,,,,55300200,,,0,,,Umum
Kevala Keramik Bali,KKB,,09/10/2024,,,,,301999920,,,0,,,Umum
Kevala Keramik Bali,KKB,,09/10/2024,,,,,252835800,,,0,,,Umum
Kevala Keramik Bali,KKB,,09/10/2024,,,,,213528480,,,0,,,Umum
Kevala Keramik Bali,KKB,,09/10/2024,,,,,108891000,,,0,,,Umum
Kevala Keramik Bali,KKB,-,26/03/2025,30/05/2025,,Local,,128794632,,,802,,,Umum
Kevala Keramik Bali,KKB,-,26/03/2025,30/05/2025,,Local,,83969280,,,456,,,Umum
Kevala Keramik Bali,KKB,-,26/03/2025,30/05/2025,,Local,,22777200,,,54,,,Umum
Kevala Keramik Bali,KKB,,21/11/2024,,,,,75124800,,,0,,,Umum
Kevala Keramik Bali,KKB,,20/11/2024,,,,1,34450000,0,34450000,0,,,Umum
Kevala Keramik Bali,KKB,,21/11/2024,,,,,133026840,,,0,,,Umum
Kevala Keramik Bali,KKB,,08/11/2024,,,,,159413760,,,0,,,Umum
Kevala Keramik Bali,KKB,,08/11/2024,,,,,218221560,,,0,,,Umum
Kevala Keramik Bali,KKB,,07/11/2024,,,,,207112680,,,0,,,Umum
Kevala Keramik Bali,KKB,,06/11/2024,,,,,99340560,,,0,,,Umum
Kevala Keramik Bali,KKB,,07/11/2024,,,,,142197660,,,0,,,Umum
Kevala Keramik Bali,KKB,,12/11/2024,,,,,43583040,,,0,,,Umum
Kevala Keramik Bali,KKB,,12/11/2024,,,,,73846080,,,0,,,Umum
Kevala Keramik Bali,KKB,,12/11/2024,,,,,124595280,,,0,,,Umum
Kevala Keramik Bali,KKB,,06/11/2024,,,,,176143680,,,0,,,Umum
Kevala Keramik Bali,KKB,-,26/03/2025,30/05/2025,,Local,,21978000,,,120,,,Umum
Kevala Keramik Bali,KKB,,17/01/2025,,,,,28238400,,,0,,,Umum
Kevala Keramik Bali,KKB,,17/01/2025,,,,,127112760,,,0,,,Umum
Kevala Keramik Bali,KKB,,17/01/2025,,,,,124675200,,,0,,,Umum
Kevala Keramik Bali,KKB,,17/01/2025,,,,,100752480,,,0,,,Umum
Kevala Keramik Bali,KKB,-,26/03/2025,30/05/2025,,Local,,59646960,,,420,,,Umum
Kevala Keramik Bali,KKB,-,26/03/2025,30/05/2025,,Local,,58980960,,,468,,,Umum
Kevala Keramik Bali,KKB,-,27/03/2025,30/05/2025,,Local,,103487520,,,572,,,Umum
Kevala Keramik Bali,KKB,-,26/03/2025,30/04/2025,,Local,,3356640,,,24,,,Umum
Keraton At The Plaza,Plaza Indonesia Mandiri,Sample,12/12/2024,20/01/2025,,Local,1,2109000,0,1054500,5,Bali,,Hotel
Keraton At The Plaza,Plaza Indonesia Mandiri,-,24/02/2025,30/05/2025,06/06/2025,Local,1,44677500,0,22338750,100,,,Hotel
Kebun Bistro Ubud,Kebun Bistro,,07/02/2024,,,,1,18559200,0,9279600,0,,,Restaurant
Kebun Bistro Ubud,Kebun Bistro,-,13/03/2025,30/04/2025,11/04/2025,Local,1,305250,0,0,1,,,Restaurant
Karya Agung Kisma Lestari,Laguna Hotel Bali,,20/05/2024,,,,1,24420000,0,24420000,0,,,Hotel
Karya Agung Kisma Lestari,Laguna Hotel Bali,,02/07/2024,,,,1,6660000,0,0,0,,,Hotel
Karang Mas Sejahtera,Ayana Hospitality,,15/04/2024,,,,1,136557750,0,136557750,0,,,Hotel
Karang Mas Sejahtera,Ayana Hospitality,,20/02/2024,,,,1,49950000,0,49950000,0,,,Hotel
Karang Mas Sejahtera,Ayana Hospitality,,20/05/2024,,,,1,62742750,0,31371375,0,,,Hotel
Karang Mas Sejahtera,Ayana Hospitality,,05/02/2024,,,,1,226480237,0,226480237,0,,,Hotel
Karang Mas Sejahtera,Ayana Hospitality,,06/06/2024,,,,1,1404150,0,0,0,,,Hotel
Karang Mas Sejahtera,Ayana Hospitality,,05/02/2024,,,,1,16872000,0,16872000,0,,,Hotel
Karang Mas Sejahtera,Ayana Hospitality,,28/05/2024,,,,1,3296700,0,0,0,,,Hotel
Karang Mas Sejahtera,Ayana Hospitality,,20/08/2024,,,,1,239766937,0,119883468,0,,,Hotel
Karang Mas Sejahtera,Ayana Hospitality,,10/09/2024,,,,1,15429000,0,7714500,0,,,Hotel
Karang Mas Sejahtera,Ayana Hospitality,,07/10/2024,,,,1,1842600,0,954600,0,,,Hotel
Karang Mas Sejahtera,Ayana Hospitality,2025008470,23/01/2025,31/03/2025,27/03/2025,Local,1,699980852,0,349990426,3955,Bali,,Hotel
Karang Mas Sejahtera,Ayana Hospitality,2024164203 Ayana Bali SPA,26/12/2024,28/02/2025,28/02/2025,Local,1,5594400,0,0,24,Bali,,Hotel
Karang Mas Sejahtera,Ayana Hospitality,2024116025,18/09/2024,13/01/2025,10/01/2025,Local,1,344655000,0,172327500,1300,Bali,,Hotel
Karang Mas Sejahtera,Ayana Hospitality,2024123106,02/10/2024,31/01/2025,31/01/2025,Local,1,485908327,0,242954163,2545,Bali,Done,Hotel
Kala Hospitality Group,Kala Uluwatu,,03/01/2024,,,,1,166056000,0,0,0,,,Restaurant
Kala Hospitality Group,Kala Uluwatu,,18/09/2024,,,,1,21090000,0,10545000,0,,,Restaurant
Kaia Restaurant,Kaia Restaurant,-,27/01/2025,30/04/2025,31/01/2025,Local,1,17982000,0,0,60,Bali,,Restaurant
Kafe Ubud,Hanoman Kafe,,01/01/2024,,,,1,31080000,0,0,0,,,Restaurant
"JTB Trading, Inc. ( Six Sense Kyoto)",Six Sense Kyoto,,21/03/2024,,,,15476.8,542.5,0,535.13,0,,,Hotel
"JTB Trading, Inc. ( Six Sense Kyoto)",Six Sense Kyoto,,29/03/2024,,,,15603,1225,0,1265.63,0,,,Hotel
Johan Janssen PTY LTD,Johan Janssen,,27/09/2023,,,,15000,6452,0,0,0,,,Personal
Johan Janssen PTY LTD,Johan Janssen,,27/09/2023,,,,15000,6452,0,0,0,,,Personal
Johan Janssen PTY LTD,Johan Janssen,,27/09/2023,,,,15000,1096,0,0,0,,,Personal
Johan Janssen PTY LTD,Johan Janssen,,27/09/2023,,,,15000,6452,0,0,0,,,Personal
Johan Janssen PTY LTD,Johan Janssen,,27/09/2023,,,,15000,6452,0,0,0,,,Personal
Jimbaran Villas,Bvlgari,,04/03/2024,,,,1,40271355,0,20135677,0,,,Hotel
Jimbaran Villas,Bvlgari,,01/07/2024,,,,1,2985900,0,2985900,0,,,Hotel
Jimbaran Villas,Bvlgari,,05/09/2024,,,,1,42723067,0,21361533,0,,,Hotel
Jimbaran Villas,Bvlgari,DPSBG-00200796,06/11/2024,07/02/2025,07/02/2025,Local,1,5594400,0,2797200,24,Bali,,Hotel
Jimbaran Greenhill,Raffles Bali,,19/06/2024,,,,1,147840900,0,73920450,0,,,Hotel
Jimbaran Greenhill,Raffles Bali,PO202411-11632,20/11/2024,30/01/2025,23/01/2025,Local,1,4928400,0,0,24,Bali,,Hotel
Jen,Jennifer,-,04/06/2024,04/03/2025,07/03/2025,Local,1,47397000,0,23698500,254,Bali,,Personal
Jeffrey Grimes,Jeffrey Grimes,,29/05/2024,,,,16060,2673,0,1336.5,0,,,Personal
Jayasom Amaala,Jayasom Amaala,,20/09/2024,,,,15155,2062.15,0,0,0,,,Hotel
Japa Putra Wijaka,Japa Ubud,,01/01/2024,,,,,22866000,,,0,,,Hotel
Japa Putra Wijaka,Japa Ubud,-,16/01/2025,30/03/2025,11/04/2025,Local,1,118326000,0,59163000,615,,,Hotel
Jaddi Globalindo,AW Kitchen,,20/12/2023,,,,1,45421200,0,0,0,,,Restaurant
"Island Explora, PT",Lago Ledge,-,25/03/2025,30/06/2025,15/07/2025,Local,1,390137250,195068625,0,1815,Bali,,Hotel
Intercontinental Bandung Dago,Hotel Dago Pakar,74639,23/12/2024,17/02/2025,19/02/2025,Local,1,6737700,0,3368850,71,Jawa Barat,,Hotel
Intercontinental Bandung Dago,Hotel Dago Pakar,74635,23/12/2024,17/02/2025,18/02/2025,Local,1,6449100,0,3224550,25,Jawa Barat,,Hotel
Indonesia Adventure Sport,Nihi Sumba,,16/10/2023,,,,1,17482500,0,0,0,,,Hotel
Indonesia Adventure Sport,Nihi Sumba,,04/12/2023,,,,1,33699600,0,0,0,,,Hotel
Indonesia Adventure Sport,Nihi Sumba,,03/01/2024,,,,1,33699600,0,0,0,,,Hotel
Indonesia Adventure Sport,Nihi Sumba,,21/03/2024,,,,1,7770000,0,3885000,0,,,Hotel
Indonesia Adventure Sport,Nihi Sumba,,29/04/2024,,,,1,11655000,0,5827500,0,,,Hotel
Indonesia Adventure Sport,Nihi Sumba,,01/01/2024,,,,1,21844800,0,0,0,,,Hotel
Indonesia Adventure Sport,Nihi Sumba,,12/01/2024,,,,1,3729600,0,0,0,,,Hotel
Indonesia Adventure Sport,Nihi Sumba,,19/06/2024,,,,1,24109200,0,12054600,0,,,Hotel
Indonesia Adventure Sport,Nihi Sumba,202501-00371,15/01/2025,31/03/2025,21/03/2025,Local,1,27972000,0,13986000,120,Sumba,,Hotel
Indonesia Adventure Sport,Nihi Sumba,PO202501-00304,24/01/2025,31/03/2025,27/03/2025,Local,1,19425000,0,9712500,5,,,Hotel
Indonesia Adventure Sport,Nihi Sumba,PO202412-12582,03/01/2025,24/03/2025,24/03/2025,Local,1,7770000,0,3885000,25,,,Hotel
Indonesia Adventure Sport,Nihi Sumba,P202502-01234,13/02/2025,26/03/2025,26/03/2025,Local,1,5061600,0,2530800,24,,,Hotel
Indonesia Adventure Sport,Nihi Sumba,,27/01/2025,,,,1,5466750,0,2733375,0,,,Hotel
Indonesia Adventure Sport,Nihi Sumba,PO202503-02121,07/03/2025,30/05/2025,23/05/2025,Local,1,10256400,0,5128200,48,,,Hotel
Indonesia Adventure Sport,Nihi Sumba,PO202502-011139,13/02/2025,30/04/2025,14/04/2025,Local,1,10656000,0,5328000,48,,,Hotel
Indonesia Adventure Sport,Nihi Sumba,PO202501-00873,03/02/2025,30/04/2025,29/04/2025,Local,1,160816523,0,80408261,608,,,Hotel
Indonesia Adventure Sport,Nihi Sumba,9625,03/10/2024,24/01/2025,16/01/2025,Local,1,25840800,0,25840800,144,Sumba,,Hotel
Indonesia Adventure Sport,Nihi Sumba,PO202409-09454 & PO202409-09473,08/10/2024,31/01/2025,03/02/2025,Local,1,26780970,0,13390485,160,Bali,Done,Hotel
Indonesia Adventure Sport,Nihi Sumba,PO202502-01576,17/02/2025,30/04/2025,29/04/2025,Local,1,32167800,0,16134960,92,,,Hotel
"Indoguna Utama, PT",Indoguna Utama,#PO21491,10/01/2025,31/03/2025,18/03/2025,Local,1,27944250,0,13972125,50,,,Restaurant
HUGO BOSS South East Asia Pte.Ltd.,HUGO BOSS,,18/03/2024,,,,15590,5954.039954,0,0,0,,,Hotel
Hotel Permata Hijau,Hotel Permata Hijau,-,20/12/2024,10/02/2025,11/02/2025,Local,1,85914000,0,85914000,360,Jawa Barat,,Hotel
Hotel Pandan Arum,Maya Ubud,,19/12/2023,,,,,37917600,,,0,,,Hotel
Hotel Pandan Arum,Maya Ubud,,27/11/2023,,,,,50616000,,,0,,,Hotel
Hotel Pandan Arum,Maya Ubud,,08/12/2023,,,,,57575700,,,0,,,Hotel
Hotel Pandan Arum,Maya Ubud,,26/06/2024,,,,1,8325000,0,4162500,0,,,Hotel
Hotel Pandan Arum,Maya Ubud,P250217052,26/02/2025,30/04/2025,03/04/2025,Local,1,488400,0,0,2,,,Hotel
Hotel Pandan Arum,Maya Ubud,,24/07/2024,,,,1,28207875,0,14103980,0,,,Hotel
Hotel Pandan Arum,Maya Ubud,,25/10/2024,,,,1,9768000,0,4884000,0,,,Hotel
Hotel Pandan Arum,Maya Ubud,P241225004,31/12/2024,01/03/2025,07/03/2025,Local,1,33966000,0,16983000,120,Bali,,Hotel
Hotel Pandan Arum,Maya Ubud,P250130017,05/02/2025,24/03/2025,17/03/2025,Local,1,10489500,0,5244750,1,Bali,,Hotel
Hotel Pandan Arum,Maya Ubud,-,01/11/2024,07/01/2025,07/01/2025,Local,1,2797200,0,1398600,24,Bali,,Hotel
Hotel Pandan Arum,Maya Ubud,P241225003,31/12/2024,01/03/2025,07/03/2025,Local,1,16924725,0,8462385,150,Bali,,Hotel
Hotel Pandan Arum,Maya Ubud,P241022025,25/10/2024,28/01/2025,23/01/2025,Local,1,6243750,0,3121875,15,Bali,,Hotel
Hotel Indonesia Sanur International,Meru,21659,29/01/2025,30/04/2025,29/04/2025,Local,1,35750000,0,17875000,450,Bali,,Hotel
Hotel Indonesia Sanur International,Meru,,18/12/2023,,,,1,628401000,0,0,0,,,Hotel
Hotel Indonesia Sanur International,Meru,,18/12/2023,,,,1,971292000,0,0,0,,,Hotel
Hotel Indonesia Sanur International,Meru,,16/03/2024,,,,1,20460000,0,0,0,,,Hotel
Hotel Indonesia Sanur International,Meru,21662,04/02/2025,30/04/2025,29/04/2025,Local,1,68940000,0,34470000,662,Bali,,Hotel
Hotel Indonesia Sanur International,Meru,21660,29/01/2025,30/04/2025,29/04/2025,Local,1,48000000,0,24000000,320,Bali,,Hotel
Hotel Indonesia Sanur International,Meru,21707,29/01/2025,30/04/2025,29/04/2025,Local,1,48050000,0,24025000,574,Bali,,Hotel
Hiyoko 2.0 Jakarta,Hiyoko 2.0,-,05/12/2024,31/01/2025,31/01/2025,Local,1,19247400,0,9623700,108,Jakarta,,Restaurant
Hilton London (Smeeta),Smeeta,-,18/12/2024,07/03/2025,07/03/2025,Export,16320,4305,0,2252.5,380,United Kingdom,,Hotel
Heritage Resorts and Spas,Buahan a Banyan Tree Escape,,05/08/2024,,,,1,60359580,0,30177290,0,,,Hotel
Heritage Resorts and Spas,Buahan a Banyan Tree Escape,BTE2501006,05/02/2025,30/04/2025,21/04/2025,Local,1,13852800,0,6923900,120,Bali,,Hotel
Heritage Resorts and Spas,Buahan a Banyan Tree Escape,-,28/02/2025,30/04/2025,30/04/2025,Local,1,10866900,0,5430950,51,,,Hotel
Heritage Hospitality Pte Ltd,Kee's 21 Carpenter,,11/01/2024,,,,,5940,,,0,,,Hotel
Harmoni Cakrawala Bali,Mandarin Oriental Bali,SAMPLE,20/02/2025,17/03/2025,17/03/2025,Local,1,3441000,1720500,0,22,,,Hotel
Harmoni Cakrawala Bali,Mandarin Oriental Bali,-,07/02/2025,10/02/2025,10/02/2025,Local,1,1098900,0,0,6,Bali,Done,Hotel
Harmoni Cakrawala Bali,Mandarin Oriental Bali,095/HCB/I/2025,21/01/2025,10/02/2025,10/02/2025,Local,1,26356950,0,0,159,Bali,Done,Hotel
Harmoni Cakrawala Bali,Mandarin Oriental Bali,,21/01/2025,,,,1,1154400,0,0,0,,,Hotel
Handara Golf & Resort Bali,Sarana Buana Handara,-,10/12/2024,28/02/2025,28/02/2025,Local,1,248684400,0,124342200,888,Bali,,Hotel
Hamish & Raisa,Hamish & Raisa,,27/03/2024,,,,1,11194350,0,11194350,0,,,Personal
"Hai Ha Handicraft Co., Ltd",Hai Ha,,22/01/2024,,,,15480,1050,0,0,0,,,Hotel
"Hai Ha Handicraft Co., Ltd",Hai Ha,,19/09/2024,,,,16320,6684,0,6684,0,,,Hotel
"Hai Ha Handicraft Co., Ltd",Hai Ha,,01/10/2024,,,,16320,6700,0,6700,0,,,Hotel
"Hai Ha Handicraft Co., Ltd",Hai Ha,2410-658/HH-KEV,31/10/2024,01/02/2025,,Export,16320,8584,0,4292,461,Vietnam,Done,Hotel
Guum Pte. Ltd.,Guum,,19/12/2023,,,,15500,6650,0,0,0,,,Restaurant
Groupx Kolektif Indonesia,Marea,,10/09/2024,,,,1,10789200,0,5394600,0,,,Restaurant
Griya Pancaloka,Sofitel Bali Nusa Dua Beach Resort,,26/01/2024,,,,,8680000,,,0,,,Hotel
Griya Pancaloka,Sofitel Bali Nusa Dua Beach Resort,,21/12/2023,,,,1,42912600,0,0,0,,,Hotel
Griya Pancaloka,Sofitel Bali Nusa Dua Beach Resort,,21/12/2023,,,,1,5427900,0,0,0,,,Hotel
Griya Pancaloka,Sofitel Bali Nusa Dua Beach Resort,,28/06/2024,,,,1,11072250,0,5536125,0,,,Hotel
Griya Pancaloka,Sofitel Bali Nusa Dua Beach Resort,,02/07/2024,,,,1,4745250,0,0,0,,,Hotel
Griya Bali Dwipa,The Legian,,12/12/2023,,,,1,49922250,0,24961125,0,,,Hotel
Greenland Rajawali Utama,Four Seasons Hotel Jakarta,,21/03/2024,,,,1,1531800,0,0,0,,,Hotel
Greenland Rajawali Utama,Four Seasons Hotel Jakarta,,17/02/2024,,,,1,91668500,0,47347050,0,,,Hotel
Greenland Rajawali Utama,Four Seasons Hotel Jakarta,JKR0192923,21/03/2025,30/05/2025,15/05/2025,Local,1,17127300,0,8563650,61,,,Hotel
Greek Restaurant in Uluwatu,Greek Restaurant,-,21/01/2025,21/04/2025,30/04/2025,Local,1,362210205,0,181674532,1755,Bali,,Restaurant
Grand Hyatt Jakarta,Plaza Indonesia Realty,,10/01/2024,,,,1,44955000,0,0,0,,,Hotel
Grand Hyatt Jakarta,Plaza Indonesia Realty,,16/07/2024,,,,1,932400,932400,0,0,,,Hotel
Grand Hyatt Jakarta,Plaza Indonesia Realty,,10/01/2024,,,,1,26640000,0,0,0,,,Hotel
Graha Alam Lestari,The Apurva Kempinski Bali,,25/04/2024,,,,1,28729852,0,14364926,0,,,Hotel
Graha Alam Lestari,The Apurva Kempinski Bali,,07/09/2023,,,,1,173283626,0,0,0,,,Hotel
Graha Alam Lestari,The Apurva Kempinski Bali,,25/04/2024,,,,1,76704330,0,38352165,0,,,Hotel
Graha Alam Lestari,The Apurva Kempinski Bali,,25/04/2024,,,,1,51311970,0,25655985,0,,,Hotel
Graha Alam Lestari,The Apurva Kempinski Bali,,25/04/2024,,,,1,73159101,0,36579550,0,,,Hotel
Graha Alam Lestari,The Apurva Kempinski Bali,,08/05/2024,,,,1,50277505,0,25138752,0,,,Hotel
Graha Alam Lestari,The Apurva Kempinski Bali,,16/09/2024,,,,1,3879450,0,0,0,,,Hotel
Graha Alam Lestari,The Apurva Kempinski Bali,HW-180126,22/11/2024,10/01/2025,09/01/2025,Local,1,12843810,0,0,95,Bali,,Hotel
Graha Agung Indah Sentosa,Indigo Bintan,PO 074/GAI/III/2025,18/03/2025,31/05/2025,30/05/2025,Local,1,193825000,0,193825000,1305,,,Hotel
Graha Agung Indah Sentosa,Indigo Bintan,,05/06/2024,,,,1,105030000,0,105030000,0,,,Hotel
Graha Agung Indah Sentosa,Indigo Bintan,,09/02/2024,,,,1,753777000,0,753777000,0,,,Hotel
Good Food People,Milk & Madu Ubud,,17/04/2024,,,,1,7459200,0,3729600,0,,,Restaurant
Good Food Guys,Milk & Madu Berawa,,05/04/2024,,,,1,27500250,0,13750125,0,,,Restaurant
Good Food Cafe,Milk & Madu Beach Road,,05/04/2024,,,,1,42485250,0,21242625,0,,,Restaurant
Good Food Cafe,Milk & Madu Uluwatu,,19/04/2024,,,,1,75147000,0,37573000,0,,,Restaurant
Good Food Cafe,Milk & Madu Uluwatu,,09/07/2024,,,,1,13431000,0,3357750,0,,,Restaurant
Gio's Private Villa Canggu,Gio's Private Villa Canggu,-,20/12/2024,28/02/2025,28/02/2025,Local,1,55144800,0,27572400,264,Bali,,Hotel
Ginger Moon,Ginger Moon,,18/07/2024,,,,1,37462500,0,18731250,0,,,Restaurant
Ginger Moon,Ginger Moon,-,27/01/2025,14/03/2025,03/03/2025,Local,1,4928400,0,2464200,24,,,Restaurant
GFH Ventures Company WLL,Raffles Bahrain/Al Areen Palace & Spa by Accor,21886899202488SJANDK,03/10/2024,14/03/2025,20/02/2025,Export,16320,97589.8,0,48794,8345,Bahrain,,Hotel
GAB's Gastro Bar,GAB's Gastro Bar,,06/03/2024,,,,1,223805970,0,111902985,0,,,Restaurant
French Kiss,French Kiss,,13/08/2024,,,,1,34032600,0,17016300,0,,,Restaurant
French Kiss,French Kiss,,18/07/2024,,,,1,865800,865800,0,0,,,Restaurant
Four Seasons Resort Seychelles Petit Anse Development LTD,Four Seasons Resort Seychelles,,15/04/2024,,,,,1091.5,,,0,,,Hotel
Four Season Resort Maldives,Four Season Maldives,MLG0095763,07/02/2025,25/03/2025,30/05/2025,Export,16162,1860,0,1860,161,Maldives,,Hotel
Four Season Resort Maldives,Four Season Maldives,MLG0090874,26/11/2024,01/02/2025,24/01/2025,Export,15805,1290,0,1290,100,Maldives,Done,Hotel
Fortuna Paradiso Optima,The Luxury Collection,,08/12/2023,,,,1,192214260,0,0,0,,,Hotel
Fortuna Paradiso Optima,The Luxury Collection,,08/12/2023,,,,1,29040930,0,0,0,,,Hotel
Fortuna Paradiso Optima,The Luxury Collection,,08/12/2023,,,,1,16028400,0,0,0,,,Hotel
Fortuna Paradiso Optima,The Luxury Collection,,08/12/2023,,,,1,27285187,0,0,0,,,Hotel
Fieldcrest Enterprise,Raffless Singapore (USD),,29/04/2024,,,,15480,11832,0,5916,0,,,Agent
Fieldcrest Enterprise,Raffless Singapore (USD),,17/04/2024,,,,15476.8,7819.5,0,3909.75,0,,,Agent
Fieldcrest Enterprise,Raffless Singapore (USD),,28/05/2024,,,,15476.8,3855,0,1927.5,0,,,Agent
Fieldcrest Enterprise,Raffless Singapore (USD),,28/03/2024,,,,,1830,,,0,,,Agent
Fairmont Jakarta - PT Senayan Trikarya Sempana,Fairmont Jakarta,,20/05/2024,,,,1,324258750,0,162129375,0,,,Hotel
Fairmont Jakarta - PT Senayan Trikarya Sempana,Fairmont Jakarta,PO2501-00788,09/01/2025,15/03/2025,07/04/2025,Local,1,185703000,0,92851500,820,Jakarta,,Hotel
Expat Roasters Indonesia,Expat Roasters,,16/05/2024,,,,1,65066868,0,34245720,0,,,Restaurant
Expat Roasters Indonesia,Expat Roasters,,19/08/2024,,,,1,286990500,0,143495250,0,,,Restaurant
"Eden Restaurant Events, PT",Luna Beach Club,,16/09/2024,,,,1,17482500,0,8741250,0,,,Restaurant
Dwimukti Graha Kencana,Kitsune,-,27/01/2025,15/05/2025,30/04/2025,Local,1,77200500,0,38600250,300,,,Restaurant
Duta Jaya Perkasa,Jumeirah Bali,,03/05/2024,,,,1,16816500,0,0,0,,,Hotel
Duta Jaya Perkasa,Jumeirah Bali,,21/05/2024,,,,1,1615050,0,0,0,,,Hotel
Duta Jaya Perkasa,Jumeirah Bali,,31/05/2024,,,,1,64269000,0,32134500,0,,,Hotel
Duta Jaya Perkasa,Jumeirah Bali,,19/08/2024,,,,1,7659000,3829500,0,0,,,Hotel
Duta Jaya Perkasa,Jumeirah Bali,69300,18/03/2025,30/04/2025,10/04/2025,Local,1,466200,0,466200,2,,,Hotel
Duta Jaya Perkasa,Jumeirah Bali,69386,19/03/2025,30/05/2025,28/05/2025,Local,1,16650000,0,8325000,50,,,Hotel
Duta Jaya Perkasa,Jumeirah Bali,,30/12/2024,,,,1,610500,0,610500,0,,,Hotel
Duta Jaya Perkasa,Jumeirah Bali,69297,18/03/2025,15/05/2025,28/05/2025,Local,1,17343750,0,8671875,125,,,Hotel
Duta Jaya Perkasa,Jumeirah Bali,53265,18/09/2024,30/04/2025,12/05/2025,Local,1,22644000,0,11322000,60,,,Hotel
"Dua Cahaya Anugrah, PT",W Hotel Bali Seminyak,,12/11/2024,,,,1,932400,0,932400,0,,,Hotel
Driss Tabbakalt,Driss Tabbakalt,,03/06/2024,,,,1,48618000,0,25335300,0,,,Personal
Drifter,Drifter,,05/03/2024,,,,1,124808400,0,62404200,0,,,Restaurant
Drifter,Drifter,,10/09/2024,,,,1,30192000,0,15096000,0,,,Restaurant
Drifter,Drifter,-,27/01/2025,01/02/2025,28/02/2025,Local,1,8325000,2486844,0,100,Bali,,Restaurant
Dragonfly Villa,Dragonfly Villa,-,16/01/2025,31/03/2025,27/03/2025,Local,1,44661960,22330980,0,240,Bali,,Hotel
Dragon Tea Temple,Zest Ubud,-,17/03/2025,30/04/2025,09/05/2025,Local,1,2497500,0,1248750,25,,,Restaurant
Dragon Tea Temple,Zest Ubud,-,28/02/2025,30/04/2025,30/04/2025,Local,1,9157500,0,4578750,100,,,Restaurant
DOPA,DOPA,,26/12/2024,,,,16249,26.5,26.5,0,0,,,Restaurant
Dharma Canella,Cuca Restaurant,,28/12/2023,,,,,6660000,,,0,,,Restaurant
Dharma Canella,Cuca Restaurant,,29/11/2023,,,,,25696500,,,0,,,Restaurant
Dewata Jaya Land,Amnaya Resort,,31/01/2024,,,,,11222100,,,0,,,Hotel
Dapur Karya Enak,Woo Bo Restaurant,,05/02/2024,,,,1,12987000,0,6493500,0,,,Restaurant
Dapur Karya Enak,Woo Bo Restaurant,,04/12/2023,,,,1,94405500,0,0,0,,,Restaurant
Dapur Asian Lokal,Hujan Lokal,,25/03/2024,,,,1,5860800,0,2930400,0,,,Restaurant
Dapur Asian Lokal,Hujan Lokal,,08/08/2024,,,,1,12554100,0,6277050,0,,,Restaurant
Dapur Asian Lokal,Hujan Lokal,,13/09/2024,,,,1,2863800,0,0,0,,,Restaurant
Dapur Asian Lokal,Honey and Smoke Restaurant,,03/12/2024,,,,1,11821500,0,0,0,,,Restaurant
Da Maria,Da Maria,,19/06/2024,,,,1,2097900,0,0,0,,,Restaurant
Da Maria,Da Maria,,02/09/2024,,,,1,271894500,0,135947250,0,,,Restaurant
"CPRC (Maldives) Pvt, Ltd (Ritz Carlton Maldives)",Ritz Carlton Maldives,,07/08/2024,,,,16421,940.5,0,2579.25,0,,,Hotel
"CPRC (Maldives) Pvt, Ltd (Ritz Carlton Maldives)",Ritz Carlton Maldives,,07/08/2024,,,,16421,4218,0,2579.25,0,,,Hotel
"CPRC (Maldives) Pvt, Ltd (Ritz Carlton Maldives)",Ritz Carlton Maldives,,22/05/2024,,,,15853,5075,0,2537.5,0,,,Hotel
"CPRC (Maldives) Pvt, Ltd (Ritz Carlton Maldives)",Ritz Carlton Maldives,,05/08/2024,,,,16421,1637.5,0,818.75,0,,,Hotel
"CPRC (Maldives) Pvt, Ltd (Ritz Carlton Maldives)",Ritz Carlton Maldives,RCPO24007877,18/11/2024,14/03/2025,,Export,15840,825,0,412.5,110,,,Hotel
"CPRC (Maldives) Pvt, Ltd (Ritz Carlton Maldives)",Ritz Carlton Maldives,RCPO24007622,18/11/2024,14/03/2025,14/03/2025,Export,15840,950,0,475,100,Maldives,,Hotel
"CPRC (Maldives) Pvt, Ltd (Ritz Carlton Maldives)",Ritz Carlton Maldives,RCPO2400769,15/11/2024,14/03/2025,14/03/2025,Export,15840,375,0,187.5,15,Maldives,Done,Hotel
Colamoed Properties Management,Le Reserve,,29/11/2023,,,,,17760000,,,0,,,Restaurant
Colamoed Properties Management,Le Reserve,14112024,14/10/2024,15/01/2025,14/01/2025,Local,1,18481500,0,9240750,168,Bali,,Restaurant
Clandestino Food Group,Riviera,,20/12/2023,,,,1,10256400,0,0,0,,,Restaurant
"Citra Kirana Pantai, PT",Swissotel Jakarta PIK Avenue,PO202412-26550,26/12/2024,15/03/2025,14/03/2025,Local,1,28083000,3085800,10955700,200,Jakarta,,Hotel
"Citra Kirana Pantai, PT",Swissotel Jakarta PIK Avenue,PO202412-26551,26/12/2024,15/03/2025,14/02/2025,Local,1,17094000,1986900,6560100,40,Jakarta,,Hotel
Citra Jimbaran Indah Hotel,Intercontinental Bali Resort,,04/12/2023,,,,1,21317550,0,0,0,,,Hotel
Citra Jimbaran Indah Hotel,Intercontinental Bali Resort,,04/12/2023,,,,1,27861000,0,0,0,,,Hotel
Citra Jimbaran Indah Hotel,Intercontinental Bali Resort,,29/11/2024,,,,1,8658000,0,4329000,0,,,Hotel
Citra Jimbaran Indah Hotel,Intercontinental Bali Resort,58066,03/01/2025,31/03/2025,06/03/2025,Local,1,26640000,0,13320000,100,Bali,,Hotel
"Cipaku Boga Utama, CV",Cipaku Boga Utama,PO21496,10/01/2025,31/03/2025,18/03/2025,Local,1,22355400,0,11177700,40,Jakarta,,Restaurant
"Cipaku Boga Utama, CV",Cipaku Boga Utama,PO21727,30/01/2025,30/04/2025,16/05/2025,Local,1,135464400,0,67732200,516,,,Restaurant
Cempaka Interior,Cempaka Interior,SAMPLE,18/02/2025,21/03/2025,,Local,1,9057600,0,4528800,15,,,Agent
"Cayo Rosario Partners, LLC c/o The Parker Company, LLC",The Parker Company,,10/09/2024,,,,16421,0,0,0,0,,,Hotel
"Cayo Rosario Partners, LLC c/o The Parker Company, LLC",The Parker Company,,16/09/2024,,,,,0,,,0,,,Hotel
Casa Neos Miami,Casa Neos,,17/11/2023,,,,,2762.5,,,0,,,Restaurant
Capella Sydney,Brasserie 1938 Capella Sydney (HPG International H,,09/04/2024,,,,15476.8,10065,0,5032.5,0,,,Hotel
Capella Singapore,Capella,,28/03/2024,,,,15655,1830,915,0,0,,,Hotel
Cap Karoso Development,Cap Karoso,1130,13/03/2025,30/04/2025,21/05/2025,Local,1,31872263,0,15936132,155,,,Hotel
Cap Karoso Development,Cap Karoso,10674,13/02/2025,16/05/2025,30/05/2025,Local,1,272172000,0,136086000,1815,,,Hotel
Cakrawala Bima Pratiwi,Abisena,,08/02/2024,,,,1,165889500,0,84017288,0,,,Hotel
Cahaya Warna Prima,Six Sense Uluwatu,,24/01/2024,,,,1,22200000,0,11100000,0,,,Hotel
Cahaya Warna Prima,Six Sense Uluwatu,,13/08/2024,,,,1,8880000,0,0,0,,,Hotel
Cahaya Warna Prima,Six Sense Uluwatu,202412-26193,09/12/2024,04/03/2025,21/04/2025,Local,1,177156000,0,88578000,800,Bali,,Hotel
Byus Management Group,Miss Fish Canggu,-,20/02/2025,30/04/2025,18/04/2025,Local,1,2997000,0,1498500,30,,,Restaurant
Bumi Canggu Nusantara,Motel Mexicola Canggu,,17/11/2023,,,,1,3219000,0,0,0,,,Restaurant
Bumi Canggu Nusantara,Motel Mexicola Canggu,,24/05/2024,,,,1,30136500,0,30136500,0,,,Restaurant
Bumi Canggu Nusantara,Motel Mexicola Canggu,,30/09/2024,,,,1,15123750,0,7561875,0,,,Restaurant
Bumi Canggu Nusantara,Motel Mexicola Canggu,31224,29/11/2024,27/01/2025,24/01/2025,Local,1,15195900,0,15195900,80,Bali,,Restaurant
Bukit Uluwatu Villa,Alila Uluwatu,,26/02/2024,,,,1,4262400,0,2131200,0,,,Hotel
Bukit Uluwatu Villa,Alila Uluwatu,,06/02/2024,,,,1,25694280,0,12847140,0,,,Hotel
Bukit Uluwatu Villa,Alila Uluwatu,,09/04/2024,,,,1,18037500,0,9018750,0,,,Hotel
Bukit Uluwatu Villa,Alila Uluwatu,,12/01/2024,,,,1,36630000,0,18315000,0,,,Hotel
Bukit Uluwatu Villa,Alila Uluwatu,,12/04/2024,,,,1,19314000,0,9657000,0,,,Hotel
Bukit Uluwatu Villa,Alila Uluwatu,24086178,18/07/2024,17/02/2025,10/02/2025,Local,1,284514645,0,142257322,1534,Bali,Done,Hotel
Budi Susanti,Budi Susanti,,15/05/2024,,,,1,11655000,0,3857250,0,,,Personal
Buana Giri Fortuna,Bali Good Food Catering,,13/02/2024,,,,1,56743200,0,28371600,0,,,Restaurant
Brett Hospitality Group,Mason Pererenan Barvera,,06/03/2024,,,,1,21489600,0,10744800,0,,,Restaurant
Brett Hospitality Group,Mason Uluwatu,,06/05/2024,,,,1,22244400,0,0,0,,,Restaurant
Brett Hospitality Group,Mason Uluwatu,,31/10/2024,,,,1,8880000,0,4440000,0,,,Restaurant
Brett Hospitality Group,Mason Uluwatu,,26/11/2024,,,,,2497500,,,0,,,Restaurant
Brett Hospitality Group,Mason Uluwatu,,23/10/2024,,,,1,2497500,0,0,0,,,Restaurant
Brett Hospitality Group,Mason Uluwatu,PO-40911,26/12/2024,31/01/2025,31/01/2025,Local,1,34410000,0,17205000,200,Bali,,Restaurant
Bottega,Bottega,,31/01/2024,,,,,15262500,,,0,,,Restaurant
Boma Beach Club,Boma Beach Club,-,28/01/2025,10/02/2025,13/02/2025,Export,16220,670,0,0,50,Vietnam,Done,Restaurant
Boma Beach Club,Boma Beach Club,-,29/10/2024,05/02/2025,05/02/2025,Export,15600,26432.325,0,13216.16,1898,Vietnam,,Restaurant
Bokashi Berawa,Bokashi Berawa,,17/04/2024,,,,1,31135500,0,15567750,0,,,Restaurant
Bokashi Berawa,Bokashi Berawa,,29/11/2023,,,,,23154600,,,0,,,Restaurant
Bokashi Berawa,Bokashi Berawa,,10/01/2024,,,,1,3996000,0,0,0,,,Restaurant
Bokashi Berawa,Bokashi Berawa,,22/05/2024,,,,1,17049600,0,8524800,0,,,Restaurant
Bokashi Berawa,Bokashi Berawa,,23/05/2024,,,,1,5827500,0,0,0,,,Restaurant
Bokashi Berawa,Bokashi Berawa,,23/07/2024,,,,1,3163500,0,3163500,0,,,Restaurant
Bokashi Berawa,Bokashi Berawa,-,29/11/2024,29/01/2025,,Local,1,9490500,0,4745250,90,Bali,,Restaurant
Bokashi Berawa,Bokashi Berawa,-,07/03/2025,18/04/2025,30/04/2025,Local,1,9490500,0,4745250,90,,,Restaurant
Boa Development,Nihi Rote,,21/02/2024,,,,1,39904500,0,19952250,0,,,Hotel
Boa Development,Nihi Rote,,30/07/2024,,,,1,150249600,0,75124800,0,,,Hotel
Boa Development,Nihi Rote,122414-1,12/12/2024,20/02/2025,20/02/2025,Local,1,50443950,0,25221975,186,Rote,,Hotel
Boa Development,Nihi Rote,PO122414-2,12/12/2024,26/02/2025,14/02/2025,Local,1,10656000,0,5328000,70,Rote,,Hotel
Boa Development,Nihi Rote,RAG-042,25/10/2024,07/02/2025,11/02/2025,Local,1,43345500,0,21672750,200,Rote,,Hotel
Boa Development,Nihi Rote,112440-2,19/12/2024,28/02/2025,20/02/2025,Local,1,5328000,0,2664000,35,Bali,,Hotel
Boa Development,Nihi Rote,122440-1,19/12/2024,28/02/2025,28/02/2025,Local,1,42107850,0,21053925,176,Bali,,Hotel
Bidadari Dunia - La Plancha,La Plancha Bali Sejahtera,,12/02/2024,,,,1,24975000,0,24975000,0,,,Restaurant
Bidadari Dunia - La Plancha,La Plancha Bali Sejahtera,,16/07/2024,,,,1,38295000,0,19147500,0,,,Restaurant
Beyond Bamboo (Six Senses London),Six Senses London,,18/07/2024,,,,16180,1651,0,1651,0,,,Hotel
Beyond Bamboo (Six Senses London),Six Senses London,56,02/04/2024,01/03/2025,01/02/2025,Export,15707,21791,0,11458,1628,United Kingdom,Done,Hotel
Beyond Bamboo (Six Senses London),Six Senses London,133,11/10/2024,01/03/2025,20/02/2025,Export,16249,3105,0,3105,331,United Kingdom,Done,Hotel
Beyond Bamboo (Six Senses London),Six Senses London,196,28/11/2024,01/03/2025,20/02/2025,Export,15800,936,0,0,68,United Kingdom,Done,Hotel
Beyond Bamboo (Six Senses London),Six Senses London,105,27/08/2024,01/03/2025,17/04/2025,Export,16249,7597,7597,0,1101,United Kingdom,,Hotel
Beyond Bamboo (Six Senses London),Six Senses London,-,13/02/2025,30/04/2025,14/04/2025,Export,16220,363,0,363,28,,,Hotel
Bengawan Villa,Bengawan Villa,,20/11/2023,,,,1,60517200,0,0,0,,,Hotel
Belmond Jimbaran Puri Bali,Bali Resort & Leisure,PTBA-PO-064715,16/12/2024,25/02/2025,25/02/2025,Local,1,53124600,0,53124600,265,Bali,,Hotel
Batu Mejan Sukses Bersama Bali,La Brisa,,13/02/2024,,,,1,5061600,0,2530800,0,,,Restaurant
Batu Mejan Sukses Bersama Bali,La Brisa,,04/01/2024,,,,1,6393600,0,0,0,,,Restaurant
Batu Mejan Sukses Bersama Bali,La Brisa,,04/06/2024,,,,1,45732000,0,22866000,0,,,Restaurant
Batu Mejan Sukses Bersama Bali,La Brisa,,09/09/2024,,,,1,16650000,0,8325000,0,,,Restaurant
Barba Rossa Fraters,Rento - Babarossa,,03/07/2024,,,,1,22727250,0,11446875,0,,,Restaurant
"Bandung Pakar, PT",Indigo Bandung,,04/06/2024,,,,1,413735850,0,206867925,0,,,Hotel
"Bandung Boga Utama, CV",Bandung Boga Utama,PO21495,10/01/2025,31/03/2025,18/03/2025,Local,1,11177700,0,5588850,20,Kalimantan Timur,,Restaurant
Bambootel Resort,Bambootel,583,19/02/2025,30/05/2025,05/06/2025,Local,1,205290060,0,102645030,1173,,,Hotel
Bambootel Resort,Bambootel,PO-0631,26/03/2025,30/05/2025,30/05/2025,Local,1,15052988,0,7526494,115,,,Hotel
"Balikpapan Boga Utama, CV",Balikpapan Boga Utama,PO21721,30/01/2025,30/04/2025,28/04/2025,Local,1,29550420,0,14775210,108,,,Umum
"Balikpapan Boga Utama, CV",Balikpapan Boga Utama,PO21500,10/01/2025,31/03/2025,26/02/2025,Local,1,11177700,0,5588850,20,Kalimantan Timur,,Umum
Bali Selaras Indah Sejati,The Cave,,16/08/2024,,,,1,3718500,0,3718500,0,,,Restaurant
Bali Selaras Indah Sejati,The Edge,,16/09/2024,,,,1,16872000,0,8436000,0,,,Restaurant
Bali Radiance,Bali Radiance,,06/03/2024,,,,1,122100000,0,62000000,0,,,Hotel
Bali Radiance,Bali Radiance,,25/03/2024,,,,1,45732000,0,0,0,,,Hotel
Bali Radiance,Bali Radiance,,10/06/2024,,,,1,6660000,0,3330000,0,,,Hotel
Bali Radiance,Bali Radiance,,23/08/2024,,,,1,22200000,0,11100000,0,,,Hotel
Bali Radiance,Bali Radiance,,24/10/2024,,,,1,27972000,0,13986000,0,,,Hotel
Bali Radiance,Bali Radiance,,23/10/2024,,,,1,3108000,0,0,0,,,Hotel
Bali Radiance,Bali Radiance,13546,27/01/2025,31/03/2025,26/03/2025,Local,1,51948000,0,25974000,260,Bali,,Hotel
Bali Radiance,Bali Radiance,13483,15/01/2025,28/02/2025,28/02/2025,Local,1,43956000,0,21978000,220,Bali,,Hotel
Bali Radiance,Bali Radiance,13614,25/02/2025,14/03/2025,28/02/2025,Local,1,3108000,0,1554000,100,,,Hotel
Bali Perkasa Sukses,Indigo Bali,,17/11/2023,,,,1,85636500,0,0,0,,,Hotel
Bali Perkasa Sukses,Indigo Bali,,23/02/2024,,,,1,9324000,0,0,0,,,Hotel
Bali Perkasa Sukses,Indigo Bali,,22/01/2024,,,,1,70485000,0,0,0,,,Hotel
Bali Perkasa Sukses,Indigo Bali,,20/11/2024,,,,1,11100000,0,5550000,0,,,Hotel
Bali Perkasa Sukses,Indigo Bali,,16/12/2024,,,,1,2575200,0,2575200,0,,,Hotel
Bali Perkasa Sukses,Indigo Bali,,15/08/2024,,,,1,96836400,0,48418200,0,,,Hotel
Bali Perkasa Sukses,Indigo Bali,PO61000,06/02/2025,24/03/2025,24/03/2025,Local,1,8325000,0,4162500,100,Bali,,Hotel
Bali Perkasa Sukses,Indigo Bali,PO65218,26/03/2025,30/05/2025,29/04/2025,Local,1,5328000,0,2664000,30,,,Hotel
Bali Perkasa Sukses,Indigo Bali,PO61480,10/02/2025,30/04/2025,30/04/2025,Local,1,17393700,0,8696850,153,Bali,,Hotel
Bali Nusaintan,The Ritz Carlton Bali,,18/01/2024,,,,,20424000,,,0,,,Hotel
Bali Nusaintan,The Ritz Carlton Bali,,14/01/2025,,,,,1981350,,,0,,,Hotel
Bali Meraki,Trio Rukun Sejahtera,-,02/12/2024,27/01/2025,28/01/2025,Local,1,35070450,0,17535225,132,Bali,,Restaurant
Bali Giri Kencana,Four Season Resort Jimbaran Bay,,17/11/2023,,,,1,7770000,0,0,0,,,Hotel
Bali Giri Kencana,Four Season Resort Jimbaran Bay,,19/12/2023,,,,,26806500,,,0,,,Hotel
Bali Giri Kencana,Four Season Resort Jimbaran Bay,,03/09/2024,,,,1,109934400,0,54967200,0,,,Hotel
Bali Giri Kencana,Four Season Resort Jimbaran Bay,,03/10/2024,,,,1,20257500,0,10128750,0,,,Hotel
Bali Giri Kencana,Four Season Resort Jimbaran Bay,,02/10/2024,,,,1,48285000,0,24142500,0,,,Hotel
Bali General Supply,BGS,,09/07/2024,,,,1,3996000,0,1998000,0,,,Restaurant
Bali General Supply,BGS,,03/04/2024,,,,1,6127200,0,3063600,0,,,Restaurant
Bali General Supply,BGS,-,01/01/2025,30/04/2025,,Local,1,260850,260850,0,2,,,Restaurant
Bali General Supply,BGS,-,13/03/2025,31/05/2025,15/05/2025,Local,1,3912750,0,1956375,30,,,Restaurant
Bali Droom Villas,Joyce and Ralph Van Rooten,,12/06/2024,,,,1,142948020,0,71474010,0,,,Hotel
Bali Bounty,Kudeta,,07/10/2024,,,,1,27417000,0,13708500,0,,,Restaurant
Bali Bounty,Kudeta,,23/07/2024,,,,1,16872000,0,8436000,0,,,Restaurant
Bali Bounty,Kudeta,,15/11/2024,,,,1,2830500,0,1415250,0,,,Restaurant
Bali Bounty,Kudeta,-,09/12/2024,17/02/2025,18/02/2025,Local,1,4329000,0,2164500,30,Bali,,Restaurant
Bali Bounty,Kudeta,-,09/12/2024,04/02/2025,05/02/2025,Local,1,6993000,0,3496500,30,Bali,Done,Restaurant
Bali Bounty,Kudeta,Plate 23Cm,09/05/2024,30/01/2025,30/01/2025,Local,1,33633000,0,16816500,150,Bali,,Restaurant
"Bali Boga Utama, CV",Bali Boga Utama,PO21720,30/01/2025,30/04/2025,16/05/2025,Local,1,43036920,0,21518460,168,,,Restaurant
"Bali Boga Utama, CV",Bali Boga Utama,PO21498,10/01/2025,31/03/2025,18/03/2025,Local,1,11177700,0,5588850,20,Bali,,Restaurant
Bali Boga Anugrah,Peggy Brass,,20/12/2023,,,,,172716000,,,0,,,Restaurant
Bali Bayad Development,Begawan Sweet and Sawah,,22/11/2023,,,,1,118631250,0,0,0,,,Restaurant
Bale Gelumpang Lestari,Bali Asli Restaurant,-,17/03/2025,31/05/2025,25/06/2025,Local,1,17232750,8616375,0,125,Bali,,Restaurant
Balcony,Balcony,,19/02/2024,,,,1,84823980,0,0,0,,,Restaurant
"Baguio Mountainscapes, Inc.",Filinvest 2,,29/05/2024,,,,16060,48,0,0,0,,,Agent
Badan Canggu International,Regent Canggu,,21/12/2023,,,,1,622217160,0,186665148,0,,,Hotel
Badan Canggu International,Regent Canggu,,25/06/2024,,,,1,177197625,0,88598813,0,,,Hotel
Badan Canggu International,Regent Canggu,,25/06/2024,,,,1,210164625,0,105082314,0,,,Hotel
Badan Canggu International,Regent Canggu,19256,15/11/2024,29/01/2025,,Local,1,4212450,0,0,15,Bali,,Hotel
Badan Canggu International,Regent Canggu,22877,30/12/2024,16/05/2025,20/05/2025,Local,1,28871100,0,14435550,144,Baloi,,Hotel
Badan Canggu International,Regent Canggu,,16/07/2024,,,,1,315638490,0,157819245,0,,,Hotel
Badan Canggu International,Regent Canggu,,16/07/2024,,,,1,216542685,0,108271343,0,,,Hotel
Badan Canggu International,Regent Canggu,22193,17/12/2024,31/03/2025,27/03/2025,Local,1,73482000,0,36741000,190,Bali,,Hotel
Badan Canggu International,Regent Canggu,21223,22/11/2024,10/01/2025,07/01/2025,Local,1,5994000,0,2997000,20,Bali,,Hotel
Badan Canggu International,Regent Canggu,,01/03/2024,,,,1,1278705792,0,426235264,0,,,Hotel
Badan Canggu International,Regent Canggu,19256,14/10/2024,28/01/2025,,Local,1,39520440,0,19760220,130,Bali,,Hotel
Badan Canggu International,Regent Canggu,PO16539,21/08/2024,21/01/2025,08/01/2025,Local,1,333266400,0,166633200,1860,Bali,,Hotel
Badan Canggu International,Regent Canggu,Sazon 22869,02/01/2025,31/03/2025,30/04/2025,Local,1,348823050,0,174411525,1463,,,Hotel
Awahita Indonesia Putra,Capella Ubud,,14/06/2024,,,,1,6382500,0,3191250,0,,,Hotel
Awahita Indonesia Putra,Capella Ubud,22146-217/2,31/12/2024,15/03/2025,07/03/2025,Local,1,7592400,0,3796200,24,Bali,,Hotel
Awahita Indonesia Putra,Capella Ubud,P.O No: 22753-217/1,29/10/2024,30/01/2025,30/01/2025,Local,1,11124975,0,5562487,10,Bali,,Hotel
Awahita Indonesia Putra,Capella Ubud,22754-217/1,29/10/2024,17/02/2025,17/02/2025,Local,1,33744000,0,16872000,260,Bali,,Hotel
ASL UK Ltd,Six Senses London - Link,,20/06/2024,,,,15853,15015,0,15015,0,,,Hotel
Ashley Miller,Ashley Miller,,11/01/2024,,,,,2031,,,0,,,Umum
Arya Sumba Resort,Arya Sumba Resort,,26/07/2024,,,,1,42890400,0,21445200,0,,,Hotel
"Artisan Kuliner Indonesia, PT",Bakerman,096/PON/008/50/2025,25/03/2025,30/05/2025,26/05/2025,Local,1,63591900,0,31795950,274,,,Restaurant
Artisan Kuliner Indonesia,Artisan,,08/02/2024,,,,1,53946000,0,0,0,,,Restaurant
Anna Kersova,Anna Kersova,-,10/07/2024,31/01/2025,31/01/2025,Export,16270,15095.4,0,15095.4,764,United Kingdom,,Personal
Anaamaya Resort Seminyak,Alila Seminyak,,13/03/2024,,,,1,40187550,0,20093775,0,,,Hotel
Anaamaya Resort Seminyak,Alila Seminyak,PO00113201,04/12/2024,06/01/2025,06/01/2025,Local,1,2775000,0,1387500,50,Bali,,Hotel
Anaamaya Resort Seminyak,Alila Seminyak,,14/03/2024,,,,,232545000,,,0,,,Hotel
Anaamaya Resort Seminyak,Alila Seminyak,,22/04/2024,,,,1,4773000,0,2386500,0,,,Hotel
Anaamaya Resort Seminyak,Alila Seminyak,,05/09/2024,,,,1,2197800,0,1098900,0,,,Hotel
Anaamaya Resort Seminyak,Alila Seminyak,PO00118150,13/02/2025,31/05/2025,15/05/2025,Local,1,5550000,0,2775000,50,,,Hotel
Anaamaya Resort Seminyak,Alila Seminyak,101113,13/03/2024,30/06/2024,,Local,1,158286000,0,79143000,800,Bali,,Hotel
Anaamaya Resort Seminyak,Alila Seminyak,PO00116619,10/02/2025,30/04/2025,29/04/2025,Local,1,3063600,0,1531800,12,Bali,,Hotel
Anaamaya Resort Seminyak,Alila Seminyak,PO00116753,13/02/2025,30/04/2025,16/05/2025,Local,1,59801250,0,29900625,400,,,Hotel
Anaamaya Resort Seminyak,Alila Seminyak,PO00101112,07/03/2024,24/01/2025,23/01/2025,Local,1,244477500,0,122238750,1250,Bali,,Hotel
Amarterra Villa Nusa Dua,Amarterra Villa,POR-202408664,01/11/2024,30/01/2025,29/01/2025,Local,1,33892740,0,33892740,150,Bali,,Hotel
Amanda Arumdhani,Four Season Sayan,,26/01/2024,,,,1,293345250,0,146672625,0,,,Hotel
Amanda Arumdhani,Four Season Sayan,,26/03/2024,,,,1,27350400,0,13675200,0,,,Hotel
Amanda Arumdhani,Four Season Sayan,,16/05/2024,,,,1,204251100,0,102125550,0,,,Hotel
Amanda Arumdhani,Four Season Sayan,UBU0148191,27/12/2024,15/03/2025,11/04/2025,Local,1,27472500,0,13736250,150,Bali,,Hotel
Amanda Arumdhani,Four Season Sayan,UBU0156278,26/02/2025,30/04/2025,08/05/2025,Local,1,59429400,0,29714700,314,,,Hotel
Amanda Arumdhani,Four Season Sayan,UBU0141115,27/09/2024,23/01/2025,22/01/2025,Local,1,43556400,0,21778200,144,Bali,,Hotel
Amanda Arumdhani,Four Season Sayan,UBU0146630,27/09/2024,13/01/2025,10/01/2025,Local,1,51026700,0,25513350,334,Bali,,Hotel
ALT 74,ALT 74,-,17/02/2025,31/01/2025,14/01/2025,Local,1,24975000,0,0,100,,,Hotel
Ali Bey Malidives Pvt. Ltd. (Joali Muravandhoo),Joali Muravandhoo,,12/06/2024,,,,16115,7686,0,3843,0,,,Hotel
Ali Bey Maldives Private Limited (Joali Being),Joali Being,,17/11/2023,,,,,600,,,0,,,Hotel
AL GHALIA W.L.L,Jihad,-,14/01/2025,15/02/2025,15/02/2025,Export,16220,28044.36,0,14022.21,1761,Bahrain,,Agent
Abirupa Nusa Cipta,Tejaprana Bisma,,18/12/2023,,,,,16927500,,,0,,,Hotel
Abirupa Nusa Cipta,Tejaprana Bisma,,18/01/2024,,,,,6660000,,,0,,,Hotel
Abirupa Nusa Cipta,Tejaprana Bisma,,19/12/2023,,,,1,43401000,0,0,0,,,Hotel
Abirupa Nusa Cipta,Tejaprana Bisma,,19/12/2023,,,,1,16983000,0,0,0,,,Hotel
Abirupa Nusa Cipta,Tejaprana Bisma,,19/12/2023,,,,1,27916500,0,0,0,,,Hotel
Abirupa Nusa Cipta,Tejaprana Bisma,P241226002,03/01/2025,31/03/2025,21/04/2025,Local,1,44666400,0,22333200,356,Bali,,Hotel
32Do Bali Restaurant,32Do Bali Restaurant,,13/01/2025,,,,1,7770000,0,0,0,,,Restaurant
