Company_Name,Brand_Name,PO Number,Date,Complete Date by Sales,Complete Date by Production,Rate Last Sales Order,Total,Available Down Payment Last Sales Order,Down Payment Last Sales Order,Down Payment Used/Returned Last Sales Order,Total Item Based on PO,Total Item Based on Production,Customer_Category,Trade_Type,,
Tigapilar Selaras Utama,Kemilau Umalas,,19 Dec 2023,,,,"10,966,800.",,,,0.,0.,Hotel,,,
Bali Boga Anugrah,Peggy Brass,,20 Dec 2023,,,,"172,716,000.",,,,0.,0.,Restaurant,,,
Tanjung Benoa Indonesia,Holiday in Benoa,-,02 Jan 2024,31 Jan 2024,,,"10,200,900.",,,,108.,0.,Hotel,Local,,
Ali Bey Maldives Private Limited (Joali Being),Joali Being,,17 Nov 2023,,,,600.,,,,0.,0.,Hotel,,,
Bali Giri Kencana,Four Season Resort Jimbaran Bay,,19 Dec 2023,,,,"26,806,500.",,,,0.,0.,Hotel,,,
Bali Giri Kencana,Four Season Resort Jimbaran Bay,,17 Nov 2023,,,1.,"7,770,000.",0.,0.,0.,0.,0.,Hotel,,,
Casa Neos Miami,Casa Neos,,17 Nov 2023,,,,"2,762.5",,,,0.,0.,Restaurant,,,
Abirupa Nusa Cipta,Tejaprana Bisma,,18 Dec 2023,,,,"16,927,500.",,,,0.,0.,Hotel,,,
PMJ Sakti Gamat,Maua Penida,,12 Dec 2023,,,,"9,324,000.",,,,0.,0.,Hotel,,,
Maya Resort,Maya Sanur,,28 Nov 2023,,,,"35,483,925.",,,,0.,0.,Hotel,,,
Maya Resort,Maya Sanur,,18 Dec 2023,,,,"11,683,860.",,,,0.,0.,Hotel,,,
Maya Resort,Maya Sanur,,05 Dec 2023,,,,"6,327,000.",,,,0.,0.,Hotel,,,
Hotel Pandan Arum,Maya Ubud,,08 Dec 2023,,,,"57,575,700.",,,,0.,0.,Hotel,,,
Hotel Pandan Arum,Maya Ubud,,19 Dec 2023,,,,"37,917,600.",,,,0.,0.,Hotel,,,
Hotel Pandan Arum,Maya Ubud,,27 Nov 2023,,,,"50,616,000.",,,,0.,0.,Hotel,,,
Bali Perkasa Sukses,Indigo Bali,,17 Nov 2023,,,1.,"85,636,500.",0.,0.,0.,0.,0.,Hotel,,,
MG Hotel Supplies LLC,MG Hotel,,12 Dec 2023,,,,864.,,,,0.,0.,Agent,,,
Menara Permata Properti,Mamaka/Ovolo,,29 Nov 2023,,,,"9,768,000.",,,,0.,0.,Hotel,,,
Menara Permata Properti,Mamaka/Ovolo,,29 Nov 2023,,,,"6,660,000.",,,,0.,0.,Hotel,,,
Patina Maldives Fari Islands,Patina Maldives,,20 Dec 2023,,,"15,500.","25,176.",0.,0.,0.,0.,0.,Hotel,,,
Indonesia Adventure Sport,Nihi Sumba,PO202501-00873,03 Feb 2025,30 Apr 2025,29 Apr 2025,1.,"160,816,523.",0.,"80,408,261.","80,408,261.",608.,669.,Hotel,Local,,
Rosewood Hotel Doha,Royal Hospitality Co W.L.L,P12000111,05 Mar 2025,30 Apr 2025,08 Apr 2025,"16,365.",187.15,0.,0.,0.,13.,17.,Hotel,Export,,
Vista Padang Asri,Suarga Resort,-,03 Feb 2025,05 Mar 2025,30 Apr 2025,1.,"6,926,400.",0.,"2,264,400.","2,264,400.",29.,32.,Hotel,Local,,
Bokashi Berawa,Bokashi Berawa,-,07 Mar 2025,18 Apr 2025,30 Apr 2025,1.,"9,490,500.",0.,"4,745,250.","4,745,250.",90.,99.,Restaurant,Local,,
Hotel Indonesia Sanur International,Meru,21662,04 Feb 2025,30 Apr 2025,29 Apr 2025,1.,"68,940,000.",0.,"34,470,000.","34,470,000.",662.,728.,Hotel,Local,,
Indonesia Adventure Sport,Nihi Sumba,PO202503-02121,07 Mar 2025,30 May 2025,23 May 2025,1.,"10,256,400.",0.,"5,128,200.","5,128,200.",48.,53.,Hotel,Local,,
Heritage Resorts and Spas,Buahan a Banyan Tree Escape,BTE2501006,05 Feb 2025,30 Apr 2025,21 Apr 2025,1.,"13,852,800.",0.,"6,923,900.","6,923,900.",120.,132.,Hotel,Local,,
PT Vatos Tamora Indonesia,Agave & Azul,-,11 Mar 2025,31 May 2025,23 May 2025,1.,"70,795,800.",0.,"35,397,900.","35,397,900.",336.,370.,Restaurant,Local,,
Hotel Pandan Arum,Maya Ubud,P250130017,05 Feb 2025,24 Mar 2025,17 Mar 2025,1.,"10,489,500.",0.,"5,244,750.","5,244,750.",1.,33.,Hotel,Local,,
Sutera Bali,Mamasan,-,11 Mar 2025,30 Apr 2025,23 May 2025,1.,"3,463,200.",0.,"1,731,600.","1,731,600.",24.,26.,Restaurant,Local,,
Made by Umah,Made by Umah,-,05 Feb 2025,30 Apr 2025,27 Mar 2025,,"33,300,000.",,,,100.,110.,Personal,Local,,
Kebun Bistro Ubud,Kebun Bistro,-,13 Mar 2025,30 Apr 2025,11 Apr 2025,1.,"305,250.",0.,0.,0.,1.,2.,Restaurant,Local,,
Cap Karoso Development,Cap Karoso,1130,13 Mar 2025,30 Apr 2025,21 May 2025,1.,"31,872,263.",0.,"15,936,132.","15,936,132.",155.,171.,Hotel,Local,,
Mandara Spa Indonesia,Mandara Spa,033672,13 Mar 2025,30 Apr 2025,05 May 2025,1.,"4,995,000.",0.,"2,497,500.","2,497,500.",50.,55.,SPA,Local,,
Bali General Supply,BGS,-,13 Mar 2025,31 May 2025,15 May 2025,1.,"3,912,750.",0.,"1,956,375.","1,956,375.",30.,33.,Restaurant,Local,,
Bali Perkasa Sukses,Indigo Bali,PO61000,06 Feb 2025,24 Mar 2025,24 Mar 2025,1.,"8,325,000.",0.,"4,162,500.","4,162,500.",100.,110.,Hotel,Local,,
Bale Gelumpang Lestari,Bali Asli Restaurant,-,17 Mar 2025,31 May 2025,25 Jun 2025,1.,"17,232,750.","8,616,375.","8,616,375.",0.,125.,138.,Restaurant,Local,,
Harmoni Cakrawala Bali,Mandarin Oriental Bali,-,07 Feb 2025,10 Feb 2025,10 Feb 2025,1.,"1,098,900.",0.,0.,0.,6.,8.,Hotel,Local,,
Dragon Tea Temple,Zest Ubud,-,17 Mar 2025,30 Apr 2025,09 May 2025,1.,"2,497,500.",0.,"1,248,750.","1,248,750.",25.,30.,Restaurant,Local,,
Samanvaya,Zen Happy,-,07 Feb 2025,31 Mar 2025,27 Mar 2025,1.,"24,647,550.",0.,"12,323,775.","12,323,775.",178.,196.,Hotel,Local,,
Shelter Indonesia Group,Shelter Pererenan,-,17 Mar 2025,31 May 2025,28 May 2025,1.,"19,758,000.",0.,"9,879,000.","9,879,000.",130.,143.,Restaurant,Local,,
Four Season Resort Maldives,Four Season Maldives,MLG0095763,07 Feb 2025,25 Mar 2025,30 May 2025,"16,162.","1,860.",0.,"1,860.","1,860.",161.,0.,Hotel,Export,,
Leisure Oceans Private Limited (Six Sense Kanuhura),Six Sense Kanuhura,K202503-01190,17 Mar 2025,31 May 2025,30 May 2025,"16,162.",780.,0.,780.,780.,60.,66.,Hotel,Export,,
The Sanubari Hotel,MDA ABS Kuningan,2412025,07 Feb 2025,30 May 2025,13 Jun 2025,1.,"122,585,625.",0.,0.,0.,800.,880.,Hotel,Local,,
Graha Agung Indah Sentosa,Indigo Bintan,PO 074/GAI/III/2025,18 Mar 2025,31 May 2025,30 May 2025,1.,"193,825,000.",0.,"193,825,000.","193,825,000.","1,305.","1,436.",Hotel,Local,,
Made by Umah,Made by Umah,-,06 Feb 2025,30 Apr 2025,27 Mar 2025,"16,129.","2,064.6",0.,0.,0.,100.,110.,Personal,Local,,
PT Caterison Sukses,Hilton Bali,CS/0056/III/25,18 Mar 2025,15 May 2025,30 May 2025,1.,"13,320,000.",0.,"6,660,000.","6,660,000.",72.,79.,Hotel,Local,,
Bali Perkasa Sukses,Indigo Bali,PO61480,10 Feb 2025,30 Apr 2025,30 Apr 2025,1.,"17,393,700.",0.,"8,696,850.","8,696,850.",153.,168.,Hotel,Local,,
Anaamaya Resort Seminyak,Alila Seminyak,PO00116619,10 Feb 2025,30 Apr 2025,29 Apr 2025,1.,"3,063,600.",0.,"1,531,800.","1,531,800.",12.,13.,Hotel,Local,,
Cap Karoso Development,Cap Karoso,10674,13 Feb 2025,16 May 2025,30 May 2025,1.,"272,172,000.",0.,"136,086,000.","136,086,000.","1,815.","1,997.",Hotel,Local,,
Duta Jaya Perkasa,Jumeirah Bali,69297,18 Mar 2025,15 May 2025,28 May 2025,1.,"17,343,750.",0.,"8,671,875.","8,671,875.",125.,138.,Hotel,Local,,
Beyond Bamboo (Six Senses London),Six Senses London,-,13 Feb 2025,30 Apr 2025,14 Apr 2025,"16,220.",363.,0.,363.,363.,28.,31.,Hotel,Export,,
Duta Jaya Perkasa,Jumeirah Bali,69300,18 Mar 2025,30 Apr 2025,10 Apr 2025,1.,"466,200.",0.,"466,200.","466,200.",2.,3.,Hotel,Local,,
Anaamaya Resort Seminyak,Alila Seminyak,PO00118150,13 Feb 2025,31 May 2025,15 May 2025,1.,"5,550,000.",0.,"2,775,000.","2,775,000.",50.,0.,Hotel,Local,,
Ulu Garden,Merta Surya Buana,-,19 Mar 2025,30 May 2025,29 May 2025,1.,"146,311,875.",0.,"73,155,937.","73,155,937.",800.,880.,Restaurant,Local,,
Indonesia Adventure Sport,Nihi Sumba,P202502-01234,13 Feb 2025,26 Mar 2025,26 Mar 2025,1.,"5,061,600.",0.,"2,530,800.","2,530,800.",24.,26.,Hotel,Local,,
Duta Jaya Perkasa,Jumeirah Bali,69386,19 Mar 2025,30 May 2025,28 May 2025,1.,"16,650,000.",0.,"8,325,000.","8,325,000.",50.,55.,Hotel,Local,,
Indonesia Adventure Sport,Nihi Sumba,PO202502-011139,13 Feb 2025,30 Apr 2025,14 Apr 2025,1.,"10,656,000.",0.,"5,328,000.","5,328,000.",48.,52.,Hotel,Local,,
"Kopi Bar Sela, PT",Chella Uluwatu,-,20 Mar 2025,01 Apr 2025,30 Apr 2025,1.,"2,136,750.",0.,0.,0.,35.,39.,Restaurant,Local,,
Anaamaya Resort Seminyak,Alila Seminyak,PO00116753,13 Feb 2025,30 Apr 2025,16 May 2025,1.,"59,801,250.",0.,"29,900,625.","29,900,625.",400.,440.,Hotel,Local,,
Surasang PIK,Surasang,-,20 Mar 2025,30 May 2025,30 May 2025,1.,"46,059,450.",0.,"23,029,725.","23,029,725.",311.,342.,Local,Local,,
MG Hotel Supplies LLC,MG Hotel,-,13 Feb 2025,30 Apr 2025,17 Apr 2025,"16,220.",276.,0.,276.,276.,12.,13.,Agent,Export,,
Greenland Rajawali Utama,Four Seasons Hotel Jakarta,JKR0192923,21 Mar 2025,30 May 2025,15 May 2025,1.,"17,127,300.",0.,"8,563,650.","8,563,650.",61.,67.,Hotel,Local,,
ALT 74,ALT 74,-,17 Feb 2025,31 Jan 2025,14 Jan 2025,1.,"24,975,000.",0.,0.,0.,100.,110.,Hotel,Local,,
Tanjung Benoa Indonesia,Holiday in Benoa,13942,21 Mar 2025,30 Jun 2025,20 Jun 2025,1.,"10,389,600.",0.,"5,194,800.","5,194,800.",36.,40.,Hotel,Local,,
Indonesia Adventure Sport,Nihi Sumba,PO202502-01576,17 Feb 2025,30 Apr 2025,29 Apr 2025,1.,"32,167,800.",0.,"16,134,960.","16,134,960.",92.,101.,Hotel,Local,,
"Artisan Kuliner Indonesia, PT",Bakerman,096/PON/008/50/2025,25 Mar 2025,30 May 2025,26 May 2025,1.,"63,591,900.",0.,"31,795,950.","31,795,950.",274.,301.,Restaurant,Local,,
Kreasi Cipta Karsa,The Langham Jakarta,PO202502-03407,17 Feb 2025,30 Apr 2025,25 Jun 2025,1.,"189,421,500.","94,710,750.","94,710,750.",0.,840.,924.,Hotel,Local,,
"Island Explora, PT",Lago Ledge,-,25 Mar 2025,30 Jun 2025,15 Jul 2025,1.,"390,137,250.","195,068,625.","195,068,625.",0.,"1,815.","1,997.",Hotel,Local,,
Leisure Oceans Private Limited (Six Sense Kanuhura),Six Sense Kanuhura,K202501-00390,18 Feb 2025,20 Mar 2025,02 May 2025,"16,162.",468.,0.,0.,0.,72.,79.,Hotel,Export,,
PT Caterison Sukses,Hilton Bali,CS/0068/III/25,25 Mar 2025,30 May 2025,30 May 2025,1.,"176,417,850.",0.,"88,208,925.","88,208,925.","1,220.","1,342.",Hotel,Local,,
"RPB Investment Co., Ltd.",Six Sense Krabey Island Cambodia,-,18 Feb 2025,30 Apr 2025,08 May 2025,"16,162.","4,417.",0.,"2,280.5","2,280.5",461.,507.,Export,Export,,
"PNB Merdeka Tower Hotel Sdn Bhd d/b/a Park Hyatt, Kuala Lumpur",Park Hyatt Kuala Lumpur,-,26 Mar 2025,30 Jun 2025,30 Jun 2025,"16,162.","29,717.5","14,858.75","14,858.75",0.,950.,"1,045.",Hotel,Export,,
Cempaka Interior,Cempaka Interior,SAMPLE,18 Feb 2025,21 Mar 2025,,1.,"9,057,600.",0.,"4,528,800.","4,528,800.",15.,0.,Agent,Local,,
Bali Perkasa Sukses,Indigo Bali,PO65218,26 Mar 2025,30 May 2025,29 Apr 2025,1.,"5,328,000.",0.,"2,664,000.","2,664,000.",30.,33.,Hotel,Local,,
Wynncor Bali,Andaz Bali,DPSAZ0000053055,19 Feb 2025,30 Apr 2025,29 Apr 2025,1.,"3,663,000.",0.,"1,831,500.","1,831,500.",15.,18.,Hotel,Local,,
Bambootel Resort,Bambootel,PO-0631,26 Mar 2025,30 May 2025,30 May 2025,1.,"15,052,988.",0.,"7,526,494.","7,526,494.",115.,127.,Hotel,Local,,
Bambootel Resort,Bambootel,0583,19 Feb 2025,30 May 2025,05 Jun 2025,1.,"205,290,060.",0.,"102,645,030.","102,645,030.","1,173.","1,290.",Hotel,Local,,
Kevala Keramik Bali,KKB,-,26 Mar 2025,30 May 2025,,,"128,794,632.",,,,802.,0.,Umum,Local,,
Byus Management Group,Miss Fish Canggu,-,20 Feb 2025,30 Apr 2025,18 Apr 2025,1.,"2,997,000.",0.,"1,498,500.","1,498,500.",30.,33.,Restaurant,Local,,
Kevala Keramik Bali,KKB,-,26 Mar 2025,30 May 2025,,,"21,978,000.",,,,120.,0.,Umum,Local,,
Harmoni Cakrawala Bali,Mandarin Oriental Bali,SAMPLE,20 Feb 2025,17 Mar 2025,17 Mar 2025,1.,"3,441,000.","1,720,500.","1,720,500.",0.,22.,24.,Hotel,Local,,
Kevala Keramik Bali,KKB,-,26 Mar 2025,30 May 2025,,,"59,646,960.",,,,420.,0.,Umum,Local,,
Tabula Rasa,Swe Development Lombok,-,21 Feb 2025,30 Apr 2025,22 May 2025,1.,"51,481,800.",0.,"50,482,800.","50,482,800.",246.,270.,Hotel,Local,,
Kevala Keramik Bali,KKB,-,26 Mar 2025,30 May 2025,,,"58,980,960.",,,,468.,0.,Umum,Local,,
Tabula Rasa,Swe Development Lombok,-,21 Feb 2025,30 Apr 2025,22 May 2025,1.,"24,375,600.",0.,"50,482,800.","50,482,800.",144.,158.,Hotel,Local,,
Kevala Keramik Bali,KKB,-,27 Mar 2025,30 May 2025,,,"103,487,520.",,,,572.,0.,Umum,Local,,
Tabula Rasa,Swe Development Lombok,-,21 Feb 2025,30 Apr 2025,22 May 2025,1.,"25,108,200.",0.,"50,482,800.","50,482,800.",96.,106.,Hotel,Local,,
Kevala Keramik Bali,KKB,-,26 Mar 2025,30 Apr 2025,,,"3,356,640.",,,,24.,0.,Umum,Local,,
Wynncor Bali,Andaz Bali,DPSAZ0000053493,21 Feb 2025,30 Apr 2025,29 Apr 2025,1.,"29,082,000.",0.,"14,541,000.","14,541,000.",188.,207.,Hotel,Local,,
Kevala Keramik Bali,KKB,-,26 Mar 2025,30 May 2025,,,"83,969,280.",,,,456.,0.,Umum,Local,,
Keraton At The Plaza,Plaza Indonesia Mandiri,-,24 Feb 2025,30 May 2025,06 Jun 2025,1.,"44,677,500.",0.,"22,338,750.","22,338,750.",100.,110.,Hotel,Local,,
Kevala Keramik Bali,KKB,-,26 Mar 2025,30 May 2025,,,"22,777,200.",,,,54.,0.,Umum,Local,,
Bali Radiance,Bali Radiance,13614,25 Feb 2025,14 Mar 2025,28 Feb 2025,1.,"3,108,000.",0.,"1,554,000.","1,554,000.",100.,110.,Hotel,Local,,
Hotel Pandan Arum,Maya Ubud,P250217052,26 Feb 2025,30 Apr 2025,03 Apr 2025,1.,"488,400.",0.,0.,0.,2.,4.,Hotel,Local,,
Amanda Arumdhani,Four Season Sayan,UBU0156278,26 Feb 2025,30 Apr 2025,08 May 2025,1.,"59,429,400.",0.,"29,714,700.","29,714,700.",314.,345.,Hotel,Local,,
Indonesia Adventure Sport,Nihi Sumba,PO202501-00304,24 Jan 2025,31 Mar 2025,27 Mar 2025,1.,"19,425,000.",0.,"9,712,500.","9,712,500.",5.,7.,Hotel,Local,,
Tanadewa Resort & Spa Ubud,Tanadewa Resort & Spa Ubud,P250224001-REPRINT1,26 Feb 2025,30 Apr 2025,29 Apr 2025,1.,"42,757,200.",0.,"21,378,600.","21,378,600.",168.,185.,Hotel,Local,,
Made by Umah,Made by Umah,,24 Jan 2025,,,1.,"333,000.",0.,0.,0.,0.,0.,Personal,,,
Bali General Supply,BGS,-,01 Jan 2025,30 Apr 2025,,1.,"260,850.","260,850.","260,850.",0.,2.,0.,Restaurant,Local,,
Dwimukti Graha Kencana,Kitsune,-,27 Jan 2025,15 May 2025,30 Apr 2025,1.,"77,200,500.",0.,"38,600,250.","38,600,250.",300.,330.,Restaurant,Local,,
Smeeta - Chef Jolly,Chef Jolly,-,27 Feb 2025,30 May 2025,30 May 2025,"16,320.","3,257.",0.,"1,628.5","1,628.5",184.,202.,Restaurant,Export,,
Kaia Restaurant,Kaia Restaurant,-,27 Jan 2025,30 Apr 2025,31 Jan 2025,1.,"17,982,000.",0.,0.,0.,60.,0.,Restaurant,Local,,
Indonesia Adventure Sport,Nihi Sumba,,27 Jan 2025,,,1.,"5,466,750.",0.,"2,733,375.","2,733,375.",0.,0.,Hotel,,,
Bali Radiance,Bali Radiance,13546,27 Jan 2025,31 Mar 2025,26 Mar 2025,1.,"51,948,000.",0.,"25,974,000.","25,974,000.",260.,286.,Hotel,Local,,
Heritage Resorts and Spas,Buahan a Banyan Tree Escape,-,28 Feb 2025,30 Apr 2025,30 Apr 2025,1.,"10,866,900.",0.,"5,430,950.","5,430,950.",51.,56.,Hotel,Local,,
Drifter,Drifter,-,27 Jan 2025,01 Feb 2025,28 Feb 2025,1.,"8,325,000.","2,486,844.","2,486,844.",0.,100.,110.,Restaurant,Local,,
Paola Buendia,Paola Buendia,-,28 Feb 2025,17 Mar 2025,17 Mar 2025,1.,"4,795,200.",0.,"2,397,600.","2,397,600.",24.,26.,Personal,Local,,
Ginger Moon,Ginger Moon,-,27 Jan 2025,14 Mar 2025,03 Mar 2025,1.,"4,928,400.",0.,"2,464,200.","2,464,200.",24.,26.,Restaurant,Local,,
Dragon Tea Temple,Zest Ubud,-,28 Feb 2025,30 Apr 2025,30 Apr 2025,1.,"9,157,500.",0.,"4,578,750.","4,578,750.",100.,110.,Restaurant,Local,,
Boma Beach Club,Boma Beach Club,-,28 Jan 2025,10 Feb 2025,13 Feb 2025,"16,220.",670.,0.,0.,0.,50.,55.,Restaurant,Export,,
Loloan Bali,Mexicola Seminyak,-,29 Jan 2025,30 Apr 2025,26 May 2025,1.,"232,878,000.",0.,"100,000,000.","100,000,000.",920.,"1,012.",Restaurant,Local,,
Hotel Indonesia Sanur International,Meru,21659,29 Jan 2025,30 Apr 2025,29 Apr 2025,1.,"35,750,000.",0.,"17,875,000.","17,875,000.",450.,495.,Hotel,Local,,
Hotel Indonesia Sanur International,Meru,21660,29 Jan 2025,30 Apr 2025,29 Apr 2025,1.,"48,000,000.",0.,"24,000,000.","24,000,000.",320.,352.,Hotel,Local,,
Hotel Indonesia Sanur International,Meru,21707,29 Jan 2025,30 Apr 2025,29 Apr 2025,1.,"48,050,000.",0.,"24,025,000.","24,025,000.",574.,631.,Hotel,Local,,
Solana Retreat Ubud,Bali Wellness Retreat,-,30 Jan 2025,25 Apr 2025,18 Apr 2025,1.,"30,747,000.",0.,"15,373,500.","15,373,500.",135.,149.,Hotel,Local,,
"Bali Boga Utama, CV",Bali Boga Utama,PO21720,30 Jan 2025,30 Apr 2025,16 May 2025,1.,"43,036,920.",0.,"21,518,460.","21,518,460.",168.,185.,Restaurant,Local,,
"Balikpapan Boga Utama, CV",Balikpapan Boga Utama,PO21721,30 Jan 2025,30 Apr 2025,28 Apr 2025,1.,"29,550,420.",0.,"14,775,210.","14,775,210.",108.,119.,Umum,Local,,
"Palembang Boga Utama, CV",Palembang Boga Utama,PO21722,30 Jan 2025,30 Apr 2025,13 May 2025,1.,"29,550,420.",0.,"14,775,210.","14,775,210.",108.,119.,Restaurant,Local,,
"Makasar Boga Utama, CV",Makasar Boga Utama,PO21725,30 Jan 2025,30 Apr 2025,16 May 2025,1.,"17,082,900.",0.,"8,541,450.","8,541,450.",60.,66.,Restaurant,Local,,
"Surabaya Boga, CV",Surabaya Boga,PO21726,30 Jan 2025,30 Apr 2025,19 May 2025,1.,"13,666,320.",0.,"6,833,160.","6,833,160.",48.,53.,Restaurant,Local,,
"Pasar Tani Indoguna, CV",Pasar Tani Indoguna,21723,30 Jan 2025,30 Apr 2025,16 May 2025,1.,"14,685,300.",0.,"7,342,650.","7,342,650.",60.,66.,Umum,Local,,
"Pasar Tani Indoguna, CV",Pasar Tani Indoguna,21724,30 Jan 2025,30 Apr 2025,16 May 2025,1.,"14,685,300.",0.,"7,342,650.","7,342,650.",60.,66.,Umum,Local,,
"LOMBOK KULINA UTAMA, PT",Lombok Kulina Utama,PO21719,30 Jan 2025,30 Apr 2025,16 May 2025,1.,"131,148,720.",0.,"65,574,360.","65,574,360.",528.,581.,Restaurant,Local,,
"Cipaku Boga Utama, CV",Cipaku Boga Utama,PO21727,30 Jan 2025,30 Apr 2025,16 May 2025,1.,"135,464,400.",0.,"67,732,200.","67,732,200.",516.,568.,Restaurant,Local,,
Pak Dio,Dio,-,31 Jan 2025,30 Apr 2025,16 May 2025,1.,"31,348,620.",0.,"15,674,310.","15,674,310.",120.,132.,Personal,Local,,
Kevala Keramik Bali,KKB,,17 Jan 2025,,,,"56,956,320.",,,,0.,0.,Umum,,,
Bumi Canggu Nusantara,Motel Mexicola Canggu,,17 Nov 2023,,,1.,"3,219,000.",0.,0.,0.,0.,0.,Restaurant,,,
Mitra Mulia Boga Nusantara,Waterbom,,29 Nov 2023,,,,"2,530,800.",,,,0.,0.,Restaurant,,,
Colamoed Properties Management,Le Reserve,,29 Nov 2023,,,,"17,760,000.",,,,0.,0.,Restaurant,,,
Dharma Canella,Cuca Restaurant,,29 Nov 2023,,,,"25,696,500.",,,,0.,0.,Restaurant,,,
Bokashi Berawa,Bokashi Berawa,,29 Nov 2023,,,,"23,154,600.",,,,0.,0.,Restaurant,,,
Mushka Dua Bali,Blanche Bistro,,04 Dec 2023,,,,"79,032,000.",,,,0.,0.,Restaurant,,,
"Loka Neka Jaya, PT",Locavore NXT,,13 Dec 2023,,,,"83,717,050.",,,,0.,0.,Restaurant,,,
Hotel Indonesia Sanur International,Meru,,18 Dec 2023,,,1.,"971,292,000.",0.,0.,0.,0.,0.,Hotel,,,
Hotel Indonesia Sanur International,Meru,,18 Dec 2023,,,1.,"628,401,000.",0.,0.,0.,0.,0.,Hotel,,,
The Sanubari Hotel,MDA ABS Kuningan,,19 Dec 2023,,,,"40,936,800.",,,,0.,0.,Hotel,,,
Dharma Canella,Cuca Restaurant,,28 Dec 2023,,,,"6,660,000.",,,,0.,0.,Restaurant,,,
Usaha Liburan Uluwatu,Mana Uluwatu Restaurant,,03 Jan 2024,,,,"4,162,500.",,,,0.,0.,Restaurant,,,
Kreasi Cipta Karsa,The Langham Jakarta,,03 Jan 2024,,,,"11,544,000.",,,,0.,0.,Hotel,,,
Sejahtera Indoco,Nusa Dua Beach,,03 Jan 2024,,,,"41,494,575.",,,,0.,0.,Hotel,,,
Indonesia Adventure Sport,Nihi Sumba,,16 Oct 2023,,,1.,"17,482,500.",0.,0.,0.,0.,0.,Hotel,,,
Mactan Seascapes Service INC (Crimson),Crimson / Boracay,,03 Jan 2024,,,"15,476.8",780.,0.,390.,390.,0.,0.,Hotel,,,
Shelter Indonesia Group,Shelter Seminyak,,03 Jan 2024,,,1.,"16,650,000.",0.,0.,0.,0.,0.,Restaurant,,,
Indonesia Adventure Sport,Nihi Sumba,,04 Dec 2023,,,1.,"33,699,600.",0.,0.,0.,0.,0.,Hotel,,,
Kala Hospitality Group,Kala Uluwatu,,03 Jan 2024,,,1.,"166,056,000.",0.,0.,0.,0.,0.,Restaurant,,,
Seniman Industries,Seniman Caffe,,03 Jan 2024,,,1.,"3,552,000.",0.,0.,0.,0.,0.,Hotel,,,
Sejahtera Indoco,Nusa Dua Beach,,03 Nov 2023,,,1.,"258,299,775.",0.,0.,0.,0.,0.,Hotel,,,
Heritage Hospitality Pte Ltd,Kee's 21 Carpenter,,11 Jan 2024,,,,"5,940.",,,,0.,0.,Hotel,,,
Maya Resort,Maya Sanur,,11 Jan 2024,,,1.,"76,683,240.",0.,0.,0.,0.,0.,Hotel,,,
Bokashi Berawa,Bokashi Berawa,,10 Jan 2024,,,1.,"3,996,000.",0.,0.,0.,0.,0.,Restaurant,,,
Ashley Miller,Ashley Miller,,11 Jan 2024,,,,"2,031.",,,,0.,0.,Umum,,,
Renarte General Trading LLC,Renarte,,11 Jan 2024,,,"15,480.","1,872.",0.,0.,0.,0.,0.,Agent,,,
Taurus Gemilang,Revolver Taurus,,15 Jan 2024,,,,"12,598,500.",,,,0.,0.,Restaurant,,,
Abirupa Nusa Cipta,Tejaprana Bisma,,18 Jan 2024,,,,"6,660,000.",,,,0.,0.,Hotel,,,
Pahdi Alam Sejahtera,Pahdi,,18 Jan 2024,,,,"27,195,000.",,,,0.,0.,Restaurant,,,
"Loka Neka Jaya, PT",Locavore NXT,,18 Jan 2024,,,,"5,594,400.",,,,0.,0.,Restaurant,,,
"Loka Neka Jaya, PT",Locavore NXT,,18 Jan 2024,,,,"3,413,250.",,,,0.,0.,Restaurant,,,
Bali Nusaintan,The Ritz Carlton Bali,,18 Jan 2024,,,,"20,424,000.",,,,0.,0.,Hotel,,,
Shelter Indonesia Group,Shelter Seminyak,,12 Dec 2023,,,1.,"41,391,900.",0.,0.,0.,0.,0.,Restaurant,,,
"Hai Ha Handicraft Co., Ltd",Hai Ha,,22 Jan 2024,,,"15,480.","1,050.",0.,0.,0.,0.,0.,Hotel,,,
Maya Resort,Maya Sanur,,26 Jan 2024,,,1.,"7,492,500.",0.,0.,0.,0.,0.,Hotel,,,
Samanvaya,Zen Happy,,26 Jan 2024,,,,"11,738,250.",,,,0.,0.,Hotel,,,
Griya Pancaloka,Sofitel Bali Nusa Dua Beach Resort,,26 Jan 2024,,,,"8,680,000.",,,,0.,0.,Hotel,,,
PT Autogrill Services Indonesia,Wolf Gang Puck,,29 Nov 2023,,,1.,"53,621,325.",0.,"26,810,662.","26,810,662.",0.,0.,Restaurant,,,
Griya Pancaloka,Sofitel Bali Nusa Dua Beach Resort,,21 Dec 2023,,,1.,"42,912,600.",0.,0.,0.,0.,0.,Hotel,,,
Badan Canggu International,Regent Canggu,,21 Dec 2023,,,1.,"622,217,160.",0.,"186,665,148.","186,665,148.",0.,0.,Hotel,,,
Japa Putra Wijaka,Japa Ubud,,01 Jan 2024,,,,"22,866,000.",,,,0.,0.,Hotel,,,
Citra Jimbaran Indah Hotel,Intercontinental Bali Resort,,04 Dec 2023,,,1.,"21,317,550.",0.,0.,0.,0.,0.,Hotel,,,
Citra Jimbaran Indah Hotel,Intercontinental Bali Resort,,04 Dec 2023,,,1.,"27,861,000.",0.,0.,0.,0.,0.,Hotel,,,
Range Developments MSD Limited (Six Sense Grenada),Six Sense Grenada,,09 Dec 2023,,,,450.,,,,0.,0.,Hotel,,,
Spirit Real-Estate Development Company,Grand Hyatt Kuwait,,08 Feb 2024,,,,80.,,,,0.,0.,Hotel,,,
Dapur Karya Enak,Woo Bo Restaurant,,05 Feb 2024,,,1.,"12,987,000.",0.,"6,493,500.","6,493,500.",0.,0.,Restaurant,,,
Vista Padang Asri,Suarga Resort,,10 Jan 2024,,,1.,"2,497,500.",0.,0.,0.,0.,0.,Hotel,,,
Batu Mejan Sukses Bersama Bali,La Brisa,,04 Jan 2024,,,1.,"6,393,600.",0.,0.,0.,0.,0.,Restaurant,,,
Grand Hyatt Jakarta,Plaza Indonesia Realty,,10 Jan 2024,,,1.,"44,955,000.",0.,0.,0.,0.,0.,Hotel,,,
Artisan Kuliner Indonesia,Artisan,,08 Feb 2024,,,1.,"53,946,000.",0.,0.,0.,0.,0.,Restaurant,,,
Grand Hyatt Jakarta,Plaza Indonesia Realty,,10 Jan 2024,,,1.,"26,640,000.",0.,0.,0.,0.,0.,Hotel,,,
Dewata Jaya Land,Amnaya Resort,,31 Jan 2024,,,,"11,222,100.",,,,0.,0.,Hotel,,,
Nativa Graha Saji,Billy Ho,,01 Feb 2024,,,,"1,465,200.",,,,0.,0.,Restaurant,,,
Cakrawala Bima Pratiwi,Abisena,,08 Feb 2024,,,1.,"165,889,500.",0.,"84,017,288.","84,017,288.",0.,0.,Hotel,,,
Graha Agung Indah Sentosa,Indigo Bintan,,09 Feb 2024,,,1.,"753,777,000.",0.,"753,777,000.","753,777,000.",0.,0.,Hotel,,,
Sungguh Sangat Nikmat,Bodass Dessert Bar,,11 Feb 2024,,,1.,"44,888,400.",0.,"22,444,200.","22,444,200.",0.,0.,Restaurant,,,
Maya Resort,Maya Sanur,,12 Feb 2024,,,1.,"11,810,400.",0.,0.,0.,0.,0.,Hotel,,,
Indonesia Adventure Sport,Nihi Sumba,,12 Jan 2024,,,1.,"3,729,600.",0.,0.,0.,0.,0.,Hotel,,,
Sharon Frances,Sharon Frances,,16 Jan 2024,,,1.,"17,138,400.",0.,0.,0.,0.,0.,Personal,,,
Bidadari Dunia - La Plancha,La Plancha Bali Sejahtera,,12 Feb 2024,,,1.,"24,975,000.",0.,"24,975,000.","24,975,000.",0.,0.,Restaurant,,,
Buana Giri Fortuna,Bali Good Food Catering,,13 Feb 2024,,,1.,"56,743,200.",0.,"28,371,600.","28,371,600.",0.,0.,Restaurant,,,
Batu Mejan Sukses Bersama Bali,La Brisa,,13 Feb 2024,,,1.,"5,061,600.",0.,"2,530,800.","2,530,800.",0.,0.,Restaurant,,,
The Sanubari Hotel,MDA ABS Kuningan,,13 Feb 2024,,,1.,"7,492,500.",0.,"3,746,250.","3,746,250.",0.,0.,Hotel,,,
The Lombok Lodge,Lombok Lodge,,23 Jan 2024,,,1.,"67,710,000.",0.,0.,0.,0.,0.,Hotel,,,
Optimist Pererenan,Optimist Pererenan,,19 Jan 2024,,,1.,"179,792,250.",0.,0.,0.,0.,0.,Restaurant,,,
Pablo Long Time Asian Restaurant,Pablo Long Time,,22 Jan 2024,,,1.,"149,239,500.",0.,0.,0.,0.,0.,Restaurant,,,
Johan Janssen PTY LTD,Johan Janssen,,27 Sep 2023,,,"15,000.","6,452.",0.,0.,0.,0.,0.,Personal,,,
Johan Janssen PTY LTD,Johan Janssen,,27 Sep 2023,,,"15,000.","6,452.",0.,0.,0.,0.,0.,Personal,,,
Johan Janssen PTY LTD,Johan Janssen,,27 Sep 2023,,,"15,000.","6,452.",0.,0.,0.,0.,0.,Personal,,,
Johan Janssen PTY LTD,Johan Janssen,,27 Sep 2023,,,"15,000.","6,452.",0.,0.,0.,0.,0.,Personal,,,
Kafe Ubud,Hanoman Kafe,,01 Jan 2024,,,1.,"31,080,000.",0.,0.,0.,0.,0.,Restaurant,,,
Patina Maldives Fari Islands,Patina Maldives,,01 Jan 2024,,,,"6,030.",,,,0.,0.,Hotel,,,
Patina Maldives Fari Islands,Patina Maldives,,01 Jan 2024,,,"15,500.","3,672.",0.,0.,0.,0.,0.,Hotel,,,
Kebun Bistro Ubud,Kebun Bistro,,07 Feb 2024,,,1.,"18,559,200.",0.,"9,279,600.","9,279,600.",0.,0.,Restaurant,,,
Sutera Bali,Mamasan Dimsum,,01 Feb 2024,,,,"3,663,000.",,,,0.,0.,Restaurant,,,
Greenland Rajawali Utama,Four Seasons Hotel Jakarta,,17 Feb 2024,,,1.,"91,668,500.",0.,"47,347,050.","47,347,050.",0.,0.,Hotel,,,
Clandestino Food Group,Riviera,,20 Dec 2023,,,1.,"10,256,400.",0.,0.,0.,0.,0.,Restaurant,,,
Balcony,Balcony,,19 Feb 2024,,,1.,"84,823,980.",0.,0.,0.,0.,0.,Restaurant,,,
Success Venture Hotel Investments,Fieldwork/Pan Pacific,,19 Feb 2024,,,1.,"2,959,150.",0.,0.,0.,0.,0.,Hotel,,,
Mushka Dua Bali,Blanche Bistro,,19 Feb 2024,,,1.,"19,980,000.",0.,"10,000,000.","10,000,000.",0.,0.,Restaurant,,,
Cahaya Warna Prima,Six Sense Uluwatu,,24 Jan 2024,,,1.,"22,200,000.",0.,"11,100,000.","11,100,000.",0.,0.,Hotel,,,
Patina Maldives Fari Islands,Patina Maldives,,01 Jan 2024,,,"15,500.","7,686.",0.,0.,0.,0.,0.,Hotel,,,
Patina Maldives Fari Islands,Patina Maldives,,01 Jan 2024,,,"15,500.","5,514.",0.,0.,0.,0.,0.,Hotel,,,
Bali Perkasa Sukses,Indigo Bali,,22 Jan 2024,,,1.,"70,485,000.",0.,0.,0.,0.,0.,Hotel,,,
Griya Bali Dwipa,The Legian,,12 Dec 2023,,,1.,"49,922,250.",0.,"24,961,125.","24,961,125.",0.,0.,Hotel,,,
Karang Mas Sejahtera,Ayana Hospitality,,20 Feb 2024,,,1.,"49,950,000.",0.,"49,950,000.","49,950,000.",0.,0.,Hotel,,,
Bottega,Bottega,,31 Jan 2024,,,,"15,262,500.",,,,0.,0.,Restaurant,,,
Karang Mas Sejahtera,Ayana Hospitality,,05 Feb 2024,,,1.,"16,872,000.",0.,"16,872,000.","16,872,000.",0.,0.,Hotel,,,
Karang Mas Sejahtera,Ayana Hospitality,,05 Feb 2024,,,1.,"226,480,237.",0.,"226,480,237.","226,480,237.",0.,0.,Hotel,,,
Boa Development,Nihi Rote,,21 Feb 2024,,,1.,"39,904,500.",0.,"19,952,250.","19,952,250.",0.,0.,Hotel,,,
"Loka Neka Jaya, PT",Locavore NXT,,21 Feb 2024,,,1.,"73,260,000.",0.,"36,630,000.","36,630,000.",0.,0.,Restaurant,,,
Patina Maldives Fari Islands,Patina Maldives,,01 Jan 2024,,,"15,500.","4,314.",0.,0.,0.,0.,0.,Hotel,,,
Patina Maldives Fari Islands,Patina Maldives,,01 Jan 2024,,,"15,500.","3,792.",0.,0.,0.,0.,0.,Hotel,,,
Johan Janssen PTY LTD,Johan Janssen,,27 Sep 2023,,,"15,000.","1,096.",0.,0.,0.,0.,0.,Personal,,,
Graha Alam Lestari,The Apurva Kempinski Bali,,07 Sep 2023,,,1.,"173,283,626.",0.,0.,0.,0.,0.,Hotel,,,
Bali Bayad Development,Begawan Sweet and Sawah,,22 Nov 2023,,,1.,"118,631,250.",0.,0.,0.,0.,0.,Restaurant,,,
Bali Perkasa Sukses,Indigo Bali,,23 Feb 2024,,,1.,"9,324,000.",0.,0.,0.,0.,0.,Hotel,,,
Abirupa Nusa Cipta,Tejaprana Bisma,,19 Dec 2023,,,1.,"16,983,000.",0.,0.,0.,0.,0.,Hotel,,,
Sheraton Melbourne Hotel,Sheraton,,31 Jan 2024,,,"15,768.",780.,0.,0.,0.,0.,0.,Hotel,,,
Prima Fenomena Jaya,Prima Fenomena Jaya,,12 Dec 2023,,,1.,"72,333,150.",0.,"36,166,575.","36,166,575.",0.,0.,Restaurant,,,
Revolver Cinta kopi,Revolver,,22 Dec 2023,,,1.,"32,495,250.",0.,0.,0.,0.,0.,Restaurant,,,
Jaddi Globalindo,AW Kitchen,,20 Dec 2023,,,1.,"45,421,200.",0.,0.,0.,0.,0.,Restaurant,,,
Bukit Uluwatu Villa,Alila Uluwatu,,26 Feb 2024,,,1.,"4,262,400.",0.,"2,131,200.","2,131,200.",0.,0.,Hotel,,,
Abirupa Nusa Cipta,Tejaprana Bisma,,19 Dec 2023,,,1.,"27,916,500.",0.,0.,0.,0.,0.,Hotel,,,
Wana Kamala Gemilang,Omma Bali,,23 Feb 2024,,,1.,"131,548,875.",0.,"65,774,438.","65,774,438.",0.,0.,Restaurant,,,
Badan Canggu International,Regent Canggu,,01 Mar 2024,,,1.,"1,278,705,792.",0.,"426,235,264.","426,235,264.",0.,0.,Hotel,,,
Waldorf Astoria Maldives Ithaa Fushi,Waldorf Astoria,,01 Mar 2024,,,,"1,410.",,,,0.,0.,Hotel,,,
RADHAT AL JABAL LLC (Hotel Indigo Jabal Akhdar Resort & Spa),Indigo Oman,,01 Mar 2024,,,"15,635.","43,392.5",0.,"21,679.25","21,679.25",0.,0.,Hotel,,,
Jimbaran Villas,Bvlgari,,04 Mar 2024,,,1.,"40,271,355.",0.,"20,135,677.","20,135,677.",0.,0.,Hotel,,,
Griya Pancaloka,Sofitel Bali Nusa Dua Beach Resort,,21 Dec 2023,,,1.,"5,427,900.",0.,0.,0.,0.,0.,Hotel,,,
Wahana Duta Jaya Rucika,Ibu Ming/Elaine,,04 Mar 2024,,,1.,"38,206,200.",0.,"19,103,100.","19,103,100.",0.,0.,Personal,,,
Drifter,Drifter,,05 Mar 2024,,,1.,"124,808,400.",0.,"62,404,200.","62,404,200.",0.,0.,Restaurant,,,
Kreasi Cipta Karsa,The Langham Jakarta,,05 Mar 2024,,,1.,"41,070,000.",0.,"20,535,000.","20,535,000.",0.,0.,Hotel,,,
Renarte General Trading LLC,Renarte,,18 Jan 2024,,,"15,629.3",508.8,0.,0.,0.,0.,0.,Agent,,,
Bali Radiance,Bali Radiance,,06 Mar 2024,,,1.,"122,100,000.",0.,"62,000,000.","62,000,000.",0.,0.,Hotel,,,
Brett Hospitality Group,Mason Pererenan Barvera,,06 Mar 2024,,,1.,"21,489,600.",0.,"10,744,800.","10,744,800.",0.,0.,Restaurant,,,
Abirupa Nusa Cipta,Tejaprana Bisma,,19 Dec 2023,,,1.,"43,401,000.",0.,0.,0.,0.,0.,Hotel,,,
GAB's Gastro Bar,GAB's Gastro Bar,,06 Mar 2024,,,1.,"223,805,970.",0.,"111,902,985.","111,902,985.",0.,0.,Restaurant,,,
Nusantara Island Resort,Amankila Hotel,,08 Feb 2024,,,1.,"15,961,800.",0.,"15,645,450.","15,645,450.",0.,0.,Hotel,,,
Bukit Uluwatu Villa,Alila Uluwatu,,06 Feb 2024,,,1.,"25,694,280.",0.,"12,847,140.","12,847,140.",0.,0.,Hotel,,,
Nusantara Ubud,CIPATI YUDHA PERSADA/JVJ Gastro Warung,,06 Feb 2024,,,1.,"24,697,500.",0.,"12,348,750.","12,348,750.",0.,0.,Restaurant,,,
Amanda Arumdhani,Four Season Sayan,,26 Jan 2024,,,1.,"293,345,250.",0.,"146,672,625.","146,672,625.",0.,0.,Hotel,,,
Yen Group Indonesia,Yen Senopati,,21 Sep 2023,,,1.,"13,908,300.",0.,"6,954,150.","6,954,150.",0.,0.,Restaurant,,,
Anaamaya Resort Seminyak,Alila Seminyak,PO00101112,07 Mar 2024,24 Jan 2025,23 Jan 2025,1.,"244,477,500.",0.,"122,238,750.","122,238,750.","1,250.","1,375.",Hotel,Local,,
Anaamaya Resort Seminyak,Alila Seminyak,,13 Mar 2024,,,1.,"40,187,550.",0.,"20,093,775.","20,093,775.",0.,0.,Hotel,,,
Anaamaya Resort Seminyak,Alila Seminyak,00101113,13 Mar 2024,30 Jun 2024,,1.,"158,286,000.",0.,"79,143,000.","79,143,000.",800.,0.,Hotel,Local,,
Pribadi Boga Utama,Buzo Restaurant/Salazon,,13 Mar 2024,,,1.,"48,551,400.",0.,"24,275,700.","24,275,700.",0.,0.,Restaurant,,,
Anaamaya Resort Seminyak,Alila Seminyak,,14 Mar 2024,,,,"232,545,000.",,,,0.,0.,Hotel,,,
Bengawan Villa,Bengawan Villa,,20 Nov 2023,,,1.,"60,517,200.",0.,0.,0.,0.,0.,Hotel,,,
Simon Burgess,Simon Burgess,,06 Dec 2023,,,"15,603.","1,840.",0.,0.,0.,0.,0.,Personal,,,
Shelter Indonesia Group,Shelter Seminyak,,18 Mar 2024,,,1.,"3,663,000.","3,663,000.","3,663,000.",0.,0.,0.,Restaurant,,,
HUGO BOSS South East Asia Pte.Ltd.,HUGO BOSS,,18 Mar 2024,,,"15,590.","5,954.04",0.,0.,0.,0.,0.,Hotel,,,
Waldorf Astoria Maldives Ithaa Fushi,Waldorf Astoria,,22 Dec 2023,,,"15,439.","1,750.",0.,0.,0.,0.,0.,Hotel,,,
Bukit Uluwatu Villa,Alila Uluwatu,,12 Jan 2024,,,1.,"36,630,000.",0.,"18,315,000.","18,315,000.",0.,0.,Hotel,,,
Guum Pte. Ltd.,Guum,,19 Dec 2023,,,"15,500.","6,650.",0.,0.,0.,0.,0.,Restaurant,,,
Nusadua Graha International,The Westin Resort Nusa Dua,,19 Mar 2024,,,1.,"195,110,250.",0.,"97,555,125.","97,555,125.",0.,0.,Hotel,,,
Pablo Long Time Asian Restaurant,Pablo Long Time,,19 Mar 2024,,,1.,"4,662,000.",0.,"2,331,000.","2,331,000.",0.,0.,Restaurant,,,
Hotel Indonesia Sanur International,Meru,,16 Mar 2024,,,1.,"20,460,000.",0.,0.,0.,0.,0.,Hotel,,,
Fortuna Paradiso Optima,The Luxury Collection,,08 Dec 2023,,,1.,"27,285,187.",0.,0.,0.,0.,0.,Hotel,,,
Fortuna Paradiso Optima,The Luxury Collection,,08 Dec 2023,,,1.,"16,028,400.",0.,0.,0.,0.,0.,Hotel,,,
Fortuna Paradiso Optima,The Luxury Collection,,08 Dec 2023,,,1.,"29,040,930.",0.,0.,0.,0.,0.,Hotel,,,
Dapur Karya Enak,Woo Bo Restaurant,,04 Dec 2023,,,1.,"94,405,500.",0.,0.,0.,0.,0.,Restaurant,,,
Fortuna Paradiso Optima,The Luxury Collection,,08 Dec 2023,,,1.,"192,214,260.",0.,0.,0.,0.,0.,Hotel,,,
Indonesia Adventure Sport,Nihi Sumba,,21 Mar 2024,,,1.,"7,770,000.",0.,"3,885,000.","3,885,000.",0.,0.,Hotel,,,
Greenland Rajawali Utama,Four Seasons Hotel Jakarta,,21 Mar 2024,,,1.,"1,531,800.",0.,0.,0.,0.,0.,Hotel,,,
"JTB Trading, Inc. ( Six Sense Kyoto)",Six Sense Kyoto,,21 Mar 2024,,,"15,476.8",542.5,0.,535.13,535.13,0.,0.,Hotel,,,
Shelter Indonesia Group,Shelter Pererenan,,21 Mar 2024,,,1.,"15,706,500.",0.,"2,781,937.","2,781,937.",0.,0.,Restaurant,,,
Shelter Indonesia Group,Shelter Canggu,,21 Mar 2024,,,1.,"197,644,935.",0.,"48,323,781.","48,323,781.",0.,0.,Restaurant,,,
Sejahtera Indoco,Nusa Dua Beach,,25 Mar 2024,,,1.,"5,594,400.",0.,"2,797,200.","2,797,200.",0.,0.,Hotel,,,
Dapur Asian Lokal,Hujan Lokal,,25 Mar 2024,,,1.,"5,860,800.",0.,"2,930,400.","2,930,400.",0.,0.,Restaurant,,,
Bali Radiance,Bali Radiance,,25 Mar 2024,,,1.,"45,732,000.",0.,0.,0.,0.,0.,Hotel,,,
Success Venture Hotel Investment,Pan Pacific Hotel,,21 Mar 2024,,,1.,"913,336,277.",0.,"456,668,000.","456,668,000.",0.,0.,Hotel,,,
Selera Dapur Sedap,Jin Joo,,11 Dec 2023,,,1.,"78,854,400.",0.,0.,0.,0.,0.,Restaurant,,,
Wynncor Bali,Andaz Bali,,26 Mar 2024,,,1.,"24,142,500.",0.,"12,071,250.","12,071,250.",0.,0.,Hotel,,,
Waldorf Astoria Maldives Ithaa Fushi,Waldorf Astoria,,26 Mar 2024,,,"15,476.8","2,496.",0.,0.,0.,0.,0.,Hotel,,,
Amanda Arumdhani,Four Season Sayan,,26 Mar 2024,,,1.,"27,350,400.",0.,"13,675,200.","13,675,200.",0.,0.,Hotel,,,
Hamish & Raisa,Hamish & Raisa,,27 Mar 2024,,,1.,"11,194,350.",0.,"11,194,350.","11,194,350.",0.,0.,Personal,,,
Southern Dunes Operations & Maintenance Co.,Six Sense Dunes/The Parker Company,,27 Mar 2024,,,"15,476.8","2,355.6",0.,"1,177.8","1,177.8",0.,0.,Hotel,,,
Capella Singapore,Capella,,28 Mar 2024,,,"15,655.","1,830.",915.,915.,0.,0.,0.,Hotel,,,
Indonesia Adventure Sport,Nihi Sumba,,03 Jan 2024,,,1.,"33,699,600.",0.,0.,0.,0.,0.,Hotel,,,
"JTB Trading, Inc. ( Six Sense Kyoto)",Six Sense Kyoto,,29 Mar 2024,,,"15,603.","1,225.",0.,"1,265.63","1,265.63",0.,0.,Hotel,,,
"Mimosa Cityscapes, INC.","Mimosa Cityscapes, INC.",-,29 Mar 2024,15 May 2025,15 Jun 2025,"15,712.","4,652.5",0.,0.,0.,195.,0.,Restaurant,Export,,
Patina Maldives Fari Islands,Patina Maldives,,29 Mar 2024,,,"15,603.","3,000.",0.,0.,0.,0.,0.,Hotel,,,
Bali General Supply,BGS,,03 Apr 2024,,,1.,"6,127,200.",0.,"3,063,600.","3,063,600.",0.,0.,Restaurant,,,
Sonia,Sonia,,04 Apr 2024,,,"15,500.","3,091.42",0.,0.,0.,0.,0.,Personal,,,
Good Food Cafe,Milk & Madu Beach Road,,05 Apr 2024,,,1.,"42,485,250.",0.,"21,242,625.","21,242,625.",0.,0.,Restaurant,,,
Good Food Guys,Milk & Madu Berawa,,05 Apr 2024,,,1.,"27,500,250.",0.,"13,750,125.","13,750,125.",0.,0.,Restaurant,,,
Ulekan Berawa,Ni Wayan Jonti,,05 Apr 2024,,,1.,"12,187,800.",0.,"6,093,900.","6,093,900.",0.,0.,Restaurant,,,
Marina Bay Sands,MBS,,30 Jan 2024,,,"15,416.","7,740.",0.,"3,870.","3,870.",0.,0.,Hotel,,,
Bukit Uluwatu Villa,Alila Uluwatu,,09 Apr 2024,,,1.,"18,037,500.",0.,"9,018,750.","9,018,750.",0.,0.,Hotel,,,
Bukit Uluwatu Villa,Alila Uluwatu,,12 Apr 2024,,,1.,"19,314,000.",0.,"9,657,000.","9,657,000.",0.,0.,Hotel,,,
The Lemon Tree Curacao,The Lemon Tree Curacao,,12 Apr 2024,,,1.,"276,355,000.","1,339,000.","345,459,750.","344,120,750.",0.,0.,Hotel,,,
The Lemon Tree Curacao,The Lemon Tree Curacao,,12 Apr 2024,,,1.,"415,007,500.","1,339,000.","345,459,750.","344,120,750.",0.,0.,Hotel,,,
Nusadua Graha International,The Westin Resort Nusa Dua,,12 Apr 2024,,,1.,"36,630,000.",0.,"18,315,000.","18,315,000.",0.,0.,Hotel,,,
Capella Sydney,Brasserie 1938 Capella Sydney (HPG International H,,09 Apr 2024,,,"15,476.8","10,065.",0.,"5,032.5","5,032.5",0.,0.,Hotel,,,
Four Seasons Resort Seychelles Petit Anse Development LTD,Four Seasons Resort Seychelles,,15 Apr 2024,,,,"1,091.5",,,,0.,0.,Hotel,,,
Karang Mas Sejahtera,Ayana Hospitality,,15 Apr 2024,,,1.,"136,557,750.",0.,"136,557,750.","136,557,750.",0.,0.,Hotel,,,
Sutera Bali,Mamasan,,15 Apr 2024,,,1.,"25,308,000.",0.,"12,654,000.","12,654,000.",0.,0.,Restaurant,,,
Patina Maldives Fari Islands,Patina Maldives,,15 Apr 2024,,,"15,476.8",900.,0.,900.,900.,0.,0.,Hotel,,,
Good Food People,Milk & Madu Ubud,,17 Apr 2024,,,1.,"7,459,200.",0.,"3,729,600.","3,729,600.",0.,0.,Restaurant,,,
Fieldcrest Enterprise,Raffless Singapore (USD),,17 Apr 2024,,,"15,476.8","7,819.5",0.,"3,909.75","3,909.75",0.,0.,Agent,,,
Bokashi Berawa,Bokashi Berawa,,17 Apr 2024,,,1.,"31,135,500.",0.,"15,567,750.","15,567,750.",0.,0.,Restaurant,,,
Pablo Long Time Asian Restaurant,Pablo Long Time,,18 Apr 2024,,,1.,"6,216,000.",0.,"3,108,000.","3,108,000.",0.,0.,Restaurant,,,
Nativa Graha Saji,Billy Ho,,18 Apr 2024,,,1.,"6,526,800.",0.,"3,263,400.","3,263,400.",0.,0.,Restaurant,,,
Waldorf Astoria Maldives Ithaa Fushi,Waldorf Astoria,,18 Apr 2024,,,"15,476.8","3,240.",0.,"1,620.","1,620.",0.,0.,Hotel,,,
Good Food Cafe,Milk & Madu Uluwatu,,19 Apr 2024,,,1.,"75,147,000.",0.,"37,573,000.","37,573,000.",0.,0.,Restaurant,,,
Anaamaya Resort Seminyak,Alila Seminyak,,22 Apr 2024,,,1.,"4,773,000.",0.,"2,386,500.","2,386,500.",0.,0.,Hotel,,,
Waldorf Astoria Maldives Ithaa Fushi,Waldorf Astoria,,25 Apr 2024,,,"15,476.8","15,512.",0.,"7,756.","7,756.",0.,0.,Hotel,,,
Graha Alam Lestari,The Apurva Kempinski Bali,,25 Apr 2024,,,1.,"28,729,852.",0.,"14,364,926.","14,364,926.",0.,0.,Hotel,,,
Graha Alam Lestari,The Apurva Kempinski Bali,,25 Apr 2024,,,1.,"76,704,330.",0.,"38,352,165.","38,352,165.",0.,0.,Hotel,,,
Graha Alam Lestari,The Apurva Kempinski Bali,,25 Apr 2024,,,1.,"51,311,970.",0.,"25,655,985.","25,655,985.",0.,0.,Hotel,,,
Graha Alam Lestari,The Apurva Kempinski Bali,,25 Apr 2024,,,1.,"73,159,101.",0.,"36,579,550.","36,579,550.",0.,0.,Hotel,,,
Mandara Spa Indonesia,Mandara Spa,,25 Apr 2024,,,1.,"21,645,000.",0.,"10,822,500.","10,822,500.",0.,0.,SPA,,,
Indonesia Adventure Sport,Nihi Sumba,,29 Apr 2024,,,1.,"11,655,000.",0.,"5,827,500.","5,827,500.",0.,0.,Hotel,,,
Fieldcrest Enterprise,Raffless Singapore (USD),,29 Apr 2024,,,"15,480.","11,832.",0.,"5,916.","5,916.",0.,0.,Agent,,,
Sutera Bali,Mamasan,,30 Apr 2024,,,1.,"8,591,400.",0.,"4,295,700.","4,295,700.",0.,0.,Restaurant,,,
Indonesia Adventure Sport,Nihi Sumba,,01 Jan 2024,,,1.,"21,844,800.",0.,0.,0.,0.,0.,Hotel,,,
Wakatobi Resort,Wakatobi,,03 May 2024,,,1.,"1,598,400.",0.,"799,200.","799,200.",0.,0.,Hotel,,,
Duta Jaya Perkasa,Jumeirah Bali,,03 May 2024,,,1.,"16,816,500.",0.,0.,0.,0.,0.,Hotel,,,
Seniman Industries,Seniman Caffe,,06 May 2024,,,1.,"4,262,400.",0.,"2,131,200.","2,131,200.",0.,0.,Hotel,,,
Brett Hospitality Group,Mason Uluwatu,,06 May 2024,,,1.,"22,244,400.",0.,0.,0.,0.,0.,Restaurant,,,
The Damai Hotel,Normann Indonesia,,08 May 2024,,,1.,"63,214,500.",0.,"31,607,250.","31,607,250.",0.,0.,Hotel,,,
Graha Alam Lestari,The Apurva Kempinski Bali,,08 May 2024,,,1.,"50,277,505.",0.,"25,138,752.","25,138,752.",0.,0.,Hotel,,,
Michael Lorenti,Michael Lorenti,,09 May 2024,,,1.,"34,365,600.",0.,"17,182,800.","17,182,800.",0.,0.,Personal,,,
Sutera Bali,Mamasan,,09 May 2024,,,1.,"7,059,600.",0.,"3,529,800.","3,529,800.",0.,0.,Restaurant,,,
Bali Bounty,Kudeta,Plate 23Cm,09 May 2024,30 Jan 2025,30 Jan 2025,1.,"33,633,000.",0.,"16,816,500.","16,816,500.",150.,165.,Restaurant,Local,,
Samanvaya,Zen Happy,,15 May 2024,,,1.,"54,778,500.",0.,"27,389,250.","27,389,250.",0.,0.,Hotel,,,
Telaga Cita Rasa,Nam Heong,,15 May 2024,,,1.,"21,578,400.",0.,"10,789,200.","10,789,200.",0.,0.,Personal,,,
Budi Susanti,Budi Susanti,,15 May 2024,,,1.,"11,655,000.",0.,"3,857,250.","3,857,250.",0.,0.,Personal,,,
Wakatobi Resort,Wakatobi,,16 May 2024,,,1.,"6,160,500.","6,160,500.","6,160,500.",0.,0.,0.,Hotel,,,
Amanda Arumdhani,Four Season Sayan,,16 May 2024,,,1.,"204,251,100.",0.,"102,125,550.","102,125,550.",0.,0.,Hotel,,,
Expat Roasters Indonesia,Expat Roasters,,16 May 2024,,,1.,"65,066,868.",0.,"34,245,720.","34,245,720.",0.,0.,Restaurant,,,
Yawara Boga Indonesia,Yawara,,17 May 2024,,,1.,"297,468,900.",0.,"148,734,450.","148,734,450.",0.,0.,Restaurant,,,
Karang Mas Sejahtera,Ayana Hospitality,,20 May 2024,,,1.,"62,742,750.",0.,"31,371,375.","31,371,375.",0.,0.,Hotel,,,
Karya Agung Kisma Lestari,Laguna Hotel Bali,,20 May 2024,,,1.,"24,420,000.",0.,"24,420,000.","24,420,000.",0.,0.,Hotel,,,
Fairmont Jakarta - PT Senayan Trikarya Sempana,Fairmont Jakarta,,20 May 2024,,,1.,"324,258,750.",0.,"162,129,375.","162,129,375.",0.,0.,Hotel,,,
Vista Padang Asri,Suarga Resort,,20 May 2024,,,1.,"10,267,500.",0.,"10,267,500.","10,267,500.",0.,0.,Hotel,,,
Mozaic Ubud,Mozaic Ubud,,20 May 2024,,,1.,"55,466,700.",0.,"27,733,350.","27,733,350.",0.,0.,Restaurant,,,
Michael Lorenti,Michael Lorenti,,20 May 2024,,,1.,"3,829,500.",0.,"3,829,500.","3,829,500.",0.,0.,Personal,,,
Mactan Seascapes Service INC (Crimson),Crimson / Boracay,,21 May 2024,,,"15,853.","9,500.",0.,"9,500.","9,500.",0.,0.,Hotel,,,
Prima Ismaya Sejahtera,Ismaya,,21 May 2024,,,1.,"6,793,200.",0.,0.,0.,0.,0.,Restaurant,,,
Duta Jaya Perkasa,Jumeirah Bali,,21 May 2024,,,1.,"1,615,050.",0.,0.,0.,0.,0.,Hotel,,,
Bokashi Berawa,Bokashi Berawa,,22 May 2024,,,1.,"17,049,600.",0.,"8,524,800.","8,524,800.",0.,0.,Restaurant,,,
Prapat Agung Permai,Menjangan Dynasty Resort,,22 May 2024,,,1.,"6,393,600.",0.,"3,196,800.","3,196,800.",0.,0.,Hotel,,,
"CPRC (Maldives) Pvt, Ltd (Ritz Carlton Maldives)",Ritz Carlton Maldives,,22 May 2024,,,"15,853.","5,075.",0.,"2,537.5","2,537.5",0.,0.,Hotel,,,
The Ritz Carlton Bahrain,The Ritz Carlton Bahrain,,22 May 2024,,,"15,853.","15,250.",0.,"7,625.","7,625.",0.,0.,Hotel,,,
Riviera Bistro,Riviera Pererenan / CLANDESTINO FOOD GROUP,,22 May 2024,,,1.,"128,944,260.",0.,"64,472,130.","64,472,130.",0.,0.,Restaurant,,,
Maya Resort,Maya Sanur,,23 May 2024,,,1.,"23,304,450.",0.,"11,652,225.","11,652,225.",0.,0.,Hotel,,,
Maya Resort,Maya Sanur,,23 May 2024,,,1.,"6,696,075.",0.,"3,348,037.","3,348,037.",0.,0.,Hotel,,,
Spirit Real-Estate Development Company,Grand Hyatt Kuwait,,23 May 2024,,,"15,853.","11,400.",0.,"5,700.","5,700.",0.,0.,Hotel,,,
Bokashi Berawa,Bokashi Berawa,,23 May 2024,,,1.,"5,827,500.",0.,0.,0.,0.,0.,Restaurant,,,
PT Autogrill Services Indonesia,Wolf Gang Puck,,24 May 2024,,,1.,"136,035,772.",0.,"68,017,886.","68,017,886.",0.,0.,Restaurant,,,
Bumi Canggu Nusantara,Motel Mexicola Canggu,,24 May 2024,,,1.,"30,136,500.",0.,"30,136,500.","30,136,500.",0.,0.,Restaurant,,,
Sequitur Resorts Pty Limited (Six Senses Fiji),Six Senses Fiji,,24 May 2024,,,"15,853.","1,467.",0.,0.,0.,0.,0.,Hotel,,,
Leisure Ventures Langkawi Sdn Bhd,Four Seasons Resort Langkawi,,24 May 2024,,,"15,853.","10,098.",0.,"5,049.","5,049.",0.,0.,Hotel,,,
MTS Investments Indonesia,Further Hotel,,24 May 2024,,,1.,"9,102,000.",0.,"4,551,000.","4,551,000.",0.,0.,Hotel,,,
Nae UM,Nae UM,,27 May 2024,,,"15,853.",500.,0.,500.,500.,0.,0.,Restaurant,,,
Prima Ismaya Sejahtera,Ismaya,,28 May 2024,,,,"4,218,000.",,,,0.,0.,Restaurant,,,
Fieldcrest Enterprise,Raffless Singapore (USD),,28 May 2024,,,"15,476.8","3,855.",0.,"1,927.5","1,927.5",0.,0.,Agent,,,
Karang Mas Sejahtera,Ayana Hospitality,,28 May 2024,,,1.,"3,296,700.",0.,0.,0.,0.,0.,Hotel,,,
Jeffrey Grimes,Jeffrey Grimes,,29 May 2024,,,"16,060.","2,673.",0.,"1,336.5","1,336.5",0.,0.,Personal,,,
"Baguio Mountainscapes, Inc.",Filinvest 2,,29 May 2024,,,"16,060.",48.,0.,0.,0.,0.,0.,Agent,,,
Santanera,Santanera,,30 May 2024,,,1.,"24,508,800.",0.,"12,254,400.","12,254,400.",0.,0.,Restaurant,,,
Duta Jaya Perkasa,Jumeirah Bali,,31 May 2024,,,1.,"64,269,000.",0.,"32,134,500.","32,134,500.",0.,0.,Hotel,,,
Taurus Gemilang,Revolver Taurus,,31 May 2024,,,1.,"52,292,100.",0.,"52,292,100.","52,292,100.",0.,0.,Restaurant,,,
PT Caterison Sukses,Hilton Bali,,31 May 2024,,,1.,"555,000,000.",0.,"555,000,000.","555,000,000.",0.,0.,Hotel,,,
Driss Tabbakalt,Driss Tabbakalt,,03 Jun 2024,,,1.,"48,618,000.",0.,"25,335,300.","25,335,300.",0.,0.,Personal,,,
Reef Hospitality Solutions and Trading Company,Sindalah,-,03 Jun 2024,14 Mar 2025,07 Feb 2025,"16,000.","29,770.9",0.,0.,0.,"1,960.","2,156.",Hotel,Export,,
Reef Hospitality Solutions and Trading Company,Sindalah,-,03 Jun 2024,14 Mar 2025,07 Feb 2025,"16,000.","11,078.2",0.,0.,0.,560.,616.,Hotel,Export,,
Reef Hospitality Solutions and Trading Company,Sindalah,-,03 Jun 2024,14 Mar 2025,07 Feb 2025,"16,000.","77,544.8",0.,0.,0.,"4,240.","4,664.",Hotel,Export,,
Reef Hospitality Solutions and Trading Company,Sindalah,-,03 Jun 2024,14 Mar 2025,07 Feb 2025,"16,000.","4,100.8",0.,0.,0.,160.,176.,Hotel,Export,,
Reef Hospitality Solutions and Trading Company,Sindalah,-,03 Jun 2024,14 Mar 2025,07 Feb 2025,"16,000.","75,466.82",0.,0.,0.,"4,708.","5,179.",Hotel,Export,,
PT Autogrill Services Indonesia,Wolf Gang Puck,,04 Jun 2024,,,1.,"704,850.","704,850.","704,850.",0.,0.,0.,Restaurant,,,
"Bandung Pakar, PT",Indigo Bandung,,04 Jun 2024,,,1.,"413,735,850.",0.,"206,867,925.","206,867,925.",0.,0.,Hotel,,,
Batu Mejan Sukses Bersama Bali,La Brisa,,04 Jun 2024,,,1.,"45,732,000.",0.,"22,866,000.","22,866,000.",0.,0.,Restaurant,,,
Optimist Pererenan,Optimist Pererenan,,04 Jun 2024,,,1.,"42,918,150.",0.,"21,459,075.","21,459,075.",0.,0.,Restaurant,,,
Reef Hospitality Solutions and Trading Company,Sindalah,-,04 Jun 2024,14 Mar 2025,07 Feb 2025,"16,000.","31,468.94",0.,0.,0.,"1,990.","2,189.",Hotel,Export,,
Pablo Long Time Asian Restaurant,Pablo Long Time,,04 Jun 2024,,,1.,"10,822,500.",0.,"5,411,250.","5,411,250.",0.,0.,Restaurant,,,
Reef Hospitality Solutions and Trading Company,Sindalah,-,04 Jun 2024,14 Mar 2025,07 Feb 2025,"16,000.","4,104.",0.,0.,0.,160.,176.,Hotel,Export,,
Reef Hospitality Solutions and Trading Company,Sindalah,-,04 Jun 2024,14 Mar 2025,07 Feb 2025,"16,000.","45,109.8",0.,0.,0.,"2,960.","3,256.",Hotel,Export,,
Reef Hospitality Solutions and Trading Company,Sindalah,-,04 Jun 2024,14 Mar 2025,07 Feb 2025,"16,000.","34,661.",0.,0.,0.,"2,470.","2,717.",Hotel,Export,,
Jen,Jennifer,-,04 Jun 2024,04 Mar 2025,07 Mar 2025,1.,"47,397,000.",0.,"23,698,500.","23,698,500.",254.,280.,Personal,Local,,
Graha Agung Indah Sentosa,Indigo Bintan,,05 Jun 2024,,,1.,"105,030,000.",0.,"105,030,000.","105,030,000.",0.,0.,Hotel,,,
Karang Mas Sejahtera,Ayana Hospitality,,06 Jun 2024,,,1.,"1,404,150.",0.,0.,0.,0.,0.,Hotel,,,
The Royal Purnama,The Royal Purnama,,06 Jun 2024,,,1.,"23,842,800.",0.,"11,921,400.","11,921,400.",0.,0.,Hotel,,,
Pribadi Boga Utama,Buzo Restaurant/Salazon,,06 Jun 2024,,,1.,"6,327,000.",0.,0.,0.,0.,0.,Restaurant,,,
MG Hotel Supplies LLC,MG Hotel,,06 Jun 2024,,,"16,115.","3,610.",0.,"1,805.","1,805.",0.,0.,Agent,,,
MG Hotel Supplies LLC,MG Hotel,,05 Jun 2024,,,"15,853.",348.,0.,0.,0.,0.,0.,Agent,,,
MG Hotel Supplies LLC,MG Hotel,,10 Jun 2024,,,"16,115.","1,482.",0.,741.,741.,0.,0.,Agent,,,
Bali Radiance,Bali Radiance,,10 Jun 2024,,,1.,"6,660,000.",0.,"3,330,000.","3,330,000.",0.,0.,Hotel,,,
Nusantara Ubud,CIPATI YUDHA PERSADA/JVJ Gastro Warung,,11 Jun 2024,,,1.,"26,420,220.",0.,"13,210,110.","13,210,110.",0.,0.,Restaurant,,,
Vasanta Group,Vasanta Group,,11 Jun 2024,,,,"464,446,200.",,,,0.,0.,Hotel,,,
Ali Bey Malidives Pvt. Ltd. (Joali Muravandhoo),Joali Muravandhoo,,12 Jun 2024,,,"16,115.","7,686.",0.,"3,843.","3,843.",0.,0.,Hotel,,,
Rishab Hotel & Restaurant,Rishab Hotel & Restaurant,,12 Jun 2024,,,,"55,645.",,,,0.,0.,Hotel,,,
Bali Droom Villas,Joyce and Ralph Van Rooten,,12 Jun 2024,,,1.,"142,948,020.",0.,"71,474,010.","71,474,010.",0.,0.,Hotel,,,
Vasanta Group,Vasanta Group,,13 Jun 2024,,,,"372,249,600.",,,,0.,0.,Hotel,,,
Vasanta Group,Vasanta Group,,13 Jun 2024,,,,"122,738,250.",,,,0.,0.,Hotel,,,
Milk Bar,Milk Bar,,14 Jun 2024,,,1.,"7,059,600.",0.,"3,529,800.","3,529,800.",0.,0.,Restaurant,,,
Success Venture Hotel Investment,Pan Pacific Hotel,,14 Jun 2024,,,1.,"6,915,690.",0.,0.,0.,0.,0.,Hotel,,,
Reef Hospitality Solutions and Trading Company,Sindalah,-,04 Jun 2024,14 Mar 2025,07 Feb 2025,"16,000.","41,723.9",0.,0.,0.,"2,560.","2,816.",Hotel,Export,,
Awahita Indonesia Putra,Capella Ubud,,14 Jun 2024,,,1.,"6,382,500.",0.,"3,191,250.","3,191,250.",0.,0.,Hotel,,,
Da Maria,Da Maria,,19 Jun 2024,,,1.,"2,097,900.",0.,0.,0.,0.,0.,Restaurant,,,
Jimbaran Greenhill,Raffles Bali,,19 Jun 2024,,,1.,"147,840,900.",0.,"73,920,450.","73,920,450.",0.,0.,Hotel,,,
Indonesia Adventure Sport,Nihi Sumba,,19 Jun 2024,,,1.,"24,109,200.",0.,"12,054,600.","12,054,600.",0.,0.,Hotel,,,
Wynncor Bali,Andaz Bali,,21 Jun 2024,,,1.,"11,100,000.",0.,0.,0.,0.,0.,Hotel,,,
ASL UK Ltd,Six Senses London - Link,,20 Jun 2024,,,"15,853.","15,015.",0.,"15,015.","15,015.",0.,0.,Hotel,,,
Badan Canggu International,Regent Canggu,,25 Jun 2024,,,1.,"210,164,625.",0.,"105,082,314.","105,082,314.",0.,0.,Hotel,,,
Badan Canggu International,Regent Canggu,,25 Jun 2024,,,1.,"177,197,625.",0.,"88,598,813.","88,598,813.",0.,0.,Hotel,,,
Southern Dunes Operations & Maintenance Co.,Six Sense Dunes/The Parker Company,,25 Jun 2024,,,"16,249.",412.5,0.,0.,0.,0.,0.,Hotel,,,
Hotel Pandan Arum,Maya Ubud,,26 Jun 2024,,,1.,"8,325,000.",0.,"4,162,500.","4,162,500.",0.,0.,Hotel,,,
Prima Fenomena Jaya,Prima Fenomena Jaya,,26 Jun 2024,,,1.,"29,481,600.",0.,"14,740,800.","14,740,800.",0.,0.,Restaurant,,,
Prima Fenomena Jaya,Prima Fenomena Jaya,,28 May 2024,,,1.,"4,218,000.",0.,"2,109,000.","2,109,000.",0.,0.,Restaurant,,,
Tina,Tina,,28 Jun 2024,,,,3.,,,,0.,0.,Umum,,,
Griya Pancaloka,Sofitel Bali Nusa Dua Beach Resort,,28 Jun 2024,,,1.,"11,072,250.",0.,"5,536,125.","5,536,125.",0.,0.,Hotel,,,
Jimbaran Villas,Bvlgari,,01 Jul 2024,,,1.,"2,985,900.",0.,"2,985,900.","2,985,900.",0.,0.,Hotel,,,
Griya Pancaloka,Sofitel Bali Nusa Dua Beach Resort,,02 Jul 2024,,,1.,"4,745,250.",0.,0.,0.,0.,0.,Hotel,,,
Karya Agung Kisma Lestari,Laguna Hotel Bali,,02 Jul 2024,,,1.,"6,660,000.",0.,0.,0.,0.,0.,Hotel,,,
Simon & Son's,Simon & Son's,,03 Jul 2024,,,1.,"189,238,350.",0.,"94,619,175.","94,619,175.",0.,0.,Restaurant,,,
Barba Rossa Fraters,Rento - Babarossa,,03 Jul 2024,,,1.,"22,727,250.",0.,"11,446,875.","11,446,875.",0.,0.,Restaurant,,,
Maya Resort,Maya Sanur,,04 Jul 2024,,,1.,"5,994,000.",0.,"2,997,000.","2,997,000.",0.,0.,Hotel,,,
Bali General Supply,BGS,,09 Jul 2024,,,1.,"3,996,000.",0.,"1,998,000.","1,998,000.",0.,0.,Restaurant,,,
Samanvaya,Zen Happy,,08 Jul 2024,,,1.,"3,579,750.",0.,"3,579,750.","3,579,750.",0.,0.,Hotel,,,
Good Food Cafe,Milk & Madu Uluwatu,,09 Jul 2024,,,1.,"13,431,000.",0.,"3,357,750.","3,357,750.",0.,0.,Restaurant,,,
Anna Kersova,Anna Kersova,-,10 Jul 2024,31 Jan 2025,31 Jan 2025,"16,270.","15,095.4",0.,"15,095.4","15,095.4",764.,840.,Personal,Export,,
Wynncor Bali,Andaz Bali,,10 Jul 2024,,,1.,"19,258,500.",0.,0.,0.,0.,0.,Hotel,,,
Tanadewa Resort & Spa Ubud,Tanadewa Resort & Spa Ubud,,10 Jul 2024,,,1.,"42,757,200.",0.,"21,378,600.","21,378,600.",0.,0.,Hotel,,,
Nusadua Graha International,The Westin Resort Nusa Dua,,12 Jul 2024,,,1.,"15,540,000.",0.,"15,540,000.","15,540,000.",0.,0.,Hotel,,,
Bidadari Dunia - La Plancha,La Plancha Bali Sejahtera,,16 Jul 2024,,,1.,"38,295,000.",0.,"19,147,500.","19,147,500.",0.,0.,Restaurant,,,
Kevala Keramik Bali,KKB,,16 Jul 2024,,,1.,"70,462,800.",0.,0.,0.,0.,0.,Umum,,,
Grand Hyatt Jakarta,Plaza Indonesia Realty,,16 Jul 2024,,,1.,"932,400.","932,400.","932,400.",0.,0.,0.,Hotel,,,
Kevala Keramik Bali,KKB,,16 Jul 2024,,,1.,"653,106,240.",0.,0.,0.,0.,0.,Umum,,,
Kevala Keramik Bali,KKB,,16 Jul 2024,,,1.,"128,794,632.",0.,0.,0.,0.,0.,Umum,,,
Kevala Keramik Bali,KKB,,16 Jul 2024,,,1.,"407,778,480.",0.,0.,0.,0.,0.,Umum,,,
Badan Canggu International,Regent Canggu,,16 Jul 2024,,,1.,"216,542,685.",0.,"108,271,343.","108,271,343.",0.,0.,Hotel,,,
Badan Canggu International,Regent Canggu,,16 Jul 2024,,,1.,"315,638,490.",0.,"157,819,245.","157,819,245.",0.,0.,Hotel,,,
Ginger Moon,Ginger Moon,,18 Jul 2024,,,1.,"37,462,500.",0.,"18,731,250.","18,731,250.",0.,0.,Restaurant,,,
Beyond Bamboo (Six Senses London),Six Senses London,,18 Jul 2024,,,"16,180.","1,651.",0.,"1,651.","1,651.",0.,0.,Hotel,,,
French Kiss,French Kiss,,18 Jul 2024,,,1.,"865,800.","865,800.","865,800.",0.,0.,0.,Restaurant,,,
Bukit Uluwatu Villa,Alila Uluwatu,24086178,18 Jul 2024,17 Feb 2025,10 Feb 2025,1.,"284,514,645.",0.,"142,257,322.","142,257,322.","1,534.","1,687.",Hotel,Local,,
Nusadua Graha International,The Westin Resort Nusa Dua,,18 Jul 2024,,,1.,"47,041,245.",0.,"23,520,622.","23,520,622.",0.,0.,Hotel,,,
Usaha Pogu Boga,Soichiro,,19 Jul 2024,,,1.,"16,516,800.",0.,"8,258,400.","8,258,400.",0.,0.,Restaurant,,,
Bokashi Berawa,Bokashi Berawa,,23 Jul 2024,,,1.,"3,163,500.",0.,"3,163,500.","3,163,500.",0.,0.,Restaurant,,,
Riviera Bistro,Riviera Pererenan / CLANDESTINO FOOD GROUP,,23 Jul 2024,,,1.,"1,332,000.",0.,"666,000.","666,000.",0.,0.,Restaurant,,,
Loloan Bali,Mexicola Seminyak,,23 Jul 2024,,,1.,"10,267,500.",0.,"10,267,500.","10,267,500.",0.,0.,Restaurant,,,
Nativa Graha Saji,Billy Ho,,23 Jul 2024,,,1.,"3,663,000.",0.,"1,831,500.","1,831,500.",0.,0.,Restaurant,,,
Bali Bounty,Kudeta,,23 Jul 2024,,,1.,"16,872,000.",0.,"8,436,000.","8,436,000.",0.,0.,Restaurant,,,
Kevala Keramik Bali,KKB,,24 Jul 2024,,,1.,"420,725,520.",0.,0.,0.,0.,0.,Umum,,,
Hotel Pandan Arum,Maya Ubud,,24 Jul 2024,,,1.,"28,207,875.",0.,"14,103,980.","14,103,980.",0.,0.,Hotel,,,
Riviera Bistro,Riviera Pererenan / CLANDESTINO FOOD GROUP,,25 Jul 2024,,,1.,"6,293,700.",0.,"6,293,700.","6,293,700.",0.,0.,Restaurant,,,
Kiros Hospitality Solutions Pvt. Ltd.,Kiros,,25 Jul 2024,,,"16,180.","2,760.5",0.,"1,380.25","1,380.25",0.,0.,Hotel,,,
Mactan Seascapes Service INC (Crimson),Crimson / Boracay,POR0000012559,26 Jul 2024,31 Jan 2025,31 Jan 2025,"16,180.","23,873.88",0.,"11,936.94","11,936.94","1,981.","2,179.",Hotel,Export,,
Arya Sumba Resort,Arya Sumba Resort,,26 Jul 2024,,,1.,"42,890,400.",0.,"21,445,200.","21,445,200.",0.,0.,Hotel,,,
Tejaprana Spa & Resort,Taman Ayung,,29 Jul 2024,,,1.,"16,983,000.",0.,"8,491,500.","8,491,500.",0.,0.,Hotel,,,
Tejaprana Spa & Resort,Taman Ayung,,29 Jul 2024,,,1.,"23,809,500.",0.,"11,904,750.","11,904,750.",0.,0.,Hotel,,,
Tejaprana Spa & Resort,Taman Ayung,,29 Jul 2024,,,1.,"70,374,000.",0.,"35,187,000.","35,187,000.",0.,0.,Hotel,,,
Boa Development,Nihi Rote,,30 Jul 2024,,,1.,"150,249,600.",0.,"75,124,800.","75,124,800.",0.,0.,Hotel,,,
Mitra Mulia Boga Nusantara,Waterbom,,30 Jul 2024,,,1.,"23,443,200.",0.,"23,443,200.","23,443,200.",0.,0.,Restaurant,,,
Prima Ismaya Sejahtera,Ismaya,,31 Jul 2024,,,1.,"19,846,800.",0.,"9,923,400.","9,923,400.",0.,0.,Restaurant,,,
Monokuro,Monokuro,,31 Jul 2024,,,1.,"5,661,000.",0.,"2,830,500.","2,830,500.",0.,0.,Restaurant,,,
Permadani Khatulistiwa Nusantara,St Regis Hotel Jakarta,,02 Aug 2024,,,1.,"383,891,060.",0.,"191,945,530.","191,945,530.",0.,0.,Hotel,,,
Heritage Resorts and Spas,Buahan a Banyan Tree Escape,,05 Aug 2024,,,1.,"60,359,580.",0.,"30,177,290.","30,177,290.",0.,0.,Hotel,,,
"CPRC (Maldives) Pvt, Ltd (Ritz Carlton Maldives)",Ritz Carlton Maldives,,05 Aug 2024,,,"16,421.","1,637.5",0.,818.75,818.75,0.,0.,Hotel,,,
"CPRC (Maldives) Pvt, Ltd (Ritz Carlton Maldives)",Ritz Carlton Maldives,,07 Aug 2024,,,"16,421.","4,218.",0.,"2,579.25","2,579.25",0.,0.,Hotel,,,
"CPRC (Maldives) Pvt, Ltd (Ritz Carlton Maldives)",Ritz Carlton Maldives,,07 Aug 2024,,,"16,421.",940.5,0.,"2,579.25","2,579.25",0.,0.,Hotel,,,
The Sanubari Hotel,MDA ABS Kuningan,,08 Aug 2024,,,1.,"31,302,000.",0.,"15,651,000.","15,651,000.",0.,0.,Hotel,,,
Dapur Asian Lokal,Hujan Lokal,,08 Aug 2024,,,1.,"12,554,100.",0.,"6,277,050.","6,277,050.",0.,0.,Restaurant,,,
Rosewood Hotel Doha,Royal Hospitality Co W.L.L,,08 Aug 2024,,,"16,421.","9,425.",0.,"4,712.5","4,712.5",0.,0.,Hotel,,,
PT MDA ABS TAMORA,Age Butcher Bali,,09 Aug 2024,,,1.,"153,080,100.",0.,"153,080,100.","153,080,100.",0.,0.,Restaurant,,,
Shelter Indonesia Group,Shelter Seminyak,,12 Aug 2024,,,1.,"3,885,000.",0.,"1,942,500.","1,942,500.",0.,0.,Restaurant,,,
Shelter Indonesia Group,Shelter Pererenan,,12 Aug 2024,,,1.,"23,310,000.",0.,"11,655,000.","11,655,000.",0.,0.,Restaurant,,,
French Kiss,French Kiss,,13 Aug 2024,,,1.,"34,032,600.",0.,"17,016,300.","17,016,300.",0.,0.,Restaurant,,,
Cahaya Warna Prima,Six Sense Uluwatu,,13 Aug 2024,,,1.,"8,880,000.",0.,0.,0.,0.,0.,Hotel,,,
Maya Resort,Maya Sanur,,13 Aug 2024,,,1.,"4,745,250.",0.,"2,372,625.","2,372,625.",0.,0.,Hotel,,,
Bali Perkasa Sukses,Indigo Bali,,15 Aug 2024,,,1.,"96,836,400.",0.,"48,418,200.","48,418,200.",0.,0.,Hotel,,,
Bali Selaras Indah Sejati,The Cave,,16 Aug 2024,,,1.,"3,718,500.",0.,"3,718,500.","3,718,500.",0.,0.,Restaurant,,,
Duta Jaya Perkasa,Jumeirah Bali,,19 Aug 2024,,,1.,"7,659,000.","3,829,500.","3,829,500.",0.,0.,0.,Hotel,,,
Rayjin Ubud,Rayjin Ubud,,19 Aug 2024,,,1.,"20,823,600.",0.,"10,411,800.","10,411,800.",0.,0.,Restaurant,,,
Expat Roasters Indonesia,Expat Roasters,,19 Aug 2024,,,1.,"286,990,500.",0.,"143,495,250.","143,495,250.",0.,0.,Restaurant,,,
Fieldcrest Enterprise,Raffless Singapore (USD),,28 Mar 2024,,,,"1,830.",,,,0.,0.,Agent,,,
Karang Mas Sejahtera,Ayana Hospitality,,20 Aug 2024,,,1.,"239,766,937.",0.,"119,883,468.","119,883,468.",0.,0.,Hotel,,,
NEW TOP LIMITED,Capella Taipei,2240820ID001,20 Aug 2024,31 Jan 2025,31 Jan 2025,"16,421.","27,507.25",0.,"27,507.25","27,507.25","1,710.","1,881.",Hotel,Export,,
Badan Canggu International,Regent Canggu,PO16539,21 Aug 2024,21 Jan 2025,08 Jan 2025,1.,"333,266,400.",0.,"166,633,200.","166,633,200.","1,860.","2,046.",Hotel,Local,,
Sejahtera Indoco,Nusa Dua Beach,,21 Aug 2024,,,1.,"48,118,500.",0.,"24,059,250.","24,059,250.",0.,0.,Hotel,,,
Bali Radiance,Bali Radiance,,23 Aug 2024,,,1.,"22,200,000.",0.,"11,100,000.","11,100,000.",0.,0.,Hotel,,,
Riviera Bistro,Riviera Pererenan / CLANDESTINO FOOD GROUP,,21 Aug 2024,,,1.,"20,535,000.",0.,"20,535,000.","20,535,000.",0.,0.,Restaurant,,,
Samanvaya,Zen Happy,,27 Aug 2024,,,1.,"4,262,400.",0.,"2,131,200.","2,131,200.",0.,0.,Hotel,,,
MNC Land Tbk,Park Hyatt Jakarta,,27 Aug 2024,,,1.,"21,445,200.",0.,"10,722,600.","10,722,600.",0.,0.,Hotel,,,
Beyond Bamboo (Six Senses London),Six Senses London,00105,27 Aug 2024,01 Mar 2025,17 Apr 2025,"16,249.","7,597.","7,597.","7,597.",0.,"1,101.","1,211.",Hotel,Export,,
Pacific Resorts Buana Indonesia,St Regis Bali,,29 Aug 2024,,,1.,"1,714,950.","1,714,950.","1,714,950.",0.,0.,0.,Hotel,,,
Da Maria,Da Maria,,02 Sep 2024,,,1.,"271,894,500.",0.,"135,947,250.","135,947,250.",0.,0.,Restaurant,,,
Pablo Long Time Asian Restaurant,Pablo Long Time,,03 Sep 2024,,,1.,"2,797,200.",0.,"1,398,600.","1,398,600.",0.,0.,Restaurant,,,
Bali Giri Kencana,Four Season Resort Jimbaran Bay,,03 Sep 2024,,,1.,"109,934,400.",0.,"54,967,200.","54,967,200.",0.,0.,Hotel,,,
Zi Biru,Zi Biru,,04 Sep 2024,,,1.,"36,686,055.",0.,"18,343,017.5","18,343,017.5",0.,0.,Restaurant,,,
Anaamaya Resort Seminyak,Alila Seminyak,,05 Sep 2024,,,1.,"2,197,800.",0.,"1,098,900.","1,098,900.",0.,0.,Hotel,,,
Jimbaran Villas,Bvlgari,,05 Sep 2024,,,1.,"42,723,067.",0.,"21,361,533.","21,361,533.",0.,0.,Hotel,,,
Southern Dunes Operations & Maintenance Co.,Six Sense Dunes/The Parker Company,,06 Sep 2024,,,,0.,,,,0.,0.,Hotel,,,
Leisure Oceans Private Limited (Six Sense Kanuhura),Six Sense Kanuhura,,09 Sep 2024,,,"16,421.","1,500.",0.,0.,0.,0.,0.,Hotel,,,
Batu Mejan Sukses Bersama Bali,La Brisa,,09 Sep 2024,,,1.,"16,650,000.",0.,"8,325,000.","8,325,000.",0.,0.,Restaurant,,,
Pribadi Boga Utama,Buzo Restaurant/Salazon,,09 Sep 2024,,,1.,"16,516,800.",0.,0.,0.,0.,0.,Restaurant,,,
"Cayo Rosario Partners, LLC c/o The Parker Company, LLC",The Parker Company,,10 Sep 2024,,,"16,421.",0.,0.,0.,0.,0.,0.,Hotel,,,
Karang Mas Sejahtera,Ayana Hospitality,,10 Sep 2024,,,1.,"15,429,000.",0.,"7,714,500.","7,714,500.",0.,0.,Hotel,,,
Groupx Kolektif Indonesia,Marea,,10 Sep 2024,,,1.,"10,789,200.",0.,"5,394,600.","5,394,600.",0.,0.,Restaurant,,,
Sardine,Kclub Sardine Bali,,10 Sep 2024,,,1.,"17,615,700.",0.,"8,807,850.","8,807,850.",0.,0.,Restaurant,,,
Drifter,Drifter,,10 Sep 2024,,,1.,"30,192,000.",0.,"15,096,000.","15,096,000.",0.,0.,Restaurant,,,
Prapat Agung Permai,Menjangan Dynasty Resort,,12 Sep 2024,,,1.,"96,736,500.",0.,"48,368,250.","48,368,250.",0.,0.,Hotel,,,
The Damai Hotel,Normann Indonesia,,12 Sep 2024,,,1.,"39,538,200.",0.,"19,769,100.","19,769,100.",0.,0.,Hotel,,,
Nusadua Graha International,The Westin Resort Nusa Dua,,13 Sep 2024,,,1.,"25,308,000.",0.,"12,654,000.","12,654,000.",0.,0.,Hotel,,,
Usaha Liburan Uluwatu,Mana Uluwatu Restaurant,,13 Sep 2024,,,1.,"59,773,500.",0.,"29,886,750.","29,886,750.",0.,0.,Restaurant,,,
Dapur Asian Lokal,Hujan Lokal,,13 Sep 2024,,,1.,"2,863,800.",0.,0.,0.,0.,0.,Restaurant,,,
"Cayo Rosario Partners, LLC c/o The Parker Company, LLC",The Parker Company,,16 Sep 2024,,,,0.,,,,0.,0.,Hotel,,,
Bali Selaras Indah Sejati,The Edge,,16 Sep 2024,,,1.,"16,872,000.",0.,"8,436,000.","8,436,000.",0.,0.,Restaurant,,,
Graha Alam Lestari,The Apurva Kempinski Bali,,16 Sep 2024,,,1.,"3,879,450.",0.,0.,0.,0.,0.,Hotel,,,
"Eden Restaurant Events, PT",Luna Beach Club,,16 Sep 2024,,,1.,"17,482,500.",0.,"8,741,250.","8,741,250.",0.,0.,Restaurant,,,
Karang Mas Sejahtera,Ayana Hospitality,2024116025,18 Sep 2024,13 Jan 2025,10 Jan 2025,1.,"344,655,000.",0.,"172,327,500.","172,327,500.","1,300.","1,430.",Hotel,Local,,
Duta Jaya Perkasa,Jumeirah Bali,53265,18 Sep 2024,30 Apr 2025,12 May 2025,1.,"22,644,000.",0.,"11,322,000.","11,322,000.",60.,66.,Hotel,Local,,
Kala Hospitality Group,Kala Uluwatu,,18 Sep 2024,,,1.,"21,090,000.",0.,"10,545,000.","10,545,000.",0.,0.,Restaurant,,,
Sejahtera Indoco,Nusa Dua Beach,,19 Sep 2024,,,1.,"17,982,000.",0.,"8,991,000.","8,991,000.",0.,0.,Hotel,,,
"Hai Ha Handicraft Co., Ltd",Hai Ha,,19 Sep 2024,,,"16,320.","6,684.",0.,"6,684.","6,684.",0.,0.,Hotel,,,
Silolona Pinisi Eksplorer,Silolona,-,19 Sep 2024,22 Jan 2025,21 Jan 2025,1.,"111,621,600.",0.,"55,810,800.","55,810,800.",480.,528.,Hotel,Local,,
Jayasom Amaala,Jayasom Amaala,,20 Sep 2024,,,"15,155.","2,062.15",0.,0.,0.,0.,0.,Hotel,,,
Amanda Arumdhani,Four Season Sayan,UBU0141115,27 Sep 2024,23 Jan 2025,22 Jan 2025,1.,"43,556,400.",0.,"21,778,200.","21,778,200.",144.,158.,Hotel,Local,,
Amanda Arumdhani,Four Season Sayan,UBU0146630,27 Sep 2024,13 Jan 2025,10 Jan 2025,1.,"51,026,700.",0.,"25,513,350.","25,513,350.",334.,367.,Hotel,Local,,
Maya Resort,Maya Sanur,P240927002,30 Sep 2024,28 Jan 2025,28 Jan 2025,1.,"94,957,725.",0.,"47,478,863.","47,478,863.",528.,581.,Hotel,Local,,
Maya Resort,Maya Sanur,P240927003,30 Sep 2024,28 Jan 2025,28 Jan 2025,1.,"39,991,912.",0.,"19,995,956.","19,995,956.",300.,330.,Hotel,Local,,
Maya Resort,Maya Sanur,P240927004,30 Sep 2024,28 Jan 2025,28 Jan 2025,1.,"17,741,962.",0.,"8,870,982.","8,870,982.",175.,193.,Hotel,Local,,
Maya Resort,Maya Sanur,P240927005,30 Sep 2024,28 Jan 2025,28 Jan 2025,1.,"22,144,500.",0.,"11,072,250.","11,072,250.",80.,88.,Hotel,Local,,
Taurus Gemilang,Revolver Taurus,,30 Sep 2024,,,1.,"394,050.","394,050.","394,050.",0.,0.,0.,Restaurant,,,
Bumi Canggu Nusantara,Motel Mexicola Canggu,,30 Sep 2024,,,1.,"15,123,750.",0.,"7,561,875.","7,561,875.",0.,0.,Restaurant,,,
"Hai Ha Handicraft Co., Ltd",Hai Ha,,01 Oct 2024,,,"16,320.","6,700.",0.,"6,700.","6,700.",0.,0.,Hotel,,,
Karang Mas Sejahtera,Ayana Hospitality,2024123106,02 Oct 2024,31 Jan 2025,31 Jan 2025,1.,"485,908,327.",0.,"242,954,163.","242,954,163.","2,545.","2,808.",Hotel,Local,,
Bali Giri Kencana,Four Season Resort Jimbaran Bay,,02 Oct 2024,,,1.,"48,285,000.",0.,"24,142,500.","24,142,500.",0.,0.,Hotel,,,
Nativa Graha Saji,Billy Ho,,02 Oct 2024,,,1.,"17,288,250.",0.,"8,644,125.","8,644,125.",0.,0.,Restaurant,,,
GFH Ventures Company WLL,Raffles Bahrain/Al Areen Palace & Spa by Accor,21886899202488SJANDK,03 Oct 2024,14 Mar 2025,20 Feb 2025,"16,320.","97,589.8",0.,"48,794.","48,794.","8,345.","9,180.",Hotel,Export,,
Margaret Bistro Canggu,Margaret Bistro Canggu,,03 Oct 2024,,,1.,"123,459,750.",0.,"61,729,875.","61,729,875.",0.,0.,Restaurant,,,
Bali Giri Kencana,Four Season Resort Jimbaran Bay,,03 Oct 2024,,,1.,"20,257,500.",0.,"10,128,750.","10,128,750.",0.,0.,Hotel,,,
Indonesia Adventure Sport,Nihi Sumba,09625,03 Oct 2024,24 Jan 2025,16 Jan 2025,1.,"25,840,800.",0.,"25,840,800.","25,840,800.",144.,158.,Hotel,Local,,
Karang Mas Sejahtera,Ayana Hospitality,,07 Oct 2024,,,1.,"1,842,600.",0.,"954,600.","954,600.",0.,0.,Hotel,,,
Bali Bounty,Kudeta,,07 Oct 2024,,,1.,"27,417,000.",0.,"13,708,500.","13,708,500.",0.,0.,Restaurant,,,
NEW TOP LIMITED,Capella Taipei,,07 Oct 2024,,,"16,421.","9,220.",0.,"8,759.","8,759.",0.,0.,Hotel,,,
Sutera Bali,Mamasan,,08 Oct 2024,,,1.,"18,315,000.",0.,"9,157,500.","9,157,500.",0.,0.,Restaurant,,,
Indonesia Adventure Sport,Nihi Sumba,PO202409-09454 & PO202409-09473,08 Oct 2024,31 Jan 2025,03 Feb 2025,1.,"26,780,970.",0.,"13,390,485.","13,390,485.",160.,176.,Hotel,Local,,
Kevala Keramik Bali,KKB,,09 Oct 2024,,,,"276,168,000.",,,,0.,0.,Umum,,,
Kevala Keramik Bali,KKB,,09 Oct 2024,,,,"108,891,000.",,,,0.,0.,Umum,,,
Kevala Keramik Bali,KKB,,09 Oct 2024,,,,"213,528,480.",,,,0.,0.,Umum,,,
Kevala Keramik Bali,KKB,,09 Oct 2024,,,,"252,835,800.",,,,0.,0.,Umum,,,
Kevala Keramik Bali,KKB,,09 Oct 2024,,,,"301,999,920.",,,,0.,0.,Umum,,,
Kevala Keramik Bali,KKB,,09 Oct 2024,,,,"122,801,520.",,,,0.,0.,Umum,,,
Kevala Keramik Bali,KKB,,09 Oct 2024,,,,"55,300,200.",,,,0.,0.,Umum,,,
Beyond Bamboo (Six Senses London),Six Senses London,00133,11 Oct 2024,01 Mar 2025,20 Feb 2025,"16,249.","3,105.",0.,"3,105.","3,105.",331.,364.,Hotel,Export,,
Colamoed Properties Management,Le Reserve,14112024,14 Oct 2024,15 Jan 2025,14 Jan 2025,1.,"18,481,500.",0.,"9,240,750.","9,240,750.",168.,185.,Restaurant,Local,,
Badan Canggu International,Regent Canggu,19256,14 Oct 2024,28 Jan 2025,,1.,"39,520,440.",0.,"19,760,220.","19,760,220.",130.,0.,Hotel,Local,,
Marloe Marloe Indonesia,Marloe,,18 Oct 2024,,,"10,692.06","1,450.",0.,0.,0.,0.,0.,Artist Collaboration,,,
Maya Resort,Maya Sanur,P240627023,18 Oct 2024,08 Jan 2025,,1.,"14,985,000.",0.,0.,0.,60.,0.,Hotel,Local,,
Brett Hospitality Group,Mason Uluwatu,,23 Oct 2024,,,1.,"2,497,500.",0.,0.,0.,0.,0.,Restaurant,,,
Bali Radiance,Bali Radiance,,23 Oct 2024,,,1.,"3,108,000.",0.,0.,0.,0.,0.,Hotel,,,
Bali Radiance,Bali Radiance,,24 Oct 2024,,,1.,"27,972,000.",0.,"13,986,000.","13,986,000.",0.,0.,Hotel,,,
Boa Development,Nihi Rote,RAG-042,25 Oct 2024,07 Feb 2025,11 Feb 2025,1.,"43,345,500.",0.,"21,672,750.","21,672,750.",200.,220.,Hotel,Local,,
Hotel Pandan Arum,Maya Ubud,,25 Oct 2024,,,1.,"9,768,000.",0.,"4,884,000.","4,884,000.",0.,0.,Hotel,,,
Hotel Pandan Arum,Maya Ubud,P241022025,25 Oct 2024,28 Jan 2025,23 Jan 2025,1.,"6,243,750.",0.,"3,121,875.","3,121,875.",15.,17.,Hotel,Local,,
Seniman Industries,Seniman Caffe,-,25 Oct 2024,09 Jan 2025,08 Jan 2025,1.,"16,872,000.",0.,"8,436,000.","8,436,000.",190.,209.,Hotel,Local,,
W Hotel Maldives,W Hotel Maldives,,28 Oct 2024,,,,"13,880.",,,,0.,0.,Hotel,,,
Boma Beach Club,Boma Beach Club,-,29 Oct 2024,05 Feb 2025,05 Feb 2025,"15,600.","26,432.33",0.,"13,216.16","13,216.16","1,898.","2,087.",Restaurant,Export,,
Awahita Indonesia Putra,Capella Ubud,P.O No: 22753-217/1,29 Oct 2024,30 Jan 2025,30 Jan 2025,1.,"11,124,975.",0.,"5,562,487.","5,562,487.",10.,11.,Hotel,Local,,
Awahita Indonesia Putra,Capella Ubud,22754-217/1,29 Oct 2024,17 Feb 2025,17 Feb 2025,1.,"33,744,000.",0.,"16,872,000.","16,872,000.",260.,286.,Hotel,Local,,
"Hai Ha Handicraft Co., Ltd",Hai Ha,2410-658/HH-KEV,31 Oct 2024,01 Feb 2025,,"16,320.","8,584.",0.,"4,292.","4,292.",461.,0.,Hotel,Export,,
Brett Hospitality Group,Mason Uluwatu,,31 Oct 2024,,,1.,"8,880,000.",0.,"4,440,000.","4,440,000.",0.,0.,Restaurant,,,
Amarterra Villa Nusa Dua,Amarterra Villa,POR-202408664,01 Nov 2024,30 Jan 2025,29 Jan 2025,1.,"33,892,740.",0.,"33,892,740.","33,892,740.",150.,165.,Hotel,Local,,
Hotel Pandan Arum,Maya Ubud,-,01 Nov 2024,07 Jan 2025,07 Jan 2025,1.,"2,797,200.",0.,"1,398,600.","1,398,600.",24.,26.,Hotel,Local,,
Kevala Keramik Bali,KKB,,05 Nov 2024,,,,"31,035,600.",,,,0.,0.,Umum,,,
Kevala Keramik Bali,KKB,,05 Nov 2024,,,,"851,414,400.",,,,0.,0.,Umum,,,
Ungasan Semesta Resort,QQ Siti Agung Makmur (LXR),DPSOL2411125,06 Nov 2024,22 Jan 2025,21 Jan 2025,1.,"41,524,267.",0.,"20,762,133.","20,762,133.",283.,311.,Hotel,Local,,
The Asa Maia,Asa Maia,P241031001,06 Nov 2024,29 Jan 2025,28 Jan 2025,1.,"17,389,260.",0.,"4,809,630.","4,809,630.",112.,123.,Hotel,Local,,
Jimbaran Villas,Bvlgari,DPSBG-00200796,06 Nov 2024,07 Feb 2025,07 Feb 2025,1.,"5,594,400.",0.,"2,797,200.","2,797,200.",24.,27.,Hotel,Local,,
Kevala Keramik Bali,KKB,,06 Nov 2024,,,,"176,143,680.",,,,0.,0.,Umum,,,
Kevala Keramik Bali,KKB,,07 Nov 2024,,,,"142,197,660.",,,,0.,0.,Umum,,,
Kevala Keramik Bali,KKB,,06 Nov 2024,,,,"99,340,560.",,,,0.,0.,Umum,,,
Kevala Keramik Bali,KKB,,07 Nov 2024,,,,"207,112,680.",,,,0.,0.,Umum,,,
Kevala Keramik Bali,KKB,,08 Nov 2024,,,,"218,221,560.",,,,0.,0.,Umum,,,
Kevala Keramik Bali,KKB,,08 Nov 2024,,,,"159,413,760.",,,,0.,0.,Umum,,,
Kevala Keramik Bali,KKB,,12 Nov 2024,,,,"43,583,040.",,,,0.,0.,Umum,,,
"Dua Cahaya Anugrah, PT",W Hotel Bali Seminyak,,12 Nov 2024,,,1.,"932,400.",0.,"932,400.","932,400.",0.,0.,Hotel,,,
Kevala Keramik Bali,KKB,,12 Nov 2024,,,,"124,595,280.",,,,0.,0.,Umum,,,
Kevala Keramik Bali,KKB,,12 Nov 2024,,,,"73,846,080.",,,,0.,0.,Umum,,,
Pribadi Boga Utama,Buzo Restaurant/Salazon,,15 Nov 2024,,,1.,"6,926,400.",0.,0.,0.,0.,0.,Restaurant,,,
"Loka Neka Jaya, PT",Locavore NXT,18112024 (NXT),15 Nov 2024,04 Feb 2025,04 Feb 2025,1.,"10,545,000.",0.,"5,272,500.","5,272,500.",50.,55.,Restaurant,Local,,
"CPRC (Maldives) Pvt, Ltd (Ritz Carlton Maldives)",Ritz Carlton Maldives,RCPO2400769,15 Nov 2024,14 Mar 2025,14 Mar 2025,"15,840.",375.,0.,187.5,187.5,15.,17.,Hotel,Export,,
Pahdi Alam Sejahtera,Pahdi,-,15 Nov 2024,28 Feb 2025,28 Feb 2025,1.,"255,854,722.",0.,"127,927,361.","127,927,361.",882.,970.,Restaurant,Local,,
Bali Bounty,Kudeta,,15 Nov 2024,,,1.,"2,830,500.",0.,"1,415,250.","1,415,250.",0.,0.,Restaurant,,,
Badan Canggu International,Regent Canggu,19256,15 Nov 2024,29 Jan 2025,,1.,"4,212,450.",0.,0.,0.,15.,0.,Hotel,Local,,
"CPRC (Maldives) Pvt, Ltd (Ritz Carlton Maldives)",Ritz Carlton Maldives,RCPO24007877,18 Nov 2024,14 Mar 2025,,"15,840.",825.,0.,412.5,412.5,110.,0.,Hotel,Export,,
"CPRC (Maldives) Pvt, Ltd (Ritz Carlton Maldives)",Ritz Carlton Maldives,RCPO24007622,18 Nov 2024,14 Mar 2025,14 Mar 2025,"15,840.",950.,0.,475.,475.,100.,110.,Hotel,Export,,
Permadani Khatulistiwa Nusantara,St Regis Hotel Jakarta,,19 Nov 2024,,,,"1,492,950.",,,,0.,0.,Hotel,,,
Kevala Keramik Bali,KKB,,20 Nov 2024,,,1.,"34,450,000.",0.,"34,450,000.","34,450,000.",0.,0.,Umum,,,
Bali Perkasa Sukses,Indigo Bali,,20 Nov 2024,,,1.,"11,100,000.",0.,"5,550,000.","5,550,000.",0.,0.,Hotel,,,
Naughty Nuris Sanur,Naughty Nuris Sanur,,20 Nov 2024,,,1.,"5,772,000.",0.,"2,886,000.","2,886,000.",0.,0.,Restaurant,,,
Jimbaran Greenhill,Raffles Bali,PO202411-11632,20 Nov 2024,30 Jan 2025,23 Jan 2025,1.,"4,928,400.",0.,0.,0.,24.,26.,Hotel,Local,,
Riviera Bistro,Riviera Pererenan / CLANDESTINO FOOD GROUP,,14 Nov 2024,,,1.,"1,864,800.",0.,"1,864,800.","1,864,800.",0.,0.,Restaurant,,,
Badan Canggu International,Regent Canggu,21223,22 Nov 2024,10 Jan 2025,07 Jan 2025,1.,"5,994,000.",0.,"2,997,000.","2,997,000.",20.,22.,Hotel,Local,,
Kevala Keramik Bali,KKB,,21 Nov 2024,,,,"133,026,840.",,,,0.,0.,Umum,,,
Kevala Keramik Bali,KKB,,21 Nov 2024,,,,"75,124,800.",,,,0.,0.,Umum,,,
Graha Alam Lestari,The Apurva Kempinski Bali,HW-180126,22 Nov 2024,10 Jan 2025,09 Jan 2025,1.,"12,843,810.",0.,0.,0.,95.,104.,Hotel,Local,,
The Oberoi Beach Resort Bali,Oberoi Beach,35531,22 Nov 2024,17 Feb 2025,25 Feb 2025,1.,"128,010,750.",0.,"64,005,375.","64,005,375.",635.,699.,Hotel,Local,,
Boa Development,Nihi Rote,122414-1,12 Dec 2024,20 Feb 2025,20 Feb 2025,1.,"50,443,950.",0.,"25,221,975.","25,221,975.",186.,205.,Hotel,Local,,
Monokuro,Monokuro,-,26 Nov 2024,30 Jan 2025,27 Jan 2025,1.,"17,815,500.",0.,"9,907,750.","9,907,750.",102.,112.,Restaurant,Local,,
Four Season Resort Maldives,Four Season Maldives,MLG0090874,26 Nov 2024,01 Feb 2025,24 Jan 2025,"15,805.","1,290.",0.,"1,290.","1,290.",100.,110.,Hotel,Export,,
Brett Hospitality Group,Mason Uluwatu,,26 Nov 2024,,,,"2,497,500.",,,,0.,0.,Restaurant,,,
Beyond Bamboo (Six Senses London),Six Senses London,00056,02 Apr 2024,01 Mar 2025,01 Feb 2025,"15,707.","21,791.",0.,"11,458.","11,458.","1,628.","1,791.",Hotel,Export,,
Beyond Bamboo (Six Senses London),Six Senses London,00196,28 Nov 2024,01 Mar 2025,20 Feb 2025,"15,800.",936.,0.,0.,0.,68.,75.,Hotel,Export,,
Bokashi Berawa,Bokashi Berawa,-,29 Nov 2024,29 Jan 2025,,1.,"9,490,500.",0.,"4,745,250.","4,745,250.",90.,0.,Restaurant,Local,,
Citra Jimbaran Indah Hotel,Intercontinental Bali Resort,,29 Nov 2024,,,1.,"8,658,000.",0.,"4,329,000.","4,329,000.",0.,0.,Hotel,,,
Bumi Canggu Nusantara,Motel Mexicola Canggu,31224,29 Nov 2024,27 Jan 2025,24 Jan 2025,1.,"15,195,900.",0.,"15,195,900.","15,195,900.",80.,88.,Restaurant,Local,,
Bali Meraki,Trio Rukun Sejahtera,-,02 Dec 2024,27 Jan 2025,28 Jan 2025,1.,"35,070,450.",0.,"17,535,225.","17,535,225.",132.,145.,Restaurant,Local,,
Nativa Graha Saji,Billy Ho,-,02 Dec 2024,14 Jan 2025,13 Jan 2025,1.,"8,652,450.",0.,"4,326,225.","4,326,225.",67.,73.,Restaurant,Local,,
Dapur Asian Lokal,Honey and Smoke Restaurant,,03 Dec 2024,,,1.,"11,821,500.",0.,0.,0.,0.,0.,Restaurant,,,
Paul McAllister,Paul McAllister,,03 Dec 2024,,,"16,249.",228.,0.,0.,0.,0.,0.,Personal,,,
Anaamaya Resort Seminyak,Alila Seminyak,PO00113201,04 Dec 2024,06 Jan 2025,06 Jan 2025,1.,"2,775,000.",0.,"1,387,500.","1,387,500.",50.,55.,Hotel,Local,,
Hiyoko 2.0 Jakarta,Hiyoko 2.0,-,05 Dec 2024,31 Jan 2025,31 Jan 2025,1.,"19,247,400.",0.,"9,623,700.","9,623,700.",108.,119.,Restaurant,Local,,
PT Autogrill Services Indonesia,Wolf Gang Puck,PO-BMker/6948/12/WGP-ASI/2024,05 Dec 2024,14 Mar 2025,17 Apr 2025,1.,"155,011,500.",0.,"77,505,750.","77,505,750.",830.,913.,Restaurant,Local,,
Selera Dapur Sedap,Jin Joo,PO202411270001,09 Dec 2024,31 Jan 2025,29 Jan 2025,1.,"18,514,800.",0.,"9,257,400.","9,257,400.",72.,79.,Restaurant,Local,,
Bali Bounty,Kudeta,-,09 Dec 2024,04 Feb 2025,05 Feb 2025,1.,"6,993,000.",0.,"3,496,500.","3,496,500.",30.,33.,Restaurant,Local,,
Bali Bounty,Kudeta,-,09 Dec 2024,17 Feb 2025,18 Feb 2025,1.,"4,329,000.",0.,"2,164,500.","2,164,500.",30.,33.,Restaurant,Local,,
Cahaya Warna Prima,Six Sense Uluwatu,202412-26193,09 Dec 2024,04 Mar 2025,21 Apr 2025,1.,"177,156,000.",0.,"88,578,000.","88,578,000.",800.,880.,Hotel,Local,,
Handara Golf & Resort Bali,Sarana Buana Handara,-,10 Dec 2024,28 Feb 2025,28 Feb 2025,1.,"248,684,400.",0.,"124,342,200.","124,342,200.",888.,977.,Hotel,Local,,
Revolver Cinta kopi,Revolver,-,11 Dec 2024,31 Jan 2025,31 Jan 2025,1.,"22,444,200.",0.,"11,222,100.","11,222,100.",87.,96.,Restaurant,Local,,
Samabe Luxury Resort,Samabe Luxury Resort,-,11 Dec 2024,28 Feb 2025,28 Feb 2025,1.,"17,582,400.",0.,"8,791,200.","8,791,200.",45.,50.,Hotel,Local,,
Keraton At The Plaza,Plaza Indonesia Mandiri,Sample,12 Dec 2024,20 Jan 2025,,1.,"2,109,000.",0.,"1,054,500.","1,054,500.",5.,0.,Hotel,Local,,
Boa Development,Nihi Rote,PO122414-2,12 Dec 2024,26 Feb 2025,14 Feb 2025,1.,"10,656,000.",0.,"5,328,000.","5,328,000.",70.,77.,Hotel,Local,,
Belmond Jimbaran Puri Bali,Bali Resort & Leisure,PTBA-PO-064715,16 Dec 2024,25 Feb 2025,25 Feb 2025,1.,"53,124,600.",0.,"53,124,600.","53,124,600.",265.,291.,Hotel,Local,,
Renarte General Trading LLC,Renarte,2024-2279,16 Dec 2024,01 Feb 2025,01 Feb 2025,"16,320.",984.,0.,984.,984.,48.,53.,Agent,Export,,
Bali Perkasa Sukses,Indigo Bali,,16 Dec 2024,,,1.,"2,575,200.",0.,"2,575,200.","2,575,200.",0.,0.,Hotel,,,
Badan Canggu International,Regent Canggu,22193,17 Dec 2024,31 Mar 2025,27 Mar 2025,1.,"73,482,000.",0.,"36,741,000.","36,741,000.",190.,209.,Hotel,Local,,
Tanjung Benoa Indonesia,Holiday in Benoa,11620,17 Dec 2024,28 Feb 2025,28 Feb 2025,1.,"46,553,400.",0.,"23,276,700.","23,276,700.",216.,238.,Hotel,Local,,
Tanjung Benoa Indonesia,Holiday in Benoa,11651,17 Dec 2024,28 Feb 2025,28 Feb 2025,1.,"29,992,200.",0.,"14,996,100.","14,996,100.",236.,260.,Hotel,Local,,
Tanjung Benoa Indonesia,Holiday in Benoa,7981,17 Dec 2024,22 Jan 2025,21 Jan 2025,1.,"1,248,750.",0.,0.,0.,15.,17.,Hotel,Local,,
Shelter Indonesia Group,Shelter Pererenan,,18 Dec 2024,,,1.,"8,325,000.",0.,0.,0.,0.,0.,Restaurant,,,
Hilton London (Smeeta),Smeeta,-,18 Dec 2024,07 Mar 2025,07 Mar 2025,"16,320.","4,305.",0.,"2,252.5","2,252.5",380.,418.,Hotel,Export,,
"SSP Taurus Gemilang Indonesia, PT",Revolver Inter/Domestik,-,17 Dec 2024,13 Jan 2025,13 Jan 2025,1.,"9,990,000.",0.,"4,995,000.","4,995,000.",36.,40.,Restaurant,Local,,
"SSP Taurus Gemilang Indonesia, PT",Revolver Inter/Domestik,-,17 Dec 2024,13 Jan 2025,13 Jan 2025,1.,"13,320,000.",0.,"6,660,000.","6,660,000.",48.,53.,Restaurant,Local,,
Leisure Oceans Private Limited (Six Sense Kanuhura),Six Sense Kanuhura,K202412-04717,19 Dec 2024,14 Mar 2025,20 Feb 2025,"16,320.","1,885.",0.,942.5,942.5,200.,220.,Hotel,Local,,
Pacific Resorts Buana Indonesia,St Regis Bali,-,19 Dec 2024,04 Mar 2025,28 Feb 2025,1.,"77,700,000.",0.,"38,850,000.","38,850,000.",480.,528.,Hotel,Local,,
Boa Development,Nihi Rote,122440-1,19 Dec 2024,28 Feb 2025,28 Feb 2025,1.,"42,107,850.",0.,"21,053,925.","21,053,925.",176.,194.,Hotel,Local,,
Boa Development,Nihi Rote,112440-2,19 Dec 2024,28 Feb 2025,20 Feb 2025,1.,"5,328,000.",0.,"2,664,000.","2,664,000.",35.,39.,Hotel,Local,,
Waldorf Astoria Maldives Ithaa Fushi,Waldorf Astoria,MLEON59328,20 Dec 2024,14 Mar 2025,20 Feb 2025,"16,320.","16,602.21",0.,"8,301.1","8,301.1","1,639.","1,803.",Hotel,Export,,
W Hotel Maldives,W Hotel Maldives,01-2024,19 Dec 2024,17 Feb 2025,17 Feb 2025,"16,320.","11,732.5",0.,"2,346.5","2,346.5",780.,858.,Hotel,Export,,
Gio's Private Villa Canggu,Gio's Private Villa Canggu,-,20 Dec 2024,28 Feb 2025,28 Feb 2025,1.,"55,144,800.",0.,"27,572,400.","27,572,400.",264.,290.,Hotel,Local,,
Hotel Permata Hijau,Hotel Permata Hijau,-,20 Dec 2024,10 Feb 2025,11 Feb 2025,1.,"85,914,000.",0.,"85,914,000.","85,914,000.",360.,396.,Hotel,Local,,
Ungasan Semesta Resort,QQ Siti Agung Makmur (LXR),DPSOL2413288,23 Dec 2024,15 Mar 2025,05 Mar 2025,1.,"18,927,720.",0.,"9,463,860.","9,463,860.",96.,106.,Hotel,Local,,
Intercontinental Bandung Dago,Hotel Dago Pakar,74635,23 Dec 2024,17 Feb 2025,18 Feb 2025,1.,"6,449,100.",0.,"3,224,550.","3,224,550.",25.,27.,Hotel,Local,,
Intercontinental Bandung Dago,Hotel Dago Pakar,74639,23 Dec 2024,17 Feb 2025,19 Feb 2025,1.,"6,737,700.",0.,"3,368,850.","3,368,850.",71.,78.,Hotel,Local,,
Original Vision (Antigua) Ltd,Giuseppe Tulumello Architect (Sandy Toes),,24 Dec 2024,,,,"35,123.4",,,,0.,0.,Umum,,,
Brett Hospitality Group,Mason Uluwatu,PO-40911,26 Dec 2024,31 Jan 2025,31 Jan 2025,1.,"34,410,000.",0.,"17,205,000.","17,205,000.",200.,220.,Restaurant,Local,,
Nusadua Graha International,The Westin Resort Nusa Dua,1DSLV00115616,26 Dec 2024,04 Mar 2025,12 Mar 2025,1.,"17,715,600.",0.,"8,857,800.","8,857,800.",72.,79.,Hotel,Local,,
Karang Mas Sejahtera,Ayana Hospitality,2024164203 Ayana Bali SPA,26 Dec 2024,28 Feb 2025,28 Feb 2025,1.,"5,594,400.",0.,0.,0.,24.,26.,Hotel,Local,,
DOPA,DOPA,,26 Dec 2024,,,"16,249.",26.5,26.5,26.5,0.,0.,0.,Restaurant,,,
Tabula Rasa,Swe Development Lombok,,26 Dec 2024,,,1.,"5,106,000.","5,106,000.","5,106,000.",0.,0.,0.,Hotel,,,
"Citra Kirana Pantai, PT",Swissotel Jakarta PIK Avenue,PO202412-26550,26 Dec 2024,15 Mar 2025,14 Mar 2025,1.,"28,083,000.","3,085,800.","14,041,500.","10,955,700.",200.,220.,Hotel,Local,,
"Citra Kirana Pantai, PT",Swissotel Jakarta PIK Avenue,PO202412-26551,26 Dec 2024,15 Mar 2025,14 Feb 2025,1.,"17,094,000.","1,986,900.","8,547,000.","6,560,100.",40.,44.,Hotel,Local,,
Amanda Arumdhani,Four Season Sayan,UBU0148191,27 Dec 2024,15 Mar 2025,11 Apr 2025,1.,"27,472,500.",0.,"13,736,250.","13,736,250.",150.,165.,Hotel,Local,,
Badan Canggu International,Regent Canggu,22877,30 Dec 2024,16 May 2025,20 May 2025,1.,"28,871,100.",0.,"14,435,550.","14,435,550.",144.,158.,Hotel,Local,,
Duta Jaya Perkasa,Jumeirah Bali,,30 Dec 2024,,,1.,"610,500.",0.,"610,500.","610,500.",0.,0.,Hotel,,,
Hotel Pandan Arum,Maya Ubud,P241225003,31 Dec 2024,01 Mar 2025,07 Mar 2025,1.,"16,924,725.",0.,"8,462,385.","8,462,385.",150.,165.,Hotel,Local,,
Badan Canggu International,Regent Canggu,Sazon 22869,02 Jan 2025,31 Mar 2025,30 Apr 2025,1.,"348,823,050.",0.,"174,411,525.","174,411,525.","1,463.","1,609.",Hotel,Local,,
"Kopi Bar Sela, PT",Chella Uluwatu,,02 Jan 2025,,,1.,"5,061,600.","1,010,100.","2,530,800.","1,520,700.",0.,0.,Restaurant,,,
Hotel Pandan Arum,Maya Ubud,P241225004,31 Dec 2024,01 Mar 2025,07 Mar 2025,1.,"33,966,000.",0.,"16,983,000.","16,983,000.",120.,132.,Hotel,Local,,
Zi Biru,Zi Biru,-,31 Dec 2024,03 Mar 2025,10 Mar 2025,1.,"7,215,000.",0.,"3,607,500.","3,607,500.",50.,55.,Restaurant,Local,,
Awahita Indonesia Putra,Capella Ubud,22146-217/2,31 Dec 2024,15 Mar 2025,07 Mar 2025,1.,"7,592,400.",0.,"3,796,200.","3,796,200.",24.,26.,Hotel,Local,,
Citra Jimbaran Indah Hotel,Intercontinental Bali Resort,58066,03 Jan 2025,31 Mar 2025,06 Mar 2025,1.,"26,640,000.",0.,"13,320,000.","13,320,000.",100.,110.,Hotel,Local,,
Abirupa Nusa Cipta,Tejaprana Bisma,P241226002,03 Jan 2025,31 Mar 2025,21 Apr 2025,1.,"44,666,400.",0.,"22,333,200.","22,333,200.",356.,392.,Hotel,Local,,
Indonesia Adventure Sport,Nihi Sumba,PO202412-12582,03 Jan 2025,24 Mar 2025,24 Mar 2025,1.,"7,770,000.",0.,"3,885,000.","3,885,000.",25.,28.,Hotel,Local,,
Original Vision (Antigua) Ltd,Giuseppe Tulumello Architect (Sandy Toes),-,24 Dec 2024,14 Apr 2025,15 Jun 2025,"16,249.","33,399.99","15,745.95","15,745.95",0.,"2,125.","2,338.",Umum,Export,,
Nativa Graha Saji,Billy Ho,,08 Jan 2025,,,1.,"5,106,000.",0.,0.,0.,0.,0.,Restaurant,,,
Fairmont Jakarta - PT Senayan Trikarya Sempana,Fairmont Jakarta,PO2501-00788,09 Jan 2025,15 Mar 2025,07 Apr 2025,1.,"185,703,000.",0.,"92,851,500.","92,851,500.",820.,902.,Hotel,Local,,
Original Vision (Antigua) Ltd,Giuseppe Tulumello Architect (Sandy Toes),-,10 Jan 2025,07 Jan 2025,28 Jan 2025,,"1,399.95",,,,8.,0.,Umum,Export,,
"Indoguna Utama, PT",Indoguna Utama,#PO21491,10 Jan 2025,31 Mar 2025,18 Mar 2025,1.,"27,944,250.",0.,"13,972,125.","13,972,125.",50.,55.,Restaurant,Local,,
"Pasar Tani Indoguna, CV",Pasar Tani Indoguna,PO21492,10 Jan 2025,31 Mar 2025,18 Mar 2025,1.,"11,177,700.",0.,"5,588,850.","5,588,850.",20.,22.,Umum,Local,,
"Pasar Tani Indoguna, CV",Pasar Tani Indoguna,PO21493,10 Jan 2025,31 Mar 2025,18 Mar 2025,1.,"11,177,700.",0.,"5,588,850.","5,588,850.",20.,22.,Umum,Local,,
"Palembang Boga Utama, CV",Palembang Boga Utama,PO21494,10 Jan 2025,31 Mar 2025,18 Mar 2025,1.,"11,177,700.",0.,"5,588,850.","5,588,850.",20.,22.,Restaurant,Local,,
"Bandung Boga Utama, CV",Bandung Boga Utama,PO21495,10 Jan 2025,31 Mar 2025,18 Mar 2025,1.,"11,177,700.",0.,"5,588,850.","5,588,850.",20.,22.,Restaurant,Local,,
"Cipaku Boga Utama, CV",Cipaku Boga Utama,PO21496,10 Jan 2025,31 Mar 2025,18 Mar 2025,1.,"22,355,400.",0.,"11,177,700.","11,177,700.",40.,44.,Restaurant,Local,,
"Surabaya Boga, CV",Surabaya Boga,PO21497,10 Jan 2025,31 Mar 2025,18 Mar 2025,1.,"11,177,700.",0.,"5,588,850.","5,588,850.",20.,22.,Restaurant,Local,,
"Bali Boga Utama, CV",Bali Boga Utama,PO21498,10 Jan 2025,31 Mar 2025,18 Mar 2025,1.,"11,177,700.",0.,"5,588,850.","5,588,850.",20.,22.,Restaurant,Local,,
"Makasar Boga Utama, CV",Makasar Boga Utama,PO21499,10 Jan 2025,31 Mar 2025,18 Mar 2025,1.,"11,177,700.",0.,"5,588,850.","5,588,850.",20.,22.,Restaurant,Local,,
"Balikpapan Boga Utama, CV",Balikpapan Boga Utama,PO21500,10 Jan 2025,31 Mar 2025,26 Feb 2025,1.,"11,177,700.",0.,"5,588,850.","5,588,850.",20.,22.,Umum,Local,,
32Do Bali Restaurant,32Do Bali Restaurant,,13 Jan 2025,,,1.,"7,770,000.",0.,0.,0.,0.,0.,Restaurant,,,
"Prima Adhitama International Development, PT",Ayana Midplaza Jakarta,2024167089,13 Jan 2025,03 Mar 2025,27 Feb 2025,1.,"7,770,000.",0.,"3,954,456.","3,954,456.",50.,55.,Hotel,Local,,
Bali Nusaintan,The Ritz Carlton Bali,,14 Jan 2025,,,,"1,981,350.",,,,0.,0.,Hotel,,,
Six Senses Con Dao,Six Senses Con Dao,04187,15 Jan 2025,31 Mar 2025,30 Apr 2025,"16,220.","5,611.",0.,"2,805.5","2,805.5",578.,636.,Hotel,Export,,
Indonesia Adventure Sport,Nihi Sumba,202501-00371,15 Jan 2025,31 Mar 2025,21 Mar 2025,1.,"27,972,000.",0.,"13,986,000.","13,986,000.",120.,132.,Hotel,Local,,
Bali Radiance,Bali Radiance,13483,15 Jan 2025,28 Feb 2025,28 Feb 2025,1.,"43,956,000.",0.,"21,978,000.","21,978,000.",220.,242.,Hotel,Local,,
Japa Putra Wijaka,Japa Ubud,-,16 Jan 2025,30 Mar 2025,11 Apr 2025,1.,"118,326,000.",0.,"59,163,000.","59,163,000.",615.,677.,Hotel,Local,,
Dragonfly Villa,Dragonfly Villa,-,16 Jan 2025,31 Mar 2025,27 Mar 2025,1.,"44,661,960.","22,330,980.","22,330,980.",0.,240.,264.,Hotel,Local,,
Kevala Keramik Bali,KKB,,17 Jan 2025,,,,"100,752,480.",,,,0.,0.,Umum,,,
Kevala Keramik Bali,KKB,,17 Jan 2025,,,,"127,112,760.",,,,0.,0.,Umum,,,
Kevala Keramik Bali,KKB,,17 Jan 2025,,,,"124,675,200.",,,,0.,0.,Umum,,,
Kevala Keramik Bali,KKB,,17 Jan 2025,,,,"28,238,400.",,,,0.,0.,Umum,,,
Riviera Bistro,Riviera Pererenan / CLANDESTINO FOOD GROUP,-,21 Jan 2025,20 Mar 2025,19 Mar 2025,1.,"13,997,100.",0.,"6,998,550.","6,998,550.",74.,80.,Restaurant,Local,,
Harmoni Cakrawala Bali,Mandarin Oriental Bali,,21 Jan 2025,,,1.,"1,154,400.",0.,0.,0.,0.,0.,Hotel,,,
AL GHALIA W.L.L,Jihad,-,14 Jan 2025,15 Feb 2025,15 Feb 2025,"16,220.","28,044.36",0.,"14,022.21","14,022.21","1,761.","1,937.",Agent,Export,,
Harmoni Cakrawala Bali,Mandarin Oriental Bali,095/HCB/I/2025,21 Jan 2025,10 Feb 2025,10 Feb 2025,1.,"26,356,950.",0.,0.,0.,159.,175.,Hotel,Local,,
Greek Restaurant in Uluwatu,Greek Restaurant,-,21 Jan 2025,21 Apr 2025,30 Apr 2025,1.,"362,210,205.",0.,"181,674,532.","181,674,532.","1,755.","1,931.",Restaurant,Local,,
Karang Mas Sejahtera,Ayana Hospitality,2025008470,23 Jan 2025,31 Mar 2025,27 Mar 2025,1.,"699,980,852.",0.,"349,990,426.","349,990,426.","3,955.","4,351.",Hotel,Local,,
"Kopi Bar Sela, PT",Chella Uluwatu,422024,23 Jan 2025,01 Apr 2025,24 Jun 2025,1.,"221,850,150.",0.,"110,925,075.","110,925,075.","1,160.","1,276.",Restaurant,Local,,
Riviera Bistro,Riviera Pererenan / CLANDESTINO FOOD GROUP,-,23 Jan 2025,21 Apr 2025,26 Mar 2025,1.,"6,726,600.",0.,"3,363,300.","3,363,300.",60.,66.,Restaurant,Local,,
,,,,,,,,,,,,,,,,
