Date,Company_Name,Brand_Name,Symbol Currency,Sub Total,VAT Amount,Total,Customer_Category,Trade_Type,Status,
13 Jan 2025,32Do Bali Restaurant,32Do Bali Restaurant,Rp,"7,000,000.","770,000.","7,770,000.",Restaurant,Local,Menunggu diproses,
14 Jan 2025,AL GHALIA W.L.L,Jihad,$,"28,927.56",0.,"28,927.56",Agent,Export,Terproses,
17 Feb 2025,ALT 74,ALT 74,Rp,"22,500,000.","2,475,000.","24,975,000.",Hotel,Local,Terproses,
20 Jun 2024,ASL UK Ltd,Six Senses London - Link,$,"15,015.",0.,"15,015.",Hotel,Export,Terproses,
06 Jan 2025,Abirupa Nusa Cipta,Tejaprana Bisma,Rp,"40,240,000.","4,426,400.","44,666,400.",Hotel,Local,Terproses,
13 Jun 2024,Ali Bey Malidives Pvt. Ltd. (Joali Muravandhoo),Joali Muravandhoo,$,"7,686.",0.,"7,686.",Hotel,Export,Terproses,
26 Jan 2024,Amanda Arumdhani,Four Season Sayan,Rp,"264,275,000.","29,070,250.","293,345,250.",Hotel,Local,Terproses,
27 Mar 2024,Amanda Arumdhani,Four Season Sayan,Rp,"24,640,000.","2,710,400.","27,350,400.",Hotel,Local,Terproses,
16 May 2024,Amanda Arumdhani,Four Season Sayan,Rp,"184,010,000.","20,241,100.","204,251,100.",Hotel,Local,Terproses,
30 Sep 2024,Amanda Arumdhani,Four Season Sayan,Rp,"39,240,000.","4,316,400.","43,556,400.",Hotel,Local,Terproses,
30 Sep 2024,Amanda Arumdhani,Four Season Sayan,Rp,"45,970,000.","5,056,700.","51,026,700.",Hotel,Local,Terproses,
31 Dec 2024,Amanda Arumdhani,Four Season Sayan,Rp,"24,750,000.","2,722,500.","27,472,500.",Hotel,Local,Terproses,
27 Feb 2025,Amanda Arumdhani,Four Season Sayan,Rp,"53,540,000.","5,889,400.","59,429,400.",Hotel,Local,Terproses,
01 Nov 2024,Amarterra Villa Nusa Dua,Amarterra Villa,Rp,"30,534,000.","3,358,740.","33,892,740.",Hotel,Local,Terproses,
14 Mar 2024,Anaamaya Resort Seminyak,Alila Seminyak,Rp,"36,205,000.","3,982,550.","40,187,550.",Hotel,Local,Terproses,
14 Mar 2024,Anaamaya Resort Seminyak,Alila Seminyak,Rp,"142,600,000.","15,686,000.","158,286,000.",Hotel,Local,Sebagian diproses,
14 Mar 2024,Anaamaya Resort Seminyak,Alila Seminyak,Rp,"220,250,000.","24,227,500.","244,477,500.",Hotel,Local,Terproses,
22 Apr 2024,Anaamaya Resort Seminyak,Alila Seminyak,Rp,"4,300,000.","473,000.","4,773,000.",Hotel,Local,Terproses,
05 Sep 2024,Anaamaya Resort Seminyak,Alila Seminyak,Rp,"1,980,000.","217,800.","2,197,800.",Hotel,Local,Terproses,
04 Dec 2024,Anaamaya Resort Seminyak,Alila Seminyak,Rp,"2,500,000.","275,000.","2,775,000.",Hotel,Local,Terproses,
10 Feb 2025,Anaamaya Resort Seminyak,Alila Seminyak,Rp,"2,760,000.","303,600.","3,063,600.",Hotel,Local,Terproses,
13 Feb 2025,Anaamaya Resort Seminyak,Alila Seminyak,Rp,"53,875,000.","5,926,250.","59,801,250.",Hotel,Local,Terproses,
17 Mar 2025,Anaamaya Resort Seminyak,Alila Seminyak,Rp,"5,000,000.","550,000.","5,550,000.",Hotel,Local,Terproses,
11 Jul 2024,Anna Kersova,Anna Kersova,$,"15,095.4",0.,"15,095.4",Personal,Export,Terproses,
08 Feb 2024,Artisan Kuliner Indonesia,Artisan,Rp,"48,600,000.","5,346,000.","53,946,000.",Restaurant,Local,Terproses,
25 Mar 2025,"Artisan Kuliner Indonesia, PT",Bakerman,Rp,"57,290,000.","6,301,900.","63,591,900.",Restaurant,Local,Terproses,
26 Jul 2024,Arya Sumba Resort,Arya Sumba Resort,Rp,"38,640,000.","4,250,400.","42,890,400.",Hotel,Local,Terproses,
17 Jun 2024,Awahita Indonesia Putra,Capella Ubud,Rp,"5,750,000.","632,500.","6,382,500.",Hotel,Local,Terproses,
29 Oct 2024,Awahita Indonesia Putra,Capella Ubud,Rp,"10,022,500.","1,102,475.","11,124,975.",Hotel,Local,Terproses,
29 Oct 2024,Awahita Indonesia Putra,Capella Ubud,Rp,"30,400,000.","3,344,000.","33,744,000.",Hotel,Local,Terproses,
03 Jan 2025,Awahita Indonesia Putra,Capella Ubud,Rp,"6,840,000.","752,400.","7,592,400.",Hotel,Local,Terproses,
05 Mar 2024,Badan Canggu International,Regent Canggu,Rp,"1,151,987,200.","126,718,592.","1,278,705,792.",Hotel,Local,Terproses,
25 Jun 2024,Badan Canggu International,Regent Canggu,Rp,"159,637,500.","17,560,125.","177,197,625.",Hotel,Local,Terproses,
25 Jun 2024,Badan Canggu International,Regent Canggu,Rp,"189,337,500.","20,827,125.","210,164,625.",Hotel,Local,Terproses,
16 Jul 2024,Badan Canggu International,Regent Canggu,Rp,"284,359,000.","31,279,490.","315,638,490.",Hotel,Local,Terproses,
16 Jul 2024,Badan Canggu International,Regent Canggu,Rp,"195,083,500.","21,459,185.","216,542,685.",Hotel,Local,Terproses,
21 Aug 2024,Badan Canggu International,Regent Canggu,Rp,"300,240,000.","33,026,400.","333,266,400.",Hotel,Local,Terproses,
14 Oct 2024,Badan Canggu International,Regent Canggu,Rp,"35,604,000.","3,916,440.","39,520,440.",Hotel,Local,Terproses,
18 Nov 2024,Badan Canggu International,Regent Canggu,Rp,"3,795,000.","417,450.","4,212,450.",Hotel,Local,Terproses,
22 Nov 2024,Badan Canggu International,Regent Canggu,Rp,"5,400,000.","594,000.","5,994,000.",Hotel,Local,Terproses,
17 Dec 2024,Badan Canggu International,Regent Canggu,Rp,"66,200,000.","7,282,000.","73,482,000.",Hotel,Local,Terproses,
31 Dec 2024,Badan Canggu International,Regent Canggu,Rp,"26,010,000.","2,861,100.","28,871,100.",Hotel,Local,Terproses,
02 Jan 2025,Badan Canggu International,Regent Canggu,Rp,"314,255,000.","34,568,050.","348,823,050.",Hotel,Local,Terproses,
29 May 2024,"Baguio Mountainscapes, Inc.",Filinvest 2,$,48.,0.,48.,Agent,Export,Menunggu diproses,
19 Feb 2024,Balcony,Balcony,Rp,"76,418,000.","8,405,980.","84,823,980.",Restaurant,Local,Terproses,
17 Mar 2025,Bale Gelumpang Lestari,Bali Asli Restaurant,Rp,"15,525,000.","1,707,750.","17,232,750.",Restaurant,Local,Sebagian diproses,
13 Jan 2025,"Bali Boga Utama, CV",Bali Boga Utama,Rp,"10,070,000.","1,107,700.","11,177,700.",Restaurant,Umum,Terproses,
30 Jan 2025,"Bali Boga Utama, CV",Bali Boga Utama,Rp,"38,772,000.","4,264,920.","43,036,920.",Restaurant,Umum,Terproses,
09 May 2024,Bali Bounty,Kudeta,Rp,"29,070,000.","3,197,700.","32,267,700.",Restaurant,Local,Terproses,
23 Jul 2024,Bali Bounty,Kudeta,Rp,"15,200,000.","1,672,000.","16,872,000.",Restaurant,Local,Terproses,
08 Oct 2024,Bali Bounty,Kudeta,Rp,"24,700,000.","2,717,000.","27,417,000.",Restaurant,Local,Terproses,
18 Nov 2024,Bali Bounty,Kudeta,Rp,"2,550,000.","280,500.","2,830,500.",Restaurant,Local,Terproses,
09 Dec 2024,Bali Bounty,Kudeta,Rp,"6,300,000.","693,000.","6,993,000.",Restaurant,Local,Terproses,
09 Dec 2024,Bali Bounty,Kudeta,Rp,"3,900,000.","429,000.","4,329,000.",Restaurant,Local,Terproses,
13 Jun 2024,Bali Droom Villas,Joyce and Ralph Van Rooten,Rp,"128,782,000.","14,166,020.","142,948,020.",Hotel,Local,Terproses,
04 Apr 2024,Bali General Supply,BGS,Rp,"5,520,000.","607,200.","6,127,200.",Restaurant,Local,Terproses,
09 Jul 2024,Bali General Supply,BGS,Rp,"3,600,000.","396,000.","3,996,000.",Restaurant,Local,Terproses,
02 Jan 2025,Bali General Supply,BGS,Rp,"235,000.","25,850.","260,850.",Restaurant,Local,Menunggu diproses,
13 Mar 2025,Bali General Supply,BGS,Rp,"3,525,000.","387,750.","3,912,750.",Restaurant,Local,Terproses,
05 Sep 2024,Bali Giri Kencana,Four Season Resort Jimbaran Bay,Rp,"99,040,000.","10,894,400.","109,934,400.",Hotel,Local,Terproses,
02 Oct 2024,Bali Giri Kencana,Four Season Resort Jimbaran Bay,Rp,"43,500,000.","4,785,000.","48,285,000.",Hotel,Local,Terproses,
03 Oct 2024,Bali Giri Kencana,Four Season Resort Jimbaran Bay,Rp,"18,250,000.","2,007,500.","20,257,500.",Hotel,Local,Terproses,
02 Dec 2024,Bali Meraki,Trio Rukun Sejahtera,Rp,"31,595,000.","3,475,450.","35,070,450.",Restaurant,Local,Terproses,
23 Feb 2024,Bali Perkasa Sukses,Indigo Bali,Rp,"8,400,000.","924,000.","9,324,000.",Hotel,Local,Terproses,
26 Feb 2024,Bali Perkasa Sukses,Indigo Bali,Rp,"63,500,000.","6,985,000.","70,485,000.",Hotel,Local,Sebagian diproses,
15 Aug 2024,Bali Perkasa Sukses,Indigo Bali,Rp,"87,240,000.","9,596,400.","96,836,400.",Hotel,Local,Terproses,
29 Nov 2024,Bali Perkasa Sukses,Indigo Bali,Rp,"10,000,000.","1,100,000.","11,100,000.",Hotel,Local,Terproses,
17 Dec 2024,Bali Perkasa Sukses,Indigo Bali,Rp,"2,320,000.","255,200.","2,575,200.",Hotel,Local,Terproses,
06 Feb 2025,Bali Perkasa Sukses,Indigo Bali,Rp,"7,500,000.","825,000.","8,325,000.",Hotel,Local,Terproses,
10 Feb 2025,Bali Perkasa Sukses,Indigo Bali,Rp,"15,670,000.","1,723,700.","17,393,700.",Hotel,Local,Terproses,
26 Mar 2025,Bali Perkasa Sukses,Indigo Bali,Rp,"4,800,000.","528,000.","5,328,000.",Hotel,Local,Terproses,
06 Mar 2024,Bali Radiance,Bali Radiance,Rp,"110,000,000.","12,100,000.","122,100,000.",Hotel,Local,Terproses,
22 Apr 2024,Bali Radiance,Bali Radiance,Rp,"41,200,000.","4,532,000.","45,732,000.",Hotel,Local,Terproses,
11 Jun 2024,Bali Radiance,Bali Radiance,Rp,"6,000,000.","660,000.","6,660,000.",Hotel,Local,Terproses,
26 Aug 2024,Bali Radiance,Bali Radiance,Rp,"18,000,000.","1,980,000.","19,980,000.",Hotel,Local,Terproses,
25 Oct 2024,Bali Radiance,Bali Radiance,Rp,"25,200,000.","2,772,000.","27,972,000.",Hotel,Local,Terproses,
30 Oct 2024,Bali Radiance,Bali Radiance,Rp,"2,800,000.","308,000.","3,108,000.",Hotel,Local,Terproses,
15 Jan 2025,Bali Radiance,Bali Radiance,Rp,"39,600,000.","4,356,000.","43,956,000.",Hotel,Local,Terproses,
27 Jan 2025,Bali Radiance,Bali Radiance,Rp,"46,800,000.","5,148,000.","51,948,000.",Hotel,Local,Terproses,
26 Feb 2025,Bali Radiance,Bali Radiance,Rp,"2,800,000.","308,000.","3,108,000.",Hotel,Local,Terproses,
19 Aug 2024,Bali Selaras Indah Sejati,The Cave,Rp,"3,350,000.","368,500.","3,718,500.",Restaurant,Local,Terproses,
16 Sep 2024,Bali Selaras Indah Sejati,The Edge,Rp,"15,200,000.","1,672,000.","16,872,000.",Restaurant,Local,Terproses,
13 Jan 2025,"Balikpapan Boga Utama, CV",Balikpapan Boga Utama,Rp,"10,070,000.","1,107,700.","11,177,700.",Umum,Umum,Terproses,
30 Jan 2025,"Balikpapan Boga Utama, CV",Balikpapan Boga Utama,Rp,"26,622,000.","2,928,420.","29,550,420.",Umum,Umum,Terproses,
19 Feb 2025,Bambootel Resort,Bambootel,Rp,"184,946,000.","20,344,060.","205,290,060.",Hotel,Local,Terproses,
26 Mar 2025,Bambootel Resort,Bambootel,Rp,"13,561,250.","1,491,738.","15,052,988.",Hotel,Local,Terproses,
13 Jan 2025,"Bandung Boga Utama, CV",Bandung Boga Utama,Rp,"10,070,000.","1,107,700.","11,177,700.",Restaurant,Umum,Terproses,
17 Jun 2024,"Bandung Pakar, PT",Indigo Bandung,Rp,"372,735,000.","41,000,850.","413,735,850.",Hotel,Local,Terproses,
03 Jul 2024,Barba Rossa Fraters,Rento - Babarossa,Rp,"20,475,000.","2,252,250.","22,727,250.",Restaurant,Local,Terproses,
04 Jan 2024,Batu Mejan Sukses Bersama Bali,La Brisa,Rp,"5,760,000.","633,600.","6,393,600.",Restaurant,Local,Sebagian diproses,
13 Feb 2024,Batu Mejan Sukses Bersama Bali,La Brisa,Rp,"4,560,000.","501,600.","5,061,600.",Restaurant,Local,Terproses,
04 Jun 2024,Batu Mejan Sukses Bersama Bali,La Brisa,Rp,"41,200,000.","4,532,000.","45,732,000.",Restaurant,Local,Terproses,
09 Sep 2024,Batu Mejan Sukses Bersama Bali,La Brisa,Rp,"15,000,000.","1,650,000.","16,650,000.",Restaurant,Local,Terproses,
16 Dec 2024,Belmond Jimbaran Puri Bali,Bali Resort & Leisure,Rp,"47,860,000.","5,264,600.","53,124,600.",Hotel,Local,Terproses,
02 Apr 2024,Beyond Bamboo (Six Senses London),Six Senses London,$,"21,791.",0.,"21,791.",Hotel,Export,Terproses,
18 Jul 2024,Beyond Bamboo (Six Senses London),Six Senses London,$,"1,651.",0.,"1,651.",Hotel,Export,Terproses,
29 Aug 2024,Beyond Bamboo (Six Senses London),Six Senses London,$,"7,597.",0.,"7,597.",Hotel,Export,Sebagian diproses,
14 Oct 2024,Beyond Bamboo (Six Senses London),Six Senses London,$,"3,105.",0.,"3,105.",Hotel,Export,Terproses,
28 Nov 2024,Beyond Bamboo (Six Senses London),Six Senses London,$,936.,0.,936.,Hotel,Export,Terproses,
13 Feb 2025,Beyond Bamboo (Six Senses London),Six Senses London,$,363.,0.,363.,Hotel,Export,Terproses,
17 Feb 2024,Bidadari Dunia - La Plancha,La Plancha Bali Sejahtera,Rp,"22,500,000.","2,475,000.","24,975,000.",Restaurant,Local,Terproses,
16 Jul 2024,Bidadari Dunia - La Plancha,La Plancha Bali Sejahtera,Rp,"34,500,000.","3,795,000.","38,295,000.",Restaurant,Local,Terproses,
21 Feb 2024,Boa Development,Nihi Rote,Rp,"35,950,000.","3,954,500.","39,904,500.",Hotel,Local,Terproses,
30 Jul 2024,Boa Development,Nihi Rote,Rp,"135,360,000.","14,889,600.","150,249,600.",Hotel,Local,Terproses,
25 Oct 2024,Boa Development,Nihi Rote,Rp,"39,050,000.","4,295,500.","43,345,500.",Hotel,Local,Terproses,
12 Dec 2024,Boa Development,Nihi Rote,Rp,"45,445,000.","4,998,950.","50,443,950.",Hotel,Local,Terproses,
12 Dec 2024,Boa Development,Nihi Rote,Rp,"9,600,000.","1,056,000.","10,656,000.",Hotel,Local,Terproses,
19 Dec 2024,Boa Development,Nihi Rote,Rp,"4,800,000.","528,000.","5,328,000.",Hotel,Local,Terproses,
19 Dec 2024,Boa Development,Nihi Rote,Rp,"37,935,000.","4,172,850.","42,107,850.",Hotel,Local,Terproses,
10 Jan 2024,Bokashi Berawa,Bokashi Berawa,Rp,"3,600,000.","396,000.","3,996,000.",Restaurant,Local,Sebagian diproses,
18 Apr 2024,Bokashi Berawa,Bokashi Berawa,Rp,"28,050,000.","3,085,500.","31,135,500.",Restaurant,Local,Terproses,
23 May 2024,Bokashi Berawa,Bokashi Berawa,Rp,"5,250,000.","577,500.","5,827,500.",Restaurant,Local,Terproses,
23 May 2024,Bokashi Berawa,Bokashi Berawa,Rp,"15,360,000.","1,689,600.","17,049,600.",Restaurant,Local,Terproses,
23 Jul 2024,Bokashi Berawa,Bokashi Berawa,Rp,"2,850,000.","313,500.","3,163,500.",Restaurant,Local,Terproses,
29 Nov 2024,Bokashi Berawa,Bokashi Berawa,Rp,"8,550,000.","940,500.","9,490,500.",Restaurant,Local,Terproses,
07 Mar 2025,Bokashi Berawa,Bokashi Berawa,Rp,"8,550,000.","940,500.","9,490,500.",Restaurant,Local,Terproses,
29 Oct 2024,Boma Beach Club,Boma Beach Club,$,"26,432.33",0.,"26,432.33",Restaurant,Local,Terproses,
28 Jan 2025,Boma Beach Club,Boma Beach Club,$,670.,0.,670.,Restaurant,Local,Terproses,
06 Mar 2024,Brett Hospitality Group,Mason Pererenan Barvera,Rp,"19,360,000.","2,129,600.","21,489,600.",Restaurant,Local,Sebagian diproses,
23 May 2024,Brett Hospitality Group,Mason Uluwatu,Rp,"20,040,000.","2,204,400.","22,244,400.",Restaurant,Local,Menunggu diproses,
24 Oct 2024,Brett Hospitality Group,Mason Uluwatu,Rp,"2,250,000.","247,500.","2,497,500.",Restaurant,Local,Terproses,
31 Oct 2024,Brett Hospitality Group,Mason Uluwatu,Rp,"8,000,000.","880,000.","8,880,000.",Restaurant,Local,Terproses,
26 Dec 2024,Brett Hospitality Group,Mason Uluwatu,Rp,"31,000,000.","3,410,000.","34,410,000.",Restaurant,Local,Terproses,
13 Feb 2024,Buana Giri Fortuna,Bali Good Food Catering,Rp,"51,120,000.","5,623,200.","56,743,200.",Restaurant,Local,Terproses,
17 May 2024,Budi Susanti,Budi Susanti,Rp,"6,950,000.","764,500.","7,714,500.",Personal,Local,Terproses,
12 Jan 2024,Bukit Uluwatu Villa,Alila Uluwatu,Rp,"33,000,000.","3,630,000.","36,630,000.",Hotel,Local,Terproses,
06 Feb 2024,Bukit Uluwatu Villa,Alila Uluwatu,Rp,"23,148,000.","2,546,280.","25,694,280.",Hotel,Local,Terproses,
01 Mar 2024,Bukit Uluwatu Villa,Alila Uluwatu,Rp,"3,840,000.","422,400.","4,262,400.",Hotel,Local,Terproses,
09 Apr 2024,Bukit Uluwatu Villa,Alila Uluwatu,Rp,"16,250,000.","1,787,500.","18,037,500.",Hotel,Local,Terproses,
12 Apr 2024,Bukit Uluwatu Villa,Alila Uluwatu,Rp,"17,400,000.","1,914,000.","19,314,000.",Hotel,Local,Terproses,
18 Jul 2024,Bukit Uluwatu Villa,Alila Uluwatu,Rp,"256,319,500.","28,195,145.","284,514,645.",Hotel,Local,Terproses,
27 May 2024,Bumi Canggu Nusantara,Motel Mexicola Canggu,Rp,"27,150,000.","2,986,500.","30,136,500.",Restaurant,Local,Terproses,
02 Oct 2024,Bumi Canggu Nusantara,Motel Mexicola Canggu,Rp,"13,625,000.","1,498,750.","15,123,750.",Restaurant,Local,Terproses,
29 Nov 2024,Bumi Canggu Nusantara,Motel Mexicola Canggu,Rp,"13,690,000.","1,505,900.","15,195,900.",Restaurant,Local,Terproses,
21 Feb 2025,Byus Management Group,Miss Fish Canggu,Rp,"2,700,000.","297,000.","2,997,000.",Restaurant,Local,Terproses,
23 May 2024,"CPRC (Maldives) Pvt, Ltd (Ritz Carlton Maldives)",Ritz Carlton Maldives,$,"5,075.",0.,"5,075.",Hotel,Export,Terproses,
06 Aug 2024,"CPRC (Maldives) Pvt, Ltd (Ritz Carlton Maldives)",Ritz Carlton Maldives,$,"1,637.5",0.,"1,637.5",Hotel,Export,Terproses,
07 Aug 2024,"CPRC (Maldives) Pvt, Ltd (Ritz Carlton Maldives)",Ritz Carlton Maldives,$,"5,158.5",0.,"5,158.5",Hotel,Export,Terproses,
20 Nov 2024,"CPRC (Maldives) Pvt, Ltd (Ritz Carlton Maldives)",Ritz Carlton Maldives,$,375.,0.,375.,Hotel,Export,Terproses,
20 Nov 2024,"CPRC (Maldives) Pvt, Ltd (Ritz Carlton Maldives)",Ritz Carlton Maldives,$,825.,0.,825.,Hotel,Export,Terproses,
20 Nov 2024,"CPRC (Maldives) Pvt, Ltd (Ritz Carlton Maldives)",Ritz Carlton Maldives,$,950.,0.,950.,Hotel,Export,Terproses,
24 Jan 2024,Cahaya Warna Prima,Six Sense Uluwatu,Rp,"20,000,000.","2,200,000.","22,200,000.",Hotel,Local,Terproses,
13 Aug 2024,Cahaya Warna Prima,Six Sense Uluwatu,Rp,"8,000,000.","880,000.","8,880,000.",Hotel,Local,Terproses,
09 Dec 2024,Cahaya Warna Prima,Six Sense Uluwatu,Rp,"159,600,000.","17,556,000.","177,156,000.",Hotel,Local,Terproses,
17 Feb 2024,Cakrawala Bima Pratiwi,Abisena,Rp,"159,350,000.","16,652,075.","168,034,575.",Hotel,Local,Terproses,
13 Feb 2025,Cap Karoso Development,Cap Karoso,Rp,"245,200,000.","26,972,000.","272,172,000.",Hotel,Local,Terproses,
13 Mar 2025,Cap Karoso Development,Cap Karoso,Rp,"28,713,750.","3,158,513.","31,872,263.",Hotel,Local,Terproses,
05 Apr 2024,Capella Singapore,Capella,$,"1,830.",0.,"1,830.",Hotel,Export,Menunggu diproses,
12 Apr 2024,Capella Sydney,Brasserie 1938 Capella Sydney (HPG International H,$,"10,065.",0.,"10,065.",Hotel,Export,Terproses,
10 Sep 2024,"Cayo Rosario Partners, LLC c/o The Parker Company, LLC",The Parker Company,$,0.,0.,0.,Hotel,Export,Menunggu diproses,
18 Feb 2025,Cempaka Interior,Cempaka Interior,Rp,"8,160,000.","897,600.","9,057,600.",Agent,Local,Terproses,
13 Jan 2025,"Cipaku Boga Utama, CV",Cipaku Boga Utama,Rp,"20,140,000.","2,215,400.","22,355,400.",Restaurant,Umum,Terproses,
31 Jan 2025,"Cipaku Boga Utama, CV",Cipaku Boga Utama,Rp,"122,040,000.","13,424,400.","135,464,400.",Restaurant,Umum,Terproses,
29 Nov 2024,Citra Jimbaran Indah Hotel,Intercontinental Bali Resort,Rp,"7,800,000.","858,000.","8,658,000.",Hotel,Local,Terproses,
06 Jan 2025,Citra Jimbaran Indah Hotel,Intercontinental Bali Resort,Rp,"24,000,000.","2,640,000.","26,640,000.",Hotel,Local,Terproses,
26 Dec 2024,"Citra Kirana Pantai, PT",Swissotel Jakarta PIK Avenue,Rp,"25,300,000.","2,783,000.","28,083,000.",Hotel,Umum,Terproses,
26 Dec 2024,"Citra Kirana Pantai, PT",Swissotel Jakarta PIK Avenue,Rp,"15,400,000.","1,694,000.","17,094,000.",Hotel,Umum,Terproses,
14 Oct 2024,Colamoed Properties Management,Le Reserve,Rp,"16,650,000.","1,831,500.","18,481,500.",Restaurant,Local,Terproses,
27 Dec 2024,DOPA,DOPA,$,26.5,0.,26.5,Restaurant,Export,Menunggu diproses,
19 Jun 2024,Da Maria,Da Maria,Rp,"1,890,000.","207,900.","2,097,900.",Restaurant,Local,Terproses,
02 Sep 2024,Da Maria,Da Maria,Rp,"244,950,000.","26,944,500.","271,894,500.",Restaurant,Local,Terproses,
25 Mar 2024,Dapur Asian Lokal,Hujan Lokal,Rp,"5,280,000.","580,800.","5,860,800.",Restaurant,Local,Terproses,
08 Aug 2024,Dapur Asian Lokal,Hujan Lokal,Rp,"11,310,000.","1,244,100.","12,554,100.",Restaurant,Local,Terproses,
13 Sep 2024,Dapur Asian Lokal,Hujan Lokal,Rp,"2,580,000.","283,800.","2,863,800.",Restaurant,Local,Terproses,
03 Dec 2024,Dapur Asian Lokal,Honey and Smoke Restaurant,Rp,"10,650,000.","1,171,500.","11,821,500.",Restaurant,Local,Terproses,
05 Feb 2024,Dapur Karya Enak,Woo Bo Restaurant,Rp,"11,700,000.","1,287,000.","12,987,000.",Restaurant,Local,Terproses,
28 Feb 2025,Dragon Tea Temple,Zest Ubud,Rp,"8,250,000.","907,500.","9,157,500.",Restaurant,Umum,Terproses,
17 Mar 2025,Dragon Tea Temple,Zest Ubud,Rp,"2,250,000.","247,500.","2,497,500.",Restaurant,Umum,Terproses,
16 Jan 2025,Dragonfly Villa,Dragonfly Villa,Rp,"40,236,000.","4,425,960.","44,661,960.",Hotel,Local,Terproses,
05 Mar 2024,Drifter,Drifter,Rp,"117,188,000.","12,890,680.","130,078,680.",Restaurant,Local,Terproses,
12 Sep 2024,Drifter,Drifter,Rp,"27,200,000.","2,992,000.","30,192,000.",Restaurant,Local,Terproses,
28 Jan 2025,Drifter,Drifter,Rp,"7,500,000.","492,888.","4,973,688.",Restaurant,Local,Terproses,
03 Jun 2024,Driss Tabbakalt,Driss Tabbakalt,Rp,"43,800,000.","4,818,000.","48,618,000.",Personal,Local,Terproses,
13 Nov 2024,"Dua Cahaya Anugrah, PT",W Hotel Bali Seminyak,Rp,"840,000.","92,400.","932,400.",Hotel,Local,Terproses,
03 May 2024,Duta Jaya Perkasa,Jumeirah Bali,Rp,"15,150,000.","1,666,500.","16,816,500.",Hotel,Local,Terproses,
23 May 2024,Duta Jaya Perkasa,Jumeirah Bali,Rp,"1,455,000.","160,050.","1,615,050.",Hotel,Local,Sebagian diproses,
04 Jun 2024,Duta Jaya Perkasa,Jumeirah Bali,Rp,"57,900,000.","6,369,000.","64,269,000.",Hotel,Local,Terproses,
19 Aug 2024,Duta Jaya Perkasa,Jumeirah Bali,Rp,"6,900,000.","759,000.","7,659,000.",Hotel,Local,Terproses,
18 Sep 2024,Duta Jaya Perkasa,Jumeirah Bali,Rp,"20,400,000.","2,244,000.","22,644,000.",Hotel,Local,Terproses,
30 Dec 2024,Duta Jaya Perkasa,Jumeirah Bali,Rp,"550,000.","60,500.","610,500.",Hotel,Local,Terproses,
18 Mar 2025,Duta Jaya Perkasa,Jumeirah Bali,Rp,"15,625,000.","1,718,750.","17,343,750.",Hotel,Local,Terproses,
18 Mar 2025,Duta Jaya Perkasa,Jumeirah Bali,Rp,"420,000.","46,200.","466,200.",Hotel,Local,Terproses,
19 Mar 2025,Duta Jaya Perkasa,Jumeirah Bali,Rp,"15,000,000.","1,650,000.","16,650,000.",Hotel,Local,Terproses,
27 Jan 2025,Dwimukti Graha Kencana,Kitsune,Rp,"69,550,000.","7,650,500.","77,200,500.",Restaurant,Local,Terproses,
16 Sep 2024,"Eden Restaurant Events, PT",Luna Beach Club,Rp,"15,750,000.","1,732,500.","17,482,500.",Restaurant,Local,Terproses,
17 May 2024,Expat Roasters Indonesia,Expat Roasters,Rp,"58,618,800.","6,448,068.","65,066,868.",Restaurant,Local,Terproses,
19 Aug 2024,Expat Roasters Indonesia,Expat Roasters,Rp,"258,550,000.","28,440,500.","286,990,500.",Restaurant,Local,Terproses,
20 May 2024,Fairmont Jakarta - PT Senayan Trikarya Sempana,Fairmont Jakarta,Rp,"280,725,000.","30,879,750.","311,604,750.",Hotel,Local,Terproses,
09 Jan 2025,Fairmont Jakarta - PT Senayan Trikarya Sempana,Fairmont Jakarta,Rp,"167,300,000.","18,403,000.","185,703,000.",Hotel,Local,Terproses,
18 Apr 2024,Fieldcrest Enterprise,Raffless Singapore (USD),$,"7,819.5",0.,"7,819.5",Agent,Export,Terproses,
02 May 2024,Fieldcrest Enterprise,Raffless Singapore (USD),$,"11,832.",0.,"11,832.",Agent,Export,Terproses,
06 Jun 2024,Fieldcrest Enterprise,Raffless Singapore (USD),$,"3,855.",0.,"3,855.",Agent,Export,Terproses,
23 Apr 2024,Fortuna Paradiso Optima,The Luxury Collection,Rp,"238,350,250.","26,218,527.","264,568,777.",Hotel,Local,Terproses,
26 Nov 2024,Four Season Resort Maldives,Four Season Maldives,$,"1,290.",0.,"1,290.",Hotel,Export,Terproses,
07 Feb 2025,Four Season Resort Maldives,Four Season Maldives,$,"1,860.",0.,"1,860.",Hotel,Export,Terproses,
18 Jul 2024,French Kiss,French Kiss,Rp,"780,000.","85,800.","865,800.",Restaurant,Local,Menunggu diproses,
13 Aug 2024,French Kiss,French Kiss,Rp,"30,660,000.","3,372,600.","34,032,600.",Restaurant,Local,Terproses,
06 Mar 2024,GAB's Gastro Bar,GAB's Gastro Bar,Rp,"201,627,000.","22,178,970.","223,805,970.",Restaurant,Local,Terproses,
03 Oct 2024,GFH Ventures Company WLL,Raffles Bahrain/Al Areen Palace & Spa by Accor,$,"102,722.4",0.,"102,722.4",Hotel,Export,Terproses,
18 Jul 2024,Ginger Moon,Ginger Moon,Rp,"33,750,000.","3,712,500.","37,462,500.",Restaurant,Local,Terproses,
27 Jan 2025,Ginger Moon,Ginger Moon,Rp,"4,440,000.","488,400.","4,928,400.",Restaurant,Local,Terproses,
20 Dec 2024,Gio's Private Villa Canggu,Gio's Private Villa Canggu,Rp,"49,680,000.","5,464,800.","55,144,800.",Hotel,Local,Terproses,
05 Apr 2024,Good Food Cafe,Milk & Madu Beach Road,Rp,"38,275,000.","4,210,250.","42,485,250.",Restaurant,Local,Terproses,
19 Apr 2024,Good Food Cafe,Milk & Madu Uluwatu,Rp,"67,700,000.","7,447,000.","75,147,000.",Restaurant,Local,Terproses,
09 Jul 2024,Good Food Cafe,Milk & Madu Uluwatu,Rp,"12,100,000.","1,331,000.","13,431,000.",Restaurant,Local,Terproses,
05 Apr 2024,Good Food Guys,Milk & Madu Berawa,Rp,"24,775,000.","2,725,250.","27,500,250.",Restaurant,Local,Terproses,
18 Apr 2024,Good Food People,Milk & Madu Ubud,Rp,"6,720,000.","739,200.","7,459,200.",Restaurant,Local,Terproses,
09 Feb 2024,Graha Agung Indah Sentosa,Indigo Bintan,Rp,"753,777,000.",0.,"753,777,000.",Hotel,Local,Terproses,
06 Jun 2024,Graha Agung Indah Sentosa,Indigo Bintan,Rp,"105,030,000.",0.,"105,030,000.",Hotel,Local,Terproses,
18 Mar 2025,Graha Agung Indah Sentosa,Indigo Bintan,Rp,"193,825,000.",0.,"193,825,000.",Hotel,Local,Terproses,
26 Apr 2024,Graha Alam Lestari,The Apurva Kempinski Bali,Rp,"65,909,100.","7,250,001.","73,159,101.",Hotel,Local,Terproses,
26 Apr 2024,Graha Alam Lestari,The Apurva Kempinski Bali,Rp,"25,882,750.","2,847,102.","28,729,852.",Hotel,Local,Terproses,
26 Apr 2024,Graha Alam Lestari,The Apurva Kempinski Bali,Rp,"46,227,000.","5,084,970.","51,311,970.",Hotel,Local,Terproses,
26 Apr 2024,Graha Alam Lestari,The Apurva Kempinski Bali,Rp,"69,103,000.","7,601,330.","76,704,330.",Hotel,Local,Terproses,
08 May 2024,Graha Alam Lestari,The Apurva Kempinski Bali,Rp,"45,295,050.","4,982,455.","50,277,505.",Hotel,Local,Terproses,
18 Sep 2024,Graha Alam Lestari,The Apurva Kempinski Bali,Rp,"3,495,000.","384,450.","3,879,450.",Hotel,Local,Menunggu diproses,
25 Nov 2024,Graha Alam Lestari,The Apurva Kempinski Bali,Rp,"11,571,000.","1,272,810.","12,843,810.",Hotel,Local,Terproses,
10 Jan 2024,Grand Hyatt Jakarta,Plaza Indonesia Realty,Rp,"24,000,000.","2,640,000.","26,640,000.",Hotel,Local,Terproses,
10 Jan 2024,Grand Hyatt Jakarta,Plaza Indonesia Realty,Rp,"40,500,000.","4,455,000.","44,955,000.",Hotel,Local,Terproses,
16 Jul 2024,Grand Hyatt Jakarta,Plaza Indonesia Realty,Rp,"840,000.","92,400.","932,400.",Hotel,Local,Terproses,
21 Jan 2025,Greek Restaurant in Uluwatu,Greek Restaurant,Rp,"327,341,500.","36,007,565.","363,349,065.",Restaurant,Local,Terproses,
19 Feb 2024,Greenland Rajawali Utama,Four Seasons Hotel Jakarta,Rp,"85,050,000.","9,355,500.","94,405,500.",Hotel,Local,Terproses,
21 Mar 2024,Greenland Rajawali Utama,Four Seasons Hotel Jakarta,Rp,"1,380,000.","151,800.","1,531,800.",Hotel,Local,Terproses,
19 Sep 2024,Greenland Rajawali Utama,Four Seasons Hotel Jakarta,Rp,"85,050,000.","9,355,500.","94,405,500.",Hotel,Local,Sebagian diproses,
24 Mar 2025,Greenland Rajawali Utama,Four Seasons Hotel Jakarta,Rp,"15,430,000.","1,697,300.","17,127,300.",Hotel,Local,Terproses,
01 Jul 2024,Griya Pancaloka,Sofitel Bali Nusa Dua Beach Resort,Rp,"9,975,000.","1,097,250.","11,072,250.",Hotel,Local,Terproses,
02 Jul 2024,Griya Pancaloka,Sofitel Bali Nusa Dua Beach Resort,Rp,"4,275,000.","470,250.","4,745,250.",Hotel,Local,Terproses,
10 Sep 2024,Groupx Kolektif Indonesia,Marea,Rp,"9,720,000.","1,069,200.","10,789,200.",Restaurant,Local,Terproses,
01 Jan 2024,Guum Pte. Ltd.,Guum,$,"6,650.",0.,"6,650.",Restaurant,Export,Terproses,
18 Mar 2024,HUGO BOSS South East Asia Pte.Ltd.,HUGO BOSS,$,"5,364.",590.04,"5,954.04",Hotel,Local,Terproses,
22 Jan 2024,"Hai Ha Handicraft Co., Ltd",Hai Ha,$,"1,050.",0.,"1,050.",Hotel,Export,Terproses,
19 Sep 2024,"Hai Ha Handicraft Co., Ltd",Hai Ha,$,"6,684.",0.,"6,684.",Hotel,Export,Terproses,
02 Oct 2024,"Hai Ha Handicraft Co., Ltd",Hai Ha,$,"6,700.",0.,"6,700.",Hotel,Export,Terproses,
31 Oct 2024,"Hai Ha Handicraft Co., Ltd",Hai Ha,$,"8,584.",0.,"8,584.",Hotel,Export,Terproses,
27 Mar 2024,Hamish & Raisa,Hamish & Raisa,Rp,"10,085,000.","1,109,350.","11,194,350.",Personal,Local,Terproses,
11 Dec 2024,Handara Golf & Resort Bali,Sarana Buana Handara,Rp,"224,040,000.","24,644,400.","248,684,400.",Hotel,Local,Terproses,
22 Jan 2025,Harmoni Cakrawala Bali,Mandarin Oriental Bali,Rp,"1,040,000.","114,400.","1,154,400.",Hotel,Local,Terproses,
22 Jan 2025,Harmoni Cakrawala Bali,Mandarin Oriental Bali,Rp,"23,745,000.","2,611,950.","26,356,950.",Hotel,Local,Terproses,
10 Feb 2025,Harmoni Cakrawala Bali,Mandarin Oriental Bali,Rp,"990,000.","108,900.","1,098,900.",Hotel,Local,Terproses,
20 Feb 2025,Harmoni Cakrawala Bali,Mandarin Oriental Bali,Rp,"3,100,000.","341,000.","3,441,000.",Hotel,Local,Terproses,
05 Aug 2024,Heritage Resorts and Spas,Buahan a Banyan Tree Escape,Rp,"54,378,000.","5,981,580.","60,359,580.",Hotel,Local,Terproses,
06 Feb 2025,Heritage Resorts and Spas,Buahan a Banyan Tree Escape,Rp,"12,480,000.","1,372,800.","13,852,800.",Hotel,Local,Terproses,
28 Feb 2025,Heritage Resorts and Spas,Buahan a Banyan Tree Escape,Rp,"9,790,000.","1,076,900.","10,866,900.",Hotel,Local,Terproses,
18 Dec 2024,Hilton London (Smeeta),Smeeta,$,"4,305.",0.,"4,305.",Hotel,Export,Terproses,
05 Dec 2024,Hiyoko 2.0 Jakarta,Hiyoko 2.0,Rp,"17,340,000.","1,907,400.","19,247,400.",Restaurant,Local,Terproses,
18 Sep 2024,Hotel Indonesia Sanur International,Meru,Rp,"20,460,000.",0.,"20,460,000.",Hotel,Local,Terproses,
04 Feb 2025,Hotel Indonesia Sanur International,Meru,Rp,"48,050,000.",0.,"48,050,000.",Hotel,Local,Terproses,
04 Feb 2025,Hotel Indonesia Sanur International,Meru,Rp,"68,940,000.",0.,"68,940,000.",Hotel,Local,Terproses,
04 Feb 2025,Hotel Indonesia Sanur International,Meru,Rp,"48,000,000.",0.,"48,000,000.",Hotel,Local,Terproses,
04 Feb 2025,Hotel Indonesia Sanur International,Meru,Rp,"35,750,000.",0.,"35,750,000.",Hotel,Local,Terproses,
26 Jun 2024,Hotel Pandan Arum,Maya Ubud,Rp,"7,500,000.","825,000.","8,325,000.",Hotel,Local,Terproses,
25 Jul 2024,Hotel Pandan Arum,Maya Ubud,Rp,"25,412,500.","2,795,375.","28,207,875.",Hotel,Local,Terproses,
25 Oct 2024,Hotel Pandan Arum,Maya Ubud,Rp,"8,800,000.","968,000.","9,768,000.",Hotel,Local,Terproses,
25 Oct 2024,Hotel Pandan Arum,Maya Ubud,Rp,"5,625,000.","618,750.","6,243,750.",Hotel,Local,Terproses,
04 Nov 2024,Hotel Pandan Arum,Maya Ubud,Rp,"2,520,000.","277,200.","2,797,200.",Hotel,Local,Terproses,
06 Jan 2025,Hotel Pandan Arum,Maya Ubud,Rp,"30,600,000.","3,366,000.","33,966,000.",Hotel,Local,Terproses,
06 Jan 2025,Hotel Pandan Arum,Maya Ubud,Rp,"15,247,500.","1,677,225.","16,924,725.",Hotel,Local,Terproses,
07 Feb 2025,Hotel Pandan Arum,Maya Ubud,Rp,"9,450,000.","1,039,500.","10,489,500.",Hotel,Local,Terproses,
27 Feb 2025,Hotel Pandan Arum,Maya Ubud,Rp,"440,000.","48,400.","488,400.",Hotel,Local,Terproses,
20 Dec 2024,Hotel Permata Hijau,Hotel Permata Hijau,Rp,"77,400,000.","8,514,000.","85,914,000.",Hotel,Local,Terproses,
13 Jan 2025,"Indoguna Utama, PT",Indoguna Utama,Rp,"25,175,000.","2,769,250.","27,944,250.",Restaurant,Umum,Terproses,
01 Jan 2024,Indonesia Adventure Sport,Nihi Sumba,Rp,"19,680,000.","2,164,800.","21,844,800.",Hotel,Local,Terproses,
03 Jan 2024,Indonesia Adventure Sport,Nihi Sumba,Rp,"30,360,000.","3,339,600.","33,699,600.",Hotel,Local,Terproses,
18 Jan 2024,Indonesia Adventure Sport,Nihi Sumba,Rp,"3,360,000.","369,600.","3,729,600.",Hotel,Local,Terproses,
21 Mar 2024,Indonesia Adventure Sport,Nihi Sumba,Rp,"7,000,000.","770,000.","7,770,000.",Hotel,Local,Terproses,
29 Apr 2024,Indonesia Adventure Sport,Nihi Sumba,Rp,"10,500,000.","1,155,000.","11,655,000.",Hotel,Local,Terproses,
19 Jun 2024,Indonesia Adventure Sport,Nihi Sumba,Rp,"21,720,000.","2,389,200.","24,109,200.",Hotel,Local,Terproses,
03 Oct 2024,Indonesia Adventure Sport,Nihi Sumba,Rp,"23,280,000.","2,560,800.","25,840,800.",Hotel,Local,Terproses,
08 Oct 2024,Indonesia Adventure Sport,Nihi Sumba,Rp,"24,127,000.","2,653,970.","26,780,970.",Hotel,Local,Terproses,
09 Jan 2025,Indonesia Adventure Sport,Nihi Sumba,Rp,"7,000,000.","770,000.","7,770,000.",Hotel,Local,Terproses,
15 Jan 2025,Indonesia Adventure Sport,Nihi Sumba,Rp,"25,200,000.","2,772,000.","27,972,000.",Hotel,Local,Terproses,
24 Jan 2025,Indonesia Adventure Sport,Nihi Sumba,Rp,"17,500,000.","1,925,000.","19,425,000.",Hotel,Local,Terproses,
28 Jan 2025,Indonesia Adventure Sport,Nihi Sumba,Rp,"4,925,000.","541,750.","5,466,750.",Hotel,Local,Sebagian diproses,
04 Feb 2025,Indonesia Adventure Sport,Nihi Sumba,Rp,"144,879,750.","15,936,773.","160,816,523.",Hotel,Local,Terproses,
13 Feb 2025,Indonesia Adventure Sport,Nihi Sumba,Rp,"4,560,000.","501,600.","5,061,600.",Hotel,Local,Terproses,
13 Feb 2025,Indonesia Adventure Sport,Nihi Sumba,Rp,"9,600,000.","1,056,000.","10,656,000.",Hotel,Local,Terproses,
17 Feb 2025,Indonesia Adventure Sport,Nihi Sumba,Rp,"28,980,000.","3,187,800.","32,167,800.",Hotel,Local,Terproses,
07 Mar 2025,Indonesia Adventure Sport,Nihi Sumba,Rp,"9,240,000.","1,016,400.","10,256,400.",Hotel,Local,Terproses,
24 Dec 2024,Intercontinental Bandung Dago,Hotel Dago Pakar,Rp,"6,070,000.","667,700.","6,737,700.",Hotel,Local,Terproses,
24 Dec 2024,Intercontinental Bandung Dago,Hotel Dago Pakar,Rp,"5,810,000.","639,100.","6,449,100.",Hotel,Local,Terproses,
26 Mar 2025,"Island Explora, PT",Lago Ledge,Rp,"351,475,000.","38,662,250.","390,137,250.",Hotel,Local,Sebagian diproses,
21 Mar 2024,"JTB Trading, Inc. ( Six Sense Kyoto)",Six Sense Kyoto,$,"1,070.25",0.,"1,070.25",Hotel,Export,Sebagian diproses,
29 Mar 2024,"JTB Trading, Inc. ( Six Sense Kyoto)",Six Sense Kyoto,$,"2,531.25",0.,"2,531.25",Hotel,Export,Sebagian diproses,
16 Jan 2025,Japa Putra Wijaka,Japa Ubud,Rp,"106,172,500.","11,678,975.","117,851,475.",Hotel,Local,Terproses,
20 Sep 2024,Jayasom Amaala,Jayasom Amaala,$,"1,076.5",0.,"2,062.15",Hotel,Export,Terproses,
29 May 2024,Jeffrey Grimes,Jeffrey Grimes,$,"2,673.",0.,"2,673.",Personal,Export,Terproses,
05 Jun 2024,Jen,Jennifer,Rp,"42,700,000.","4,697,000.","47,397,000.",Personal,Local,Ditutup,
10 Dec 2024,Jen,Jennifer,Rp,"42,700,000.","4,697,000.","47,397,000.",Personal,Local,Terproses,
25 Jun 2024,Jimbaran Greenhill,Raffles Bali,Rp,"133,190,000.","14,650,900.","147,840,900.",Hotel,Local,Terproses,
20 Nov 2024,Jimbaran Greenhill,Raffles Bali,Rp,"4,440,000.","488,400.","4,928,400.",Hotel,Local,Terproses,
04 Mar 2024,Jimbaran Villas,Bvlgari,Rp,"36,280,500.","3,990,855.","40,271,355.",Hotel,Local,Terproses,
01 Jul 2024,Jimbaran Villas,Bvlgari,Rp,"2,690,000.","295,900.","2,985,900.",Hotel,Local,Terproses,
09 Sep 2024,Jimbaran Villas,Bvlgari,Rp,"38,489,250.","4,233,817.","42,723,067.",Hotel,Local,Terproses,
11 Nov 2024,Jimbaran Villas,Bvlgari,Rp,"5,040,000.","554,400.","5,594,400.",Hotel,Local,Terproses,
02 Jan 2024,Kafe Ubud,Hanoman Kafe,Rp,"28,000,000.","3,080,000.","31,080,000.",Restaurant,Local,Sebagian diproses,
27 Jan 2025,Kaia Restaurant,Kaia Restaurant,Rp,"16,200,000.","1,782,000.","17,982,000.",Restaurant,Local,Menunggu diproses,
04 Jan 2024,Kala Hospitality Group,Kala Uluwatu,Rp,"149,600,000.","16,456,000.","166,056,000.",Restaurant,Local,Terproses,
18 Sep 2024,Kala Hospitality Group,Kala Uluwatu,Rp,"19,000,000.","2,090,000.","21,090,000.",Restaurant,Local,Terproses,
05 Feb 2024,Karang Mas Sejahtera,Ayana Hospitality,Rp,"204,036,250.","22,443,987.","226,480,237.",Hotel,Local,Terproses,
05 Feb 2024,Karang Mas Sejahtera,Ayana Hospitality,Rp,"15,200,000.","1,672,000.","16,872,000.",Hotel,Local,Terproses,
21 Feb 2024,Karang Mas Sejahtera,Ayana Hospitality,Rp,"45,000,000.","4,950,000.","49,950,000.",Hotel,Local,Terproses,
15 Apr 2024,Karang Mas Sejahtera,Ayana Hospitality,Rp,"123,025,000.","13,532,750.","136,557,750.",Hotel,Local,Terproses,
20 May 2024,Karang Mas Sejahtera,Ayana Hospitality,Rp,"56,525,000.","6,217,750.","62,742,750.",Hotel,Local,Terproses,
29 May 2024,Karang Mas Sejahtera,Ayana Hospitality,Rp,"2,970,000.","326,700.","3,296,700.",Hotel,Local,Terproses,
06 Jun 2024,Karang Mas Sejahtera,Ayana Hospitality,Rp,"1,265,000.","139,150.","1,404,150.",Hotel,Local,Terproses,
20 Aug 2024,Karang Mas Sejahtera,Ayana Hospitality,Rp,"216,006,250.","23,760,687.","239,766,937.",Hotel,Local,Terproses,
10 Sep 2024,Karang Mas Sejahtera,Ayana Hospitality,Rp,"13,900,000.","1,529,000.","15,429,000.",Hotel,Local,Terproses,
23 Sep 2024,Karang Mas Sejahtera,Ayana Hospitality,Rp,"310,500,000.","34,155,000.","344,655,000.",Hotel,Local,Terproses,
02 Oct 2024,Karang Mas Sejahtera,Ayana Hospitality,Rp,"437,755,250.","48,153,077.","485,908,327.",Hotel,Local,Terproses,
07 Oct 2024,Karang Mas Sejahtera,Ayana Hospitality,Rp,"860,000.","94,600.","954,600.",Hotel,Local,Terproses,
07 Oct 2024,Karang Mas Sejahtera,Ayana Hospitality,Rp,"800,000.","88,000.","888,000.",Hotel,Local,Terproses,
26 Dec 2024,Karang Mas Sejahtera,Ayana Hospitality,Rp,"5,040,000.","554,400.","5,594,400.",Hotel,Local,Terproses,
23 Jan 2025,Karang Mas Sejahtera,Ayana Hospitality,Rp,"630,613,380.","69,367,472.","699,980,852.",Hotel,Local,Terproses,
20 May 2024,Karya Agung Kisma Lestari,Laguna Hotel Bali,Rp,"22,000,000.","2,420,000.","24,420,000.",Hotel,Local,Terproses,
02 Jul 2024,Karya Agung Kisma Lestari,Laguna Hotel Bali,Rp,"6,000,000.","660,000.","6,660,000.",Hotel,Local,Terproses,
07 Feb 2024,Kebun Bistro Ubud,Kebun Bistro,Rp,"16,720,000.","1,839,200.","18,559,200.",Restaurant,Local,Terproses,
17 Mar 2025,Kebun Bistro Ubud,Kebun Bistro,Rp,"275,000.","30,250.","305,250.",Restaurant,Local,Terproses,
12 Dec 2024,Keraton At The Plaza,Plaza Indonesia Mandiri,Rp,"1,900,000.","209,000.","2,109,000.",Hotel,Local,Terproses,
10 Mar 2025,Keraton At The Plaza,Plaza Indonesia Mandiri,Rp,"40,250,000.","4,427,500.","44,677,500.",Hotel,Local,Terproses,
16 Jul 2024,Kevala Keramik Bali,KKB,Rp,"63,480,000.","6,982,800.","70,462,800.",Umum,Local,Menunggu diproses,
16 Jul 2024,Kevala Keramik Bali,KKB,Rp,"116,031,200.","12,763,432.","128,794,632.",Umum,Local,Menunggu diproses,
16 Jul 2024,Kevala Keramik Bali,KKB,Rp,"367,368,000.","40,410,480.","407,778,480.",Umum,Local,Menunggu diproses,
16 Jul 2024,Kevala Keramik Bali,KKB,Rp,"588,384,000.","64,722,240.","653,106,240.",Umum,Local,Menunggu diproses,
24 Jul 2024,Kevala Keramik Bali,KKB,Rp,"379,032,000.","41,693,520.","420,725,520.",Umum,Local,Menunggu diproses,
20 Nov 2024,Kevala Keramik Bali,KKB,Rp,"34,450,000.",0.,"34,450,000.",Umum,Local,Terproses,
26 Jul 2024,Kiros Hospitality Solutions Pvt. Ltd.,Kiros,$,"2,760.5",0.,"2,760.5",Hotel,Export,Terproses,
02 Jan 2025,"Kopi Bar Sela, PT",Chella Uluwatu,Rp,"4,560,000.","501,600.","5,061,600.",Restaurant,Local,Sebagian diproses,
23 Jan 2025,"Kopi Bar Sela, PT",Chella Uluwatu,Rp,"199,865,000.","21,985,150.","221,850,150.",Restaurant,Local,Terproses,
20 Mar 2025,"Kopi Bar Sela, PT",Chella Uluwatu,Rp,"1,925,000.","211,750.","2,136,750.",Restaurant,Local,Terproses,
05 Mar 2024,Kreasi Cipta Karsa,The Langham Jakarta,Rp,"37,000,000.","4,070,000.","41,070,000.",Hotel,Local,Terproses,
17 Feb 2025,Kreasi Cipta Karsa,The Langham Jakarta,Rp,"170,650,000.","18,771,500.","189,421,500.",Hotel,Local,Sebagian diproses,
30 Jan 2025,"LOMBOK KULINA UTAMA, PT",Lombok Kulina Utama,Rp,"118,152,000.","12,996,720.","131,148,720.",Restaurant,Local,Terproses,
13 Sep 2024,Leisure Oceans Private Limited (Six Sense Kanuhura),Six Sense Kanuhura,$,"1,500.",0.,"1,500.",Hotel,Export,Terproses,
19 Dec 2024,Leisure Oceans Private Limited (Six Sense Kanuhura),Six Sense Kanuhura,$,"1,885.",0.,"1,885.",Hotel,Export,Terproses,
19 Feb 2025,Leisure Oceans Private Limited (Six Sense Kanuhura),Six Sense Kanuhura,$,468.,0.,468.,Hotel,Export,Terproses,
17 Mar 2025,Leisure Oceans Private Limited (Six Sense Kanuhura),Six Sense Kanuhura,$,780.,0.,780.,Hotel,Export,Terproses,
27 May 2024,Leisure Ventures Langkawi Sdn Bhd,Four Seasons Resort Langkawi,$,"10,098.",0.,"10,098.",Hotel,Export,Terproses,
21 Feb 2024,"Loka Neka Jaya, PT",Locavore NXT,Rp,"66,000,000.","7,260,000.","73,260,000.",Restaurant,Local,Terproses,
18 Nov 2024,"Loka Neka Jaya, PT",Locavore NXT,Rp,"9,500,000.","1,045,000.","10,545,000.",Restaurant,Local,Terproses,
23 Jul 2024,Loloan Bali,Mexicola Seminyak,Rp,"9,250,000.","1,017,500.","10,267,500.",Restaurant,Local,Terproses,
29 Jan 2025,Loloan Bali,Mexicola Seminyak,Rp,"209,800,000.","23,078,000.","232,878,000.",Restaurant,Local,Terproses,
05 Jun 2024,MG Hotel Supplies LLC,MG Hotel,$,348.,0.,348.,Agent,Export,Terproses,
11 Jun 2024,MG Hotel Supplies LLC,MG Hotel,$,"3,610.",0.,"3,610.",Agent,Export,Terproses,
11 Jun 2024,MG Hotel Supplies LLC,MG Hotel,$,"1,482.",0.,"1,482.",Agent,Export,Terproses,
13 Feb 2025,MG Hotel Supplies LLC,MG Hotel,$,276.,0.,276.,Agent,Export,Terproses,
27 Aug 2024,MNC Land Tbk,Park Hyatt Jakarta,Rp,"19,320,000.","2,125,200.","21,445,200.",Hotel,Local,Terproses,
27 May 2024,MTS Investments Indonesia,Further Hotel,Rp,"8,200,000.","902,000.","9,102,000.",Hotel,Local,Terproses,
03 Jan 2024,Mactan Seascapes Service INC (Crimson),Crimson / Boracay,$,780.,0.,780.,Hotel,Export,Terproses,
21 May 2024,Mactan Seascapes Service INC (Crimson),Crimson / Boracay,$,"9,500.",0.,"9,500.",Hotel,Export,Terproses,
26 Jul 2024,Mactan Seascapes Service INC (Crimson),Crimson / Boracay,$,"23,873.88",0.,"23,873.88",Hotel,Export,Terproses,
24 Jan 2025,Made by Umah,Made by Umah,Rp,"300,000.","33,000.","333,000.",Personal,Umum,Menunggu diproses,
06 Feb 2025,Made by Umah,Made by Umah,$,"1,860.",204.6,"2,064.6",Personal,Umum,Terproses,
13 Jan 2025,"Makasar Boga Utama, CV",Makasar Boga Utama,Rp,"10,070,000.","1,107,700.","11,177,700.",Restaurant,Umum,Terproses,
30 Jan 2025,"Makasar Boga Utama, CV",Makasar Boga Utama,Rp,"15,390,000.","1,692,900.","17,082,900.",Restaurant,Umum,Terproses,
29 Apr 2024,Mandara Spa Indonesia,Mandara Spa,Rp,"19,500,000.","2,145,000.","21,645,000.",SPA,Local,Terproses,
13 Mar 2025,Mandara Spa Indonesia,Mandara Spa,Rp,"4,500,000.","495,000.","4,995,000.",SPA,Local,Terproses,
03 Oct 2024,Margaret Bistro Canggu,Margaret Bistro Canggu,Rp,"111,225,000.","12,234,750.","123,459,750.",Restaurant,Local,Terproses,
30 Jan 2024,Marina Bay Sands,MBS,$,"7,740.",0.,"7,740.",Hotel,Export,Terproses,
24 Oct 2024,Marloe Marloe Indonesia,Marloe,$,"1,450.",0.,"1,450.",Artist Collaboration,Local,Terproses,
12 Jan 2024,Maya Resort,Maya Sanur,Rp,"69,084,000.","7,599,240.","76,683,240.",Hotel,Local,Terproses,
07 Feb 2024,Maya Resort,Maya Sanur,Rp,"6,750,000.","742,500.","7,492,500.",Hotel,Local,Terproses,
08 Mar 2024,Maya Resort,Maya Sanur,Rp,"10,640,000.","1,170,400.","11,810,400.",Hotel,Local,Sebagian diproses,
23 May 2024,Maya Resort,Maya Sanur,Rp,"20,995,000.","2,309,450.","23,304,450.",Hotel,Local,Terproses,
23 May 2024,Maya Resort,Maya Sanur,Rp,"6,032,500.","663,575.","6,696,075.",Hotel,Local,Terproses,
04 Jul 2024,Maya Resort,Maya Sanur,Rp,"5,400,000.","594,000.","5,994,000.",Hotel,Local,Terproses,
16 Aug 2024,Maya Resort,Maya Sanur,Rp,"4,275,000.","470,250.","4,745,250.",Hotel,Local,Terproses,
30 Sep 2024,Maya Resort,Maya Sanur,Rp,"36,028,750.","3,963,162.","39,991,912.",Hotel,Local,Terproses,
30 Sep 2024,Maya Resort,Maya Sanur,Rp,"19,950,000.","2,194,500.","22,144,500.",Hotel,Local,Terproses,
30 Sep 2024,Maya Resort,Maya Sanur,Rp,"85,547,500.","9,410,225.","94,957,725.",Hotel,Local,Terproses,
30 Sep 2024,Maya Resort,Maya Sanur,Rp,"15,983,750.","1,758,212.","17,741,962.",Hotel,Local,Terproses,
03 Dec 2024,Maya Resort,Maya Sanur,Rp,"13,500,000.","1,485,000.","14,985,000.",Hotel,Local,Terproses,
09 May 2024,Michael Lorenti,Michael Lorenti,Rp,"30,960,000.","3,405,600.","34,365,600.",Personal,Local,Terproses,
21 May 2024,Michael Lorenti,Michael Lorenti,Rp,"3,450,000.","379,500.","3,829,500.",Personal,Local,Terproses,
17 Jun 2024,Milk Bar,Milk Bar,Rp,"6,360,000.","699,600.","7,059,600.",Restaurant,Local,Terproses,
04 Apr 2024,"Mimosa Cityscapes, INC.","Mimosa Cityscapes, INC.",$,"4,652.5",0.,"4,652.5",Restaurant,Export,Terproses,
31 Jul 2024,Mitra Mulia Boga Nusantara,Waterbom,Rp,"21,120,000.","2,323,200.","23,443,200.",Restaurant,Local,Terproses,
02 Aug 2024,Monokuro,Monokuro,Rp,"5,100,000.","561,000.","5,661,000.",Restaurant,Local,Terproses,
26 Nov 2024,Monokuro,Monokuro,Rp,"16,050,000.","1,765,500.","17,815,500.",Restaurant,Local,Terproses,
20 May 2024,Mozaic Ubud,Mozaic Ubud,Rp,"49,970,000.","5,496,700.","55,466,700.",Restaurant,Local,Terproses,
06 Mar 2024,Mushka Dua Bali,Blanche Bistro,Rp,"18,000,000.","1,980,000.","19,980,000.",Restaurant,Local,Sebagian diproses,
20 Aug 2024,NEW TOP LIMITED,Capella Taipei,$,"27,507.25",0.,"27,507.25",Hotel,Export,Terproses,
07 Oct 2024,NEW TOP LIMITED,Capella Taipei,$,"8,759.",0.,"8,759.",Hotel,Export,Terproses,
27 May 2024,Nae UM,Nae UM,$,500.,0.,500.,Restaurant,Export,Terproses,
18 Apr 2024,Nativa Graha Saji,Billy Ho,Rp,"5,880,000.","646,800.","6,526,800.",Restaurant,Local,Terproses,
23 Jul 2024,Nativa Graha Saji,Billy Ho,Rp,"3,300,000.","363,000.","3,663,000.",Restaurant,Local,Terproses,
02 Oct 2024,Nativa Graha Saji,Billy Ho,Rp,"15,575,000.","1,713,250.","17,288,250.",Restaurant,Local,Terproses,
02 Dec 2024,Nativa Graha Saji,Billy Ho,Rp,"7,795,000.","857,450.","8,652,450.",Restaurant,Local,Terproses,
09 Jan 2025,Nativa Graha Saji,Billy Ho,Rp,"4,600,000.","506,000.","5,106,000.",Restaurant,Local,Menunggu diproses,
21 Nov 2024,Naughty Nuris Sanur,Naughty Nuris Sanur,Rp,"5,200,000.","572,000.","5,772,000.",Restaurant,Local,Terproses,
19 Mar 2024,Nusadua Graha International,The Westin Resort Nusa Dua,Rp,"175,775,000.","19,335,250.","195,110,250.",Hotel,Local,Terproses,
12 Apr 2024,Nusadua Graha International,The Westin Resort Nusa Dua,Rp,"33,000,000.","3,630,000.","36,630,000.",Hotel,Local,Terproses,
16 Jul 2024,Nusadua Graha International,The Westin Resort Nusa Dua,Rp,"14,000,000.","1,540,000.","15,540,000.",Hotel,Local,Terproses,
18 Jul 2024,Nusadua Graha International,The Westin Resort Nusa Dua,Rp,"42,379,500.","4,661,745.","47,041,245.",Hotel,Local,Terproses,
16 Sep 2024,Nusadua Graha International,The Westin Resort Nusa Dua,Rp,"22,800,000.","2,508,000.","25,308,000.",Hotel,Local,Terproses,
27 Dec 2024,Nusadua Graha International,The Westin Resort Nusa Dua,Rp,"15,960,000.","1,755,600.","17,715,600.",Hotel,Local,Terproses,
08 Feb 2024,Nusantara Island Resort,Amankila Hotel,Rp,"14,380,000.","1,581,800.","15,961,800.",Hotel,Local,Terproses,
06 Feb 2024,Nusantara Ubud,CIPATI YUDHA PERSADA/JVJ Gastro Warung,Rp,"22,250,000.","2,447,500.","24,697,500.",Restaurant,Local,Terproses,
11 Jun 2024,Nusantara Ubud,CIPATI YUDHA PERSADA/JVJ Gastro Warung,Rp,"23,802,000.","2,618,220.","26,420,220.",Restaurant,Local,Terproses,
19 Jan 2024,Optimist Pererenan,Optimist Pererenan,Rp,"161,975,000.","17,817,250.","179,792,250.",Restaurant,Local,Terproses,
04 Jun 2024,Optimist Pererenan,Optimist Pererenan,Rp,"38,665,000.","4,253,150.","42,918,150.",Restaurant,Local,Terproses,
24 Dec 2024,Original Vision (Antigua) Ltd,Giuseppe Tulumello Architect (Sandy Toes),$,"31,491.9",0.,"31,491.9",Umum,Export,Sebagian diproses,
26 Mar 2025,"PNB Merdeka Tower Hotel Sdn Bhd d/b/a Park Hyatt, Kuala Lumpur",Park Hyatt Kuala Lumpur,$,"30,650.",0.,"29,117.5",Hotel,Export,Sebagian diproses,
27 May 2024,PT Autogrill Services Indonesia,Wolf Gang Puck,Rp,"122,554,750.","13,481,022.","136,035,772.",Restaurant,Local,Terproses,
04 Jun 2024,PT Autogrill Services Indonesia,Wolf Gang Puck,Rp,"635,000.","69,850.","704,850.",Restaurant,Local,Menunggu diproses,
09 Dec 2024,PT Autogrill Services Indonesia,Wolf Gang Puck,Rp,"139,650,000.","15,361,500.","155,011,500.",Restaurant,Local,Terproses,
31 May 2024,PT Caterison Sukses,Hilton Bali,Rp,"501,306,200.","55,000,000.","555,000,000.",Hotel,Local,Terproses,
18 Mar 2025,PT Caterison Sukses,Hilton Bali,Rp,"12,000,000.","1,320,000.","13,320,000.",Hotel,Local,Terproses,
25 Mar 2025,PT Caterison Sukses,Hilton Bali,Rp,"158,935,000.","17,482,850.","176,417,850.",Hotel,Local,Terproses,
09 Aug 2024,PT MDA ABS TAMORA,Age Butcher Bali,Rp,"137,910,000.","15,170,100.","153,080,100.",Restaurant,Local,Terproses,
11 Mar 2025,PT Vatos Tamora Indonesia,Agave & Azul,Rp,"63,780,000.","7,015,800.","70,795,800.",Restaurant,Local,Terproses,
22 Jan 2024,Pablo Long Time Asian Restaurant,Pablo Long Time,Rp,"134,450,000.","14,789,500.","149,239,500.",Restaurant,Local,Terproses,
20 Mar 2024,Pablo Long Time Asian Restaurant,Pablo Long Time,Rp,"4,200,000.","462,000.","4,662,000.",Restaurant,Local,Terproses,
18 Apr 2024,Pablo Long Time Asian Restaurant,Pablo Long Time,Rp,"5,600,000.","616,000.","6,216,000.",Restaurant,Local,Terproses,
06 Jun 2024,Pablo Long Time Asian Restaurant,Pablo Long Time,Rp,"9,750,000.","1,072,500.","10,822,500.",Restaurant,Local,Terproses,
03 Sep 2024,Pablo Long Time Asian Restaurant,Pablo Long Time,Rp,"2,520,000.","277,200.","2,797,200.",Restaurant,Local,Terproses,
02 Oct 2024,Pacific Resorts Buana Indonesia,St Regis Bali,Rp,"1,545,000.","169,950.","1,714,950.",Hotel,Local,Menunggu diproses,
19 Dec 2024,Pacific Resorts Buana Indonesia,St Regis Bali,Rp,"70,000,000.","7,700,000.","77,700,000.",Hotel,Local,Terproses,
18 Nov 2024,Pahdi Alam Sejahtera,Pahdi,Rp,"230,499,750.","25,354,972.","255,854,722.",Restaurant,Local,Terproses,
31 Jan 2025,Pak Dio,Dio,Rp,"28,242,000.","3,106,620.","31,348,620.",Personal,Local,Terproses,
13 Jan 2025,"Palembang Boga Utama, CV",Palembang Boga Utama,Rp,"10,070,000.","1,107,700.","11,177,700.",Restaurant,Umum,Terproses,
30 Jan 2025,"Palembang Boga Utama, CV",Palembang Boga Utama,Rp,"26,622,000.","2,928,420.","29,550,420.",Restaurant,Umum,Terproses,
28 Feb 2025,Paola Buendia,Paola Buendia,Rp,"4,320,000.","475,200.","4,795,200.",Personal,Local,Terproses,
13 Jan 2025,"Pasar Tani Indoguna, CV",Pasar Tani Indoguna,Rp,"10,070,000.","1,107,700.","11,177,700.",Umum,Umum,Terproses,
13 Jan 2025,"Pasar Tani Indoguna, CV",Pasar Tani Indoguna,Rp,"10,070,000.","1,107,700.","11,177,700.",Umum,Umum,Terproses,
30 Jan 2025,"Pasar Tani Indoguna, CV",Pasar Tani Indoguna,Rp,"13,230,000.","1,455,300.","14,685,300.",Umum,Umum,Terproses,
30 Jan 2025,"Pasar Tani Indoguna, CV",Pasar Tani Indoguna,Rp,"13,230,000.","1,455,300.","14,685,300.",Umum,Umum,Terproses,
01 Jan 2024,Patina Maldives Fari Islands,Patina Maldives,$,"5,514.",0.,"5,514.",Hotel,Export,Terproses,
01 Jan 2024,Patina Maldives Fari Islands,Patina Maldives,$,"5,785.",0.,"5,785.",Hotel,Export,Terproses,
01 Jan 2024,Patina Maldives Fari Islands,Patina Maldives,$,"3,792.",0.,"3,792.",Hotel,Export,Terproses,
01 Jan 2024,Patina Maldives Fari Islands,Patina Maldives,$,"9,805.",0.,"9,805.",Hotel,Export,Sebagian diproses,
01 Jan 2024,Patina Maldives Fari Islands,Patina Maldives,$,"4,314.",0.,"4,314.",Hotel,Export,Sebagian diproses,
01 Jan 2024,Patina Maldives Fari Islands,Patina Maldives,$,"3,672.",0.,"3,672.",Hotel,Export,Terproses,
29 Mar 2024,Patina Maldives Fari Islands,Patina Maldives,$,"3,000.",0.,"3,000.",Hotel,Export,Terproses,
17 Apr 2024,Patina Maldives Fari Islands,Patina Maldives,$,900.,0.,900.,Hotel,Export,Terproses,
03 Dec 2024,Paul McAllister,Paul McAllister,$,205.2,0.,205.2,Personal,Export,Terproses,
06 Aug 2024,Permadani Khatulistiwa Nusantara,St Regis Hotel Jakarta,Rp,"383,891,060.","38,043,258.","383,891,060.",Hotel,Local,Terproses,
23 May 2024,Prapat Agung Permai,Menjangan Dynasty Resort,Rp,"5,760,000.","633,600.","6,393,600.",Hotel,Local,Terproses,
12 Sep 2024,Prapat Agung Permai,Menjangan Dynasty Resort,Rp,"87,150,000.","9,586,500.","96,736,500.",Hotel,Local,Terproses,
13 Mar 2024,Pribadi Boga Utama,Buzo Restaurant/Salazon,Rp,"43,740,000.","4,811,400.","48,551,400.",Restaurant,Local,Sebagian diproses,
10 Jun 2024,Pribadi Boga Utama,Buzo Restaurant/Salazon,Rp,"5,700,000.","627,000.","6,327,000.",Restaurant,Local,Menunggu diproses,
09 Sep 2024,Pribadi Boga Utama,Buzo Restaurant/Salazon,Rp,"14,880,000.","1,636,800.","16,516,800.",Restaurant,Local,Terproses,
18 Nov 2024,Pribadi Boga Utama,Buzo Restaurant/Salazon,Rp,"6,240,000.","686,400.","6,926,400.",Restaurant,Local,Terproses,
14 Jan 2025,"Prima Adhitama International Development, PT",Ayana Midplaza Jakarta,Rp,"7,908,911.","770,000.","8,678,911.",Hotel,Local,Sebagian diproses,
28 May 2024,Prima Fenomena Jaya,Prima Fenomena Jaya,Rp,"3,800,000.","418,000.","4,218,000.",Restaurant,Local,Terproses,
26 Jun 2024,Prima Fenomena Jaya,Prima Fenomena Jaya,Rp,"26,560,000.","2,921,600.","29,481,600.",Restaurant,Local,Terproses,
23 May 2024,Prima Ismaya Sejahtera,Ismaya,Rp,"6,120,000.","673,200.","6,793,200.",Restaurant,Local,Terproses,
02 Aug 2024,Prima Ismaya Sejahtera,Ismaya,Rp,"17,880,000.","1,966,800.","19,846,800.",Restaurant,Local,Terproses,
04 Mar 2024,RADHAT AL JABAL LLC (Hotel Indigo Jabal Akhdar Resort & Spa),Indigo Oman,$,"43,392.5",0.,"43,392.5",Hotel,Export,Terproses,
19 Feb 2025,"RPB Investment Co., Ltd.",Six Sense Krabey Island Cambodia,$,"4,561.",0.,"4,561.",Export,Export,Terproses,
19 Aug 2024,Rayjin Ubud,Rayjin Ubud,Rp,"18,760,000.","2,063,600.","20,823,600.",Restaurant,Local,Terproses,
03 Jun 2024,Reef Hospitality Solutions and Trading Company,Sindalah,$,"122,494.7",0.,"122,494.7",Hotel,Export,Sebagian diproses,
04 Jun 2024,Reef Hospitality Solutions and Trading Company,Sindalah,$,"232,534.46",0.,"232,534.46",Hotel,Export,Sebagian diproses,
11 Jan 2024,Renarte General Trading LLC,Renarte,$,"1,872.",0.,"1,872.",Agent,Export,Menunggu diproses,
18 Jan 2024,Renarte General Trading LLC,Renarte,$,508.8,0.,508.8,Agent,Export,Terproses,
17 Dec 2024,Renarte General Trading LLC,Renarte,$,984.,0.,984.,Agent,Export,Terproses,
11 Dec 2024,Revolver Cinta kopi,Revolver,Rp,"20,220,000.","2,224,200.","22,444,200.",Restaurant,Local,Terproses,
23 May 2024,Riviera Bistro,Riviera Pererenan / CLANDESTINO FOOD GROUP,Rp,"116,166,000.","12,778,260.","128,944,260.",Restaurant,Local,Terproses,
23 Jul 2024,Riviera Bistro,Riviera Pererenan / CLANDESTINO FOOD GROUP,Rp,"1,200,000.","132,000.","1,332,000.",Restaurant,Local,Terproses,
25 Jul 2024,Riviera Bistro,Riviera Pererenan / CLANDESTINO FOOD GROUP,Rp,"5,670,000.","623,700.","6,293,700.",Restaurant,Local,Terproses,
21 Aug 2024,Riviera Bistro,Riviera Pererenan / CLANDESTINO FOOD GROUP,Rp,"18,500,000.","2,035,000.","20,535,000.",Restaurant,Local,Terproses,
14 Nov 2024,Riviera Bistro,Riviera Pererenan / CLANDESTINO FOOD GROUP,Rp,"1,680,000.","184,800.","1,864,800.",Restaurant,Local,Terproses,
21 Jan 2025,Riviera Bistro,Riviera Pererenan / CLANDESTINO FOOD GROUP,Rp,"12,610,000.","1,387,100.","13,997,100.",Restaurant,Local,Terproses,
24 Jan 2025,Riviera Bistro,Riviera Pererenan / CLANDESTINO FOOD GROUP,Rp,"6,060,000.","666,600.","6,726,600.",Restaurant,Local,Terproses,
12 Aug 2024,Rosewood Hotel Doha,Royal Hospitality Co W.L.L,$,"9,425.",0.,"9,425.",Hotel,Export,Terproses,
05 Mar 2025,Rosewood Hotel Doha,Royal Hospitality Co W.L.L,$,187.15,0.,187.15,Hotel,Export,Terproses,
17 Dec 2024,"SSP Taurus Gemilang Indonesia, PT",Revolver Inter/Domestik,Rp,"9,000,000.","990,000.","9,990,000.",Restaurant,Umum,Terproses,
17 Dec 2024,"SSP Taurus Gemilang Indonesia, PT",Revolver Inter/Domestik,Rp,"12,000,000.","1,320,000.","13,320,000.",Restaurant,Umum,Terproses,
12 Dec 2024,Samabe Luxury Resort,Samabe Luxury Resort,Rp,"15,840,000.","1,742,400.","17,582,400.",Hotel,Local,Terproses,
16 May 2024,Samanvaya,Zen Happy,Rp,"49,350,000.","5,428,500.","54,778,500.",Hotel,Local,Terproses,
08 Jul 2024,Samanvaya,Zen Happy,Rp,"3,225,000.","354,750.","3,579,750.",Hotel,Local,Terproses,
28 Aug 2024,Samanvaya,Zen Happy,Rp,"3,840,000.","422,400.","4,262,400.",Hotel,Local,Terproses,
07 Feb 2025,Samanvaya,Zen Happy,Rp,"22,205,000.","2,442,550.","24,647,550.",Hotel,Local,Terproses,
30 May 2024,Santanera,Santanera,Rp,"22,080,000.","2,428,800.","24,508,800.",Restaurant,Local,Terproses,
10 Sep 2024,Sardine,Kclub Sardine Bali,Rp,"15,870,000.","1,745,700.","17,615,700.",Restaurant,Local,Terproses,
25 Mar 2024,Sejahtera Indoco,Nusa Dua Beach,Rp,"5,040,000.","554,400.","5,594,400.",Hotel,Local,Terproses,
23 Aug 2024,Sejahtera Indoco,Nusa Dua Beach,Rp,"43,350,000.","4,768,500.","48,118,500.",Hotel,Local,Terproses,
19 Sep 2024,Sejahtera Indoco,Nusa Dua Beach,Rp,"16,200,000.","1,782,000.","17,982,000.",Hotel,Local,Terproses,
09 Dec 2024,Selera Dapur Sedap,Jin Joo,Rp,"16,680,000.","1,834,800.","18,514,800.",Restaurant,Local,Terproses,
08 Jan 2024,Seniman Industries,Seniman Caffe,Rp,"3,200,000.","352,000.","3,552,000.",Hotel,Local,Terproses,
06 May 2024,Seniman Industries,Seniman Caffe,Rp,"3,840,000.","422,400.","4,262,400.",Hotel,Local,Terproses,
25 Oct 2024,Seniman Industries,Seniman Caffe,Rp,"15,200,000.","1,672,000.","16,872,000.",Hotel,Local,Terproses,
28 May 2024,Sequitur Resorts Pty Limited (Six Senses Fiji),Six Senses Fiji,$,"1,467.",0.,"1,467.",Hotel,Export,Terproses,
16 Jan 2024,Sharon Frances,Sharon Frances,Rp,"15,440,000.","1,698,400.","17,138,400.",Personal,Local,Terproses,
03 Jan 2024,Shelter Indonesia Group,Shelter Seminyak,Rp,"15,000,000.","1,650,000.","16,650,000.",Restaurant,Local,Terproses,
26 Mar 2024,Shelter Indonesia Group,Shelter Seminyak,Rp,"3,300,000.","363,000.","3,663,000.",Restaurant,Local,Menunggu diproses,
26 Mar 2024,Shelter Indonesia Group,Shelter Pererenan,Rp,"14,150,000.","1,556,500.","15,706,500.",Restaurant,Local,Terproses,
26 Mar 2024,Shelter Indonesia Group,Shelter Canggu,Rp,"178,058,500.","19,586,435.","197,644,935.",Restaurant,Local,Terproses,
12 Aug 2024,Shelter Indonesia Group,Shelter Seminyak,Rp,"3,500,000.","385,000.","3,885,000.",Restaurant,Local,Terproses,
12 Aug 2024,Shelter Indonesia Group,Shelter Pererenan,Rp,"15,840,000.","1,742,400.","17,582,400.",Restaurant,Local,Terproses,
18 Dec 2024,Shelter Indonesia Group,Shelter Pererenan,Rp,"7,500,000.","825,000.","8,325,000.",Restaurant,Local,Terproses,
17 Mar 2025,Shelter Indonesia Group,Shelter Pererenan,Rp,"17,800,000.","1,958,000.","19,758,000.",Restaurant,Local,Terproses,
31 Jan 2024,Sheraton Melbourne Hotel,Sheraton,$,780.,0.,780.,Hotel,Export,Sebagian diproses,
19 Sep 2024,Silolona Pinisi Eksplorer,Silolona,Rp,"100,560,000.","11,061,600.","111,621,600.",Hotel,Local,Terproses,
03 Jul 2024,Simon & Son's,Simon & Son's,Rp,"170,485,000.","18,753,350.","189,238,350.",Restaurant,Local,Terproses,
28 Jan 2025,Six Senses Con Dao,Six Senses Con Dao,$,"5,261.",0.,"5,261.",Hotel,Export,Terproses,
27 Feb 2025,Smeeta - Chef Jolly,Chef Jolly,$,"3,257.",0.,"3,257.",Restaurant,Export,Terproses,
30 Jan 2025,Solana Retreat Ubud,Bali Wellness Retreat,Rp,"27,700,000.","3,047,000.","30,747,000.",Hotel,Local,Terproses,
05 Apr 2024,Sonia,Sonia,$,"3,091.42",0.,"3,091.42",Personal,Export,Menunggu diproses,
28 Mar 2024,Southern Dunes Operations & Maintenance Co.,Six Sense Dunes/The Parker Company,$,"2,355.6",0.,"2,355.6",Hotel,Export,Terproses,
26 Jun 2024,Southern Dunes Operations & Maintenance Co.,Six Sense Dunes/The Parker Company,$,412.5,0.,412.5,Hotel,Export,Terproses,
23 May 2024,Spirit Real-Estate Development Company,Grand Hyatt Kuwait,$,"11,400.",0.,"11,400.",Hotel,Export,Terproses,
21 Mar 2024,Success Venture Hotel Investment,Pan Pacific Hotel,Rp,"822,825,500.","90,510,802.","913,336,277.",Hotel,Local,Terproses,
17 Jun 2024,Success Venture Hotel Investment,Pan Pacific Hotel,Rp,"6,379,000.","536,690.","6,915,690.",Hotel,Local,Terproses,
20 Feb 2024,Success Venture Hotel Investments,Fieldwork/Pan Pacific,Rp,"2,765,000.","194,150.","2,959,150.",Hotel,Local,Terproses,
17 Feb 2024,Sungguh Sangat Nikmat,Bodass Dessert Bar,Rp,"40,440,000.","4,448,400.","44,888,400.",Restaurant,Local,Terproses,
13 Jan 2025,"Surabaya Boga, CV",Surabaya Boga,Rp,"10,070,000.","1,107,700.","11,177,700.",Restaurant,Umum,Terproses,
30 Jan 2025,"Surabaya Boga, CV",Surabaya Boga,Rp,"12,312,000.","1,354,320.","13,666,320.",Restaurant,Umum,Terproses,
21 Mar 2025,Surasang PIK,Surasang,Rp,"41,495,000.","4,564,450.","46,059,450.",Local,Local,Terproses,
15 Apr 2024,Sutera Bali,Mamasan,Rp,"22,800,000.","2,508,000.","25,308,000.",Restaurant,Local,Terproses,
30 Apr 2024,Sutera Bali,Mamasan,Rp,"7,740,000.","851,400.","8,591,400.",Restaurant,Local,Terproses,
09 May 2024,Sutera Bali,Mamasan,Rp,"6,360,000.","699,600.","7,059,600.",Restaurant,Local,Terproses,
08 Oct 2024,Sutera Bali,Mamasan,Rp,"16,500,000.","1,815,000.","18,315,000.",Restaurant,Local,Terproses,
11 Mar 2025,Sutera Bali,Mamasan,Rp,"3,120,000.","343,200.","3,463,200.",Restaurant,Local,Terproses,
26 Dec 2024,Tabula Rasa,Swe Development Lombok,Rp,"4,600,000.","506,000.","5,106,000.",Hotel,Local,Menunggu diproses,
21 Feb 2025,Tabula Rasa,Swe Development Lombok,Rp,"90,960,000.","10,005,600.","100,965,600.",Hotel,Local,Terproses,
10 Jul 2024,Tanadewa Resort & Spa Ubud,Tanadewa Resort & Spa Ubud,Rp,"38,520,000.","4,237,200.","42,757,200.",Hotel,Local,Terproses,
27 Feb 2025,Tanadewa Resort & Spa Ubud,Tanadewa Resort & Spa Ubud,Rp,"38,520,000.","4,237,200.","42,757,200.",Hotel,Local,Terproses,
17 Dec 2024,Tanjung Benoa Indonesia,Holiday in Benoa,Rp,"1,125,000.","123,750.","1,248,750.",Hotel,Local,Terproses,
17 Dec 2024,Tanjung Benoa Indonesia,Holiday in Benoa,Rp,"41,940,000.","4,613,400.","46,553,400.",Hotel,Local,Terproses,
17 Dec 2024,Tanjung Benoa Indonesia,Holiday in Benoa,Rp,"27,020,000.","2,972,200.","29,992,200.",Hotel,Local,Terproses,
21 Mar 2025,Tanjung Benoa Indonesia,Holiday in Benoa,Rp,"9,360,000.","1,029,600.","10,389,600.",Hotel,Local,Terproses,
04 Jun 2024,Taurus Gemilang,Revolver Taurus,Rp,"47,110,000.","5,182,100.","52,292,100.",Restaurant,Local,Terproses,
30 Sep 2024,Taurus Gemilang,Revolver Taurus,Rp,"355,000.","39,050.","394,050.",Restaurant,Local,Menunggu diproses,
29 Jul 2024,Tejaprana Spa & Resort,Taman Ayung,Rp,"15,300,000.","1,683,000.","16,983,000.",Hotel,Local,Terproses,
29 Jul 2024,Tejaprana Spa & Resort,Taman Ayung,Rp,"21,450,000.","2,359,500.","23,809,500.",Hotel,Local,Terproses,
29 Jul 2024,Tejaprana Spa & Resort,Taman Ayung,Rp,"63,400,000.","6,974,000.","70,374,000.",Hotel,Local,Terproses,
16 May 2024,Telaga Cita Rasa,Nam Heong,Rp,"19,440,000.","2,138,400.","21,578,400.",Personal,Local,Terproses,
06 Nov 2024,The Asa Maia,Asa Maia,Rp,"7,000,000.","770,000.","7,770,000.",Hotel,Local,Terproses,
06 Nov 2024,The Asa Maia,Asa Maia,Rp,"8,666,000.","953,260.","9,619,260.",Hotel,Local,Terproses,
08 May 2024,The Damai Hotel,Normann Indonesia,Rp,"53,050,000.","5,835,500.","58,885,500.",Hotel,Local,Terproses,
12 Sep 2024,The Damai Hotel,Normann Indonesia,Rp,"35,620,000.","3,918,200.","39,538,200.",Hotel,Local,Terproses,
10 May 2024,The Lemon Tree Curacao,The Lemon Tree Curacao,Rp,"691,362,500.","68,513,400.","691,362,500.",Hotel,Local,Terproses,
23 Jan 2024,The Lombok Lodge,Lombok Lodge,Rp,"61,000,000.","6,710,000.","67,710,000.",Hotel,Local,Terproses,
25 Nov 2024,The Oberoi Beach Resort Bali,Oberoi Beach,Rp,"115,325,000.","12,685,750.","128,010,750.",Hotel,Local,Terproses,
23 May 2024,The Ritz Carlton Bahrain,The Ritz Carlton Bahrain,$,"13,950.",0.,"15,250.",Hotel,Export,Terproses,
06 Jun 2024,The Royal Purnama,The Royal Purnama,Rp,"21,480,000.","2,362,800.","23,842,800.",Hotel,Local,Terproses,
17 Feb 2024,The Sanubari Hotel,MDA ABS Kuningan,Rp,"6,750,000.","742,500.","7,492,500.",Hotel,Local,Sebagian diproses,
08 Aug 2024,The Sanubari Hotel,MDA ABS Kuningan,Rp,"28,200,000.","3,102,000.","31,302,000.",Hotel,Local,Terproses,
10 Feb 2025,The Sanubari Hotel,MDA ABS Kuningan,Rp,"98,562,500.","10,841,875.","109,404,375.",Hotel,Local,Terproses,
05 Apr 2024,Ulekan Berawa,Ni Wayan Jonti,Rp,"10,980,000.","1,207,800.","12,187,800.",Restaurant,Local,Terproses,
19 Mar 2025,Ulu Garden,Merta Surya Buana,Rp,"131,660,000.","13,758,470.","138,835,470.",Restaurant,Local,Terproses,
11 Nov 2024,Ungasan Semesta Resort,QQ Siti Agung Makmur (LXR),Rp,"37,409,250.","4,115,017.","41,524,267.",Hotel,Local,Terproses,
24 Dec 2024,Ungasan Semesta Resort,QQ Siti Agung Makmur (LXR),Rp,"17,052,000.","1,875,720.","18,927,720.",Hotel,Local,Terproses,
16 Sep 2024,Usaha Liburan Uluwatu,Mana Uluwatu Restaurant,Rp,"52,725,000.","5,799,750.","58,524,750.",Restaurant,Local,Terproses,
19 Jul 2024,Usaha Pogu Boga,Soichiro,Rp,"14,880,000.","1,636,800.","16,516,800.",Restaurant,Local,Terproses,
10 Jan 2024,Vista Padang Asri,Suarga Resort,Rp,"2,250,000.","247,500.","2,497,500.",Hotel,Local,Terproses,
20 May 2024,Vista Padang Asri,Suarga Resort,Rp,"9,250,000.","1,017,500.","10,267,500.",Hotel,Local,Terproses,
03 Feb 2025,Vista Padang Asri,Suarga Resort,Rp,"4,200,000.","462,000.","4,662,000.",Hotel,Local,Terproses,
03 Feb 2025,Vista Padang Asri,Suarga Resort,Rp,"2,040,000.","224,400.","2,264,400.",Hotel,Local,Terproses,
20 Dec 2024,W Hotel Maldives,W Hotel Maldives,$,"11,732.5",0.,"11,732.5",Hotel,Export,Terproses,
04 Mar 2024,Wahana Duta Jaya Rucika,Ibu Ming/Elaine,Rp,"34,420,000.","3,786,200.","38,206,200.",Personal,Local,Terproses,
03 May 2024,Wakatobi Resort,Wakatobi,Rp,"1,440,000.","158,400.","1,598,400.",Hotel,Local,Terproses,
16 May 2024,Wakatobi Resort,Wakatobi,Rp,"5,550,000.","610,500.","6,160,500.",Hotel,Local,Menunggu diproses,
01 Mar 2024,Waldorf Astoria Maldives Ithaa Fushi,Waldorf Astoria,$,"1,410.",0.,"1,410.",Hotel,Export,Terproses,
27 Mar 2024,Waldorf Astoria Maldives Ithaa Fushi,Waldorf Astoria,$,"2,496.",0.,"2,496.",Hotel,Export,Terproses,
18 Apr 2024,Waldorf Astoria Maldives Ithaa Fushi,Waldorf Astoria,$,"3,240.",0.,"3,240.",Hotel,Export,Terproses,
26 Apr 2024,Waldorf Astoria Maldives Ithaa Fushi,Waldorf Astoria,$,"15,512.",0.,"15,512.",Hotel,Export,Terproses,
20 Dec 2024,Waldorf Astoria Maldives Ithaa Fushi,Waldorf Astoria,$,"16,602.21",0.,"16,602.21",Hotel,Export,Terproses,
26 Feb 2024,Wana Kamala Gemilang,Omma Bali,Rp,"118,512,500.","13,036,375.","131,548,875.",Restaurant,Local,Terproses,
27 Mar 2024,Wynncor Bali,Andaz Bali,Rp,"21,750,000.","2,392,500.","24,142,500.",Hotel,Local,Sebagian diproses,
21 Jun 2024,Wynncor Bali,Andaz Bali,Rp,"10,000,000.","1,100,000.","11,100,000.",Hotel,Local,Terproses,
18 Jul 2024,Wynncor Bali,Andaz Bali,Rp,"17,350,000.","1,908,500.","19,258,500.",Hotel,Local,Terproses,
21 Feb 2025,Wynncor Bali,Andaz Bali,Rp,"3,300,000.","363,000.","3,663,000.",Hotel,Local,Terproses,
21 Feb 2025,Wynncor Bali,Andaz Bali,Rp,"26,200,000.","2,882,000.","29,082,000.",Hotel,Local,Terproses,
17 May 2024,Yawara Boga Indonesia,Yawara,Rp,"271,590,000.","29,874,900.","301,464,900.",Restaurant,Local,Terproses,
04 Sep 2024,Zi Biru,Zi Biru,Rp,"33,050,500.","3,635,555.","36,686,055.",Restaurant,Local,Terproses,
31 Dec 2024,Zi Biru,Zi Biru,Rp,"6,500,000.","715,000.","7,215,000.",Restaurant,Local,Terproses,
,,,,,,,,,,
